2026-08-18 15:58:53:INFO: [INFO] Training with: device=cuda:0, seed=233, rank=0
2026-08-18 15:58:53:INFO: [INFO] Using local motion file: /workspace/gr3mini_tracking/motions/90_06_stageii.npz
2026-08-18 15:58:53:INFO: [INFO] Logging experiment in directory: /workspace/gr3mini_tracking/logs/rsl_rl/gr3mini_teacher_90_06_stageii/2026-08-18_15-58-42_teacher_8gpu_4096env_90_06_stageii
2026-08-18 15:58:53:INFO: Setting seed: 233
2026-08-18 15:58:57:INFO: Warp 1.16.0 initialized:
2026-08-18 15:58:57:INFO:    CUDA Toolkit 12.9, Driver 12.9
2026-08-18 15:58:57:INFO:    Devices:
2026-08-18 15:58:57:INFO:      "cpu"      : "x86_64"
2026-08-18 15:58:57:INFO:      "cuda:0"   : "NVIDIA H100 80GB HBM3" (79 GiB, sm_90, mempool enabled)
2026-08-18 15:58:57:INFO:      "cuda:1"   : "NVIDIA H100 80GB HBM3" (79 GiB, sm_90, mempool enabled)
2026-08-18 15:58:57:INFO:      "cuda:2"   : "NVIDIA H100 80GB HBM3" (79 GiB, sm_90, mempool enabled)
2026-08-18 15:58:57:INFO:      "cuda:3"   : "NVIDIA H100 80GB HBM3" (79 GiB, sm_90, mempool enabled)
2026-08-18 15:58:57:INFO:      "cuda:4"   : "NVIDIA H100 80GB HBM3" (79 GiB, sm_90, mempool enabled)
2026-08-18 15:58:57:INFO:      "cuda:5"   : "NVIDIA H100 80GB HBM3" (79 GiB, sm_90, mempool enabled)
2026-08-18 15:58:57:INFO:      "cuda:6"   : "NVIDIA H100 80GB HBM3" (79 GiB, sm_90, mempool enabled)
2026-08-18 15:58:57:INFO:      "cuda:7"   : "NVIDIA H100 80GB HBM3" (79 GiB, sm_90, mempool enabled)
2026-08-18 15:58:57:INFO:    CUDA peer access:
2026-08-18 15:58:57:INFO:      Supported fully (all-directional)
2026-08-18 15:58:57:INFO:    Kernel cache:
2026-08-18 15:58:57:INFO:      /root/.cache/warp/1.16.0
2026-08-18 15:59:06:INFO: Module mujoco_warp._src.smooth c4020f1 load on device 'cuda:0' took 6969.23 ms  (compiled)
2026-08-18 15:59:06:INFO: Module _nxn_broadphase__locals__kernel_af72a12e af72a12 load on device 'cuda:0' took 340.15 ms  (compiled)
2026-08-18 15:59:23:INFO: Module ccd_kernel_builder__locals__ccd_kernel_1ed557d3 1ed557d load on device 'cuda:0' took 17056.97 ms  (compiled)
2026-08-18 15:59:42:INFO: Module ccd_kernel_builder__locals__ccd_kernel_1ed557d3 1f1c617 load on device 'cuda:0' took 18491.29 ms  (compiled)
2026-08-18 15:59:45:INFO: Module _primitive_narrowphase__locals__primitive_narrowphase_f074866b f074866 load on device 'cuda:0' took 2900.23 ms  (compiled)
2026-08-18 15:59:45:INFO: Module mujoco_warp._src.constraint 36c8060 load on device 'cuda:0' took 80.07 ms  (compiled)
2026-08-18 15:59:45:INFO: Module _friction_dof__locals__kernel_f2a43f82 f2a43f8 load on device 'cuda:0' took 199.25 ms  (compiled)
2026-08-18 15:59:45:INFO: Module _limit_slide_hinge__locals__kernel_db2fd87c db2fd87 load on device 'cuda:0' took 217.43 ms  (compiled)
2026-08-18 15:59:45:INFO: Module _efc_contact_init__locals__kernel_95598c78 95598c7 load on device 'cuda:0' took 130.71 ms  (compiled)
2026-08-18 15:59:46:INFO: Module _efc_contact_jac_dense__locals__kernel_5df4708f 78a94ac load on device 'cuda:0' took 608.05 ms  (compiled)
2026-08-18 15:59:46:INFO: Module _efc_contact_update__locals__kernel_d8fb6a36 d8fb6a3 load on device 'cuda:0' took 203.66 ms  (compiled)
2026-08-18 15:59:48:INFO: Module mujoco_warp._src.forward bfd9fb5 load on device 'cuda:0' took 1331.31 ms  (compiled)
2026-08-18 15:59:50:INFO: Module mujoco_warp._src.passive d8c18c6 load on device 'cuda:0' took 2242.54 ms  (compiled)
2026-08-18 15:59:55:INFO: Module mujoco_warp._src.sensor de892d8 load on device 'cuda:0' took 4706.07 ms  (compiled)
2026-08-18 15:59:56:INFO: Module mujoco_warp._src.forward b068ad6 load on device 'cuda:0' took 1313.16 ms  (compiled)
2026-08-18 15:59:56:INFO: Module _qfrc_smooth__locals__kernel_4658f88b 4658f88 load on device 'cuda:0' took 75.91 ms  (compiled)
2026-08-18 15:59:56:INFO: Module mujoco_warp._src.support ca784c5 load on device 'cuda:0' took 249.40 ms  (compiled)
2026-08-18 16:00:00:INFO: Module _tile_cholesky_factorize_solve_block__locals__kernel_8b474c29 8c94b26 load on device 'cuda:0' took 3938.63 ms  (compiled)
2026-08-18 16:00:00:INFO: Module _solve_init_dof__locals__kernel_6cf817af 6cf817a load on device 'cuda:0' took 42.78 ms  (compiled)
2026-08-18 16:00:02:INFO: Module mujoco_warp._src.solver 3a105a0 load on device 'cuda:0' took 1792.57 ms  (compiled)
2026-08-18 16:00:02:INFO: Module _solve_init_jaref_kernel__locals__kernel_010a4da8 010a4da load on device 'cuda:0' took 141.72 ms  (compiled)
2026-08-18 16:00:02:INFO: Module mul_m_kernel__locals___mul_m_4f80c25f 4f80c25 load on device 'cuda:0' took 133.56 ms  (compiled)
2026-08-18 16:00:02:INFO: Module _update_constraint_efc__locals__kernel_2874152a 2874152 load on device 'cuda:0' took 160.97 ms  (compiled)
2026-08-18 16:00:03:INFO: Module _update_constraint_init_qfrc_constraint_dense__locals__kernel_96700b92 96700b9 load on device 'cuda:0' took 97.60 ms  (compiled)
2026-08-18 16:00:03:INFO: Module _update_gradient_zero_grad_dot__locals__kernel_dc20e701 dc20e70 load on device 'cuda:0' took 81.25 ms  (compiled)
2026-08-18 16:00:03:INFO: Module _update_gradient_grad__locals__kernel_75e45f77 75e45f7 load on device 'cuda:0' took 94.25 ms  (compiled)
2026-08-18 16:00:04:INFO: Module _update_gradient_JTDAJ_dense_tiled__locals__kernel_e5f29ccd 7d60f5f load on device 'cuda:0' took 736.71 ms  (compiled)
2026-08-18 16:00:07:INFO: Module _update_gradient_cholesky__locals__kernel_ec98799f db279b9 load on device 'cuda:0' took 3405.11 ms  (compiled)
2026-08-18 16:00:08:INFO: Module _linesearch_iterative_kernel__locals__kernel_6ae9debc 6c9ca6d load on device 'cuda:0' took 654.36 ms  (compiled)
2026-08-18 16:00:08:INFO: Module _update_constraint_efc__locals__kernel_c5c7ee21 c5c7ee2 load on device 'cuda:0' took 55.53 ms  (cached)
2026-08-18 16:00:08:INFO: Module _update_constraint_init_qfrc_constraint_dense__locals__kernel_97f7aa4d 97f7aa4 load on device 'cuda:0' took 140.68 ms  (compiled)
2026-08-18 16:00:08:INFO: Module _update_gradient_zero_grad_dot__locals__kernel_c8324c35 c8324c3 load on device 'cuda:0' took 95.07 ms  (compiled)
2026-08-18 16:00:08:INFO: Module _update_gradient_grad__locals__kernel_5d6ef3e8 5d6ef3e load on device 'cuda:0' took 106.77 ms  (compiled)
2026-08-18 16:00:10:INFO: Module _update_gradient_cholesky__locals__kernel_8ec900f5 c8bd438 load on device 'cuda:0' took 1850.13 ms  (compiled)
2026-08-18 16:00:10:INFO: Module _contact_sort__locals__contact_sort_c7ec4c16 3b32e96 load on device 'cuda:0' took 114.06 ms  (compiled)
2026-08-18 16:00:10:INFO: Module _next_time_builder__locals___next_time_b0eef204 b0eef20 load on device 'cuda:0' took 118.47 ms  (compiled)
2026-08-18 16:00:10:INFO: Module reset_data__locals__reset_xfrc_applied_fb15556a fb15556 load on device 'cuda:0' took 94.58 ms  (compiled)
2026-08-18 16:00:10:INFO: Module reset_data__locals__reset_M_7fe3caab 7fe3caa load on device 'cuda:0' took 99.69 ms  (compiled)
2026-08-18 16:00:10:INFO: Module reset_data__locals__reset_mocap_72adcc80 72adcc8 load on device 'cuda:0' took 136.23 ms  (compiled)
2026-08-18 16:00:11:INFO: Module reset_data__locals__reset_contact_d045dbe7 d045dbe load on device 'cuda:0' took 97.69 ms  (compiled)
2026-08-18 16:00:11:INFO: Module reset_data__locals__reset_sleep_a443f67b a443f67 load on device 'cuda:0' took 119.40 ms  (compiled)
2026-08-18 16:00:11:INFO: Module reset_data__locals__reset_nworld_afd827a5 afd827a load on device 'cuda:0' took 198.48 ms  (compiled)
2026-08-18 16:00:11:INFO: 
2026-08-18 16:00:11:INFO: +---------------------------------+
2026-08-18 16:00:11:INFO: |         Base Environment        |
2026-08-18 16:00:11:INFO: +------------------------+--------+
2026-08-18 16:00:11:INFO: | Property               | Value  |
2026-08-18 16:00:11:INFO: +------------------------+--------+
2026-08-18 16:00:11:INFO: | Number of environments | 4096   |
2026-08-18 16:00:11:INFO: | Environment device     | cuda:0 |
2026-08-18 16:00:11:INFO: | Environment seed       | 233    |
2026-08-18 16:00:11:INFO: | Physics step-size      | 0.002  |
2026-08-18 16:00:11:INFO: | Environment step-size  | 0.02   |
2026-08-18 16:00:11:INFO: +------------------------+--------+
2026-08-18 16:00:11:INFO: 
2026-08-18 16:00:11:INFO: [INFO] <EventManager> contains 2 active terms.
2026-08-18 16:00:11:INFO: +----------------------------------------------+
2026-08-18 16:00:11:INFO: |    Active Event Terms in Mode: 'interval'    |
2026-08-18 16:00:11:INFO: +-------+------------+-------------------------+
2026-08-18 16:00:11:INFO: | Index | Name       | Interval time range (s) |
2026-08-18 16:00:11:INFO: +-------+------------+-------------------------+
2026-08-18 16:00:11:INFO: |   0   | push_robot |       (2.0, 10.0)       |
2026-08-18 16:00:11:INFO: +-------+------------+-------------------------+
2026-08-18 16:00:11:INFO: +---------------------------------------+
2026-08-18 16:00:11:INFO: | Active Event Terms in Mode: 'startup' |
2026-08-18 16:00:11:INFO: +----------+----------------------------+
2026-08-18 16:00:11:INFO: |  Index   | Name                       |
2026-08-18 16:00:11:INFO: +----------+----------------------------+
2026-08-18 16:00:11:INFO: |    0     | foot_friction              |
2026-08-18 16:00:11:INFO: |    1     | joint_friction             |
2026-08-18 16:00:11:INFO: |    2     | joint_armature             |
2026-08-18 16:00:11:INFO: |    3     | body_mass                  |
2026-08-18 16:00:11:INFO: |    4     | torso_mass                 |
2026-08-18 16:00:11:INFO: |    5     | torso_com                  |
2026-08-18 16:00:11:INFO: |    6     | pd_gains                   |
2026-08-18 16:00:11:INFO: +----------+----------------------------+
2026-08-18 16:00:11:INFO: +-----------------------------+
2026-08-18 16:00:11:INFO: | Domain Randomization Fields |
2026-08-18 16:00:11:INFO: +-------+---------------------+
2026-08-18 16:00:11:INFO: | Index | Field Name          |
2026-08-18 16:00:11:INFO: +-------+---------------------+
2026-08-18 16:00:11:INFO: |   0   | geom_friction       |
2026-08-18 16:00:11:INFO: |   1   | dof_frictionloss    |
2026-08-18 16:00:11:INFO: |   2   | dof_armature        |
2026-08-18 16:00:11:INFO: |   3   | dof_invweight0      |
2026-08-18 16:00:11:INFO: |   4   | body_invweight0     |
2026-08-18 16:00:11:INFO: |   5   | tendon_length0      |
2026-08-18 16:00:11:INFO: |   6   | tendon_invweight0   |
2026-08-18 16:00:11:INFO: |   7   | actuator_acc0       |
2026-08-18 16:00:11:INFO: |   8   | body_mass           |
2026-08-18 16:00:11:INFO: |   9   | body_subtreemass    |
2026-08-18 16:00:11:INFO: |   10  | body_ipos           |
2026-08-18 16:00:11:INFO: |   11  | actuator_gainprm    |
2026-08-18 16:00:11:INFO: |   12  | actuator_biasprm    |
2026-08-18 16:00:11:INFO: +-------+---------------------+
2026-08-18 16:00:11:INFO: 
2026-08-18 16:00:11:INFO: Module repeat_array_kernel_f3ffbc3f f56645b load on device 'cuda:0' took 68.78 ms  (compiled)
2026-08-18 16:00:11:INFO: Module repeat_array_kernel_f3ffbc3f 43f7a6f load on device 'cuda:0' took 99.74 ms  (compiled)
2026-08-18 16:00:11:INFO: Module repeat_array_kernel_f3ffbc3f a5b1dbd load on device 'cuda:0' took 116.24 ms  (compiled)
2026-08-18 16:00:12:INFO: Module repeat_array_kernel_f3ffbc3f 4a3be84 load on device 'cuda:0' took 138.89 ms  (compiled)
2026-08-18 16:00:12:INFO: [INFO] <CommandManager> contains 1 active terms.
2026-08-18 16:00:12:INFO: +-----------------------------------+
2026-08-18 16:00:12:INFO: |        Active Command Terms       |
2026-08-18 16:00:12:INFO: +-------+--------+------------------+
2026-08-18 16:00:12:INFO: | Index | Name   |       Type       |
2026-08-18 16:00:12:INFO: +-------+--------+------------------+
2026-08-18 16:00:12:INFO: |   0   | motion | Gr3MotionCommand |
2026-08-18 16:00:12:INFO: +-------+--------+------------------+
2026-08-18 16:00:12:INFO: 
2026-08-18 16:00:12:INFO: [INFO] <ActionManager> contains 1 active terms.
2026-08-18 16:00:12:INFO: +---------------------------------+
2026-08-18 16:00:12:INFO: | Active Action Terms (shape: 25) |
2026-08-18 16:00:12:INFO: +-------+-----------+-------------+
2026-08-18 16:00:12:INFO: | Index | Name      |   Dimension |
2026-08-18 16:00:12:INFO: +-------+-----------+-------------+
2026-08-18 16:00:12:INFO: |   0   | joint_pos |          25 |
2026-08-18 16:00:12:INFO: +-------+-----------+-------------+
2026-08-18 16:00:12:INFO: 
2026-08-18 16:00:12:INFO: [INFO] <ObservationManager> contains 2 groups.
2026-08-18 16:00:12:INFO: +------------------------------------------------------------+
2026-08-18 16:00:12:INFO: | Active Observation Terms in Group: 'actor' (shape: (686,)) |
2026-08-18 16:00:12:INFO: +--------+-----------------------+---------------------------+
2026-08-18 16:00:12:INFO: | Index  | Name                  |           Shape           |
2026-08-18 16:00:12:INFO: +--------+-----------------------+---------------------------+
2026-08-18 16:00:12:INFO: |   0    | state_history         |     (336,)  ← 6×(56,)     |
2026-08-18 16:00:12:INFO: |   1    | action_history        |     (150,)  ← 6×(25,)     |
2026-08-18 16:00:12:INFO: |   2    | future_reference      |           (200,)          |
2026-08-18 16:00:12:INFO: +--------+-----------------------+---------------------------+
2026-08-18 16:00:12:INFO: +--------------------------------------------------------------+
2026-08-18 16:00:12:INFO: | Active Observation Terms in Group: 'critic' (shape: (1489,)) |
2026-08-18 16:00:12:INFO: +--------+-----------------------------+-----------------------+
2026-08-18 16:00:12:INFO: | Index  | Name                        |         Shape         |
2026-08-18 16:00:12:INFO: +--------+-----------------------------+-----------------------+
2026-08-18 16:00:12:INFO: |   0    | actor_state_history         |   (336,)  ← 6×(56,)   |
2026-08-18 16:00:12:INFO: |   1    | actor_action_history        |   (150,)  ← 6×(25,)   |
2026-08-18 16:00:12:INFO: |   2    | actor_future_reference      |         (200,)        |
2026-08-18 16:00:12:INFO: |   3    | privileged_state            |         (398,)        |
2026-08-18 16:00:12:INFO: |   4    | tracking_error              |         (405,)        |
2026-08-18 16:00:12:INFO: +--------+-----------------------------+-----------------------+
2026-08-18 16:00:12:INFO: 
2026-08-18 16:00:12:INFO: [INFO] <TerminationManager> contains 6 active terms.
2026-08-18 16:00:12:INFO: +--------------------------------------------------+
2026-08-18 16:00:12:INFO: |             Active Termination Terms             |
2026-08-18 16:00:12:INFO: +-------+-------------------------------+----------+
2026-08-18 16:00:12:INFO: | Index | Name                          | Time Out |
2026-08-18 16:00:12:INFO: +-------+-------------------------------+----------+
2026-08-18 16:00:12:INFO: |   0   | time_out                      |   True   |
2026-08-18 16:00:12:INFO: |   1   | root_height                   |  False   |
2026-08-18 16:00:12:INFO: |   2   | shoulder_height               |  False   |
2026-08-18 16:00:12:INFO: |   3   | body_position                 |  False   |
2026-08-18 16:00:12:INFO: |   4   | torso_ground_contact_too_long |  False   |
2026-08-18 16:00:12:INFO: |   5   | invalid_state                 |  False   |
2026-08-18 16:00:12:INFO: +-------+-------------------------------+----------+
2026-08-18 16:00:12:INFO: 
2026-08-18 16:00:12:INFO: [INFO] <RewardManager> contains 21 active terms.
2026-08-18 16:00:12:INFO: +-------------------------------------------+
2026-08-18 16:00:12:INFO: |            Active Reward Terms            |
2026-08-18 16:00:12:INFO: +-------+--------------------------+--------+
2026-08-18 16:00:12:INFO: | Index | Name                     | Weight |
2026-08-18 16:00:12:INFO: +-------+--------------------------+--------+
2026-08-18 16:00:12:INFO: |   0   | body_local_pos           |    2.0 |
2026-08-18 16:00:12:INFO: |   1   | feet_pos_tracking        |    2.1 |
2026-08-18 16:00:12:INFO: |   2   | body_local_rot           |    0.5 |
2026-08-18 16:00:12:INFO: |   3   | body_global_linvel       |    1.0 |
2026-08-18 16:00:12:INFO: |   4   | body_global_angvel       |    1.0 |
2026-08-18 16:00:12:INFO: |   5   | torso_world_angvel       |    5.0 |
2026-08-18 16:00:12:INFO: |   6   | joint_pos_tracking       |   0.75 |
2026-08-18 16:00:12:INFO: |   7   | joint_vel_tracking       |   0.75 |
2026-08-18 16:00:12:INFO: |   8   | root_orientation         |    1.0 |
2026-08-18 16:00:12:INFO: |   9   | torso_world_orientation  |    5.0 |
2026-08-18 16:00:12:INFO: |   10  | torso_height_tracking    |    5.0 |
2026-08-18 16:00:12:INFO: |   11  | feet_height_tracking     |    2.0 |
2026-08-18 16:00:12:INFO: |   12  | residual_action_rate     |   -0.1 |
2026-08-18 16:00:12:INFO: |   13  | penalty_torque           | -1e-05 |
2026-08-18 16:00:12:INFO: |   14  | smoothness_joint         | -1e-06 |
2026-08-18 16:00:12:INFO: |   15  | feet_slip                |   -0.5 |
2026-08-18 16:00:12:INFO: |   16  | dof_pos_limit            |   -5.0 |
2026-08-18 16:00:12:INFO: |   17  | dof_vel_limit            |  -10.0 |
2026-08-18 16:00:12:INFO: |   18  | undesired_self_collision |  -10.0 |
2026-08-18 16:00:12:INFO: |   19  | undesired_ground_contact |  -10.0 |
2026-08-18 16:00:12:INFO: |   20  | termination              | -100.0 |
2026-08-18 16:00:12:INFO: +-------+--------------------------+--------+
2026-08-18 16:00:12:INFO: 
2026-08-18 16:00:12:INFO: [INFO] <NullCurriculumManager> (inactive)
2026-08-18 16:00:12:INFO: [INFO] <NullMetricsManager> (inactive)
2026-08-18 16:00:12:INFO: [INFO] <NullRecorderManager> (inactive)
2026-08-18 16:00:12:WARNING: py.warnings:/workspace/mjlab/src/mjlab/managers/event_manager.py:329: UserWarning: dr.body_mass only randomizes mass and leaves the inertia tensor unchanged. For a physically consistent density change, use dr.pseudo_inertia(alpha_range=...) instead, which scales both mass and inertia together. dr.body_mass is only appropriate when modelling a point mass added at the COM.
  term_cfg.func(self._env, env_ids, **term_cfg.params)

2026-08-18 16:00:14:INFO: Module mujoco_warp._src.io 466491b load on device 'cuda:0' took 1142.13 ms  (compiled)
2026-08-18 16:00:15:INFO: Module _tile_cholesky_factorize_block__locals__kernel_b6aea41c be3609c load on device 'cuda:0' took 1522.44 ms  (compiled)
2026-08-18 16:00:16:INFO: Module _tile_cholesky_solve_block__locals__kernel_4fcf28f3 c408557 load on device 'cuda:0' took 1055.68 ms  (compiled)
2026-08-18 16:00:18:INFO: --------------------------------------------------------------------------------
2026-08-18 16:00:18:INFO: Resolved observation sets:
2026-08-18 16:00:18:INFO: 	 actor :  ('actor',)
2026-08-18 16:00:18:INFO: 	 critic :  ('critic',)
2026-08-18 16:00:18:INFO: --------------------------------------------------------------------------------
2026-08-18 16:00:18:INFO: Actor Model: TanhMLPModel(
2026-08-18 16:00:18:INFO:   (obs_normalizer): Identity()
2026-08-18 16:00:18:INFO:   (distribution): TanhGaussianDistribution()
2026-08-18 16:00:18:INFO:   (mlp): MLP(
2026-08-18 16:00:18:INFO:     (0): Linear(in_features=686, out_features=512, bias=True)
2026-08-18 16:00:18:INFO:     (1): SiLU()
2026-08-18 16:00:18:INFO:     (2): Linear(in_features=512, out_features=512, bias=True)
2026-08-18 16:00:18:INFO:     (3): SiLU()
2026-08-18 16:00:18:INFO:     (4): Linear(in_features=512, out_features=256, bias=True)
2026-08-18 16:00:18:INFO:     (5): SiLU()
2026-08-18 16:00:18:INFO:     (6): Linear(in_features=256, out_features=256, bias=True)
2026-08-18 16:00:18:INFO:     (7): SiLU()
2026-08-18 16:00:18:INFO:     (8): Linear(in_features=256, out_features=128, bias=True)
2026-08-18 16:00:18:INFO:     (9): SiLU()
2026-08-18 16:00:18:INFO:     (10): Linear(in_features=128, out_features=50, bias=True)
2026-08-18 16:00:18:INFO:     (11): Unflatten(dim=-1, unflattened_size=[2, 25])
2026-08-18 16:00:18:INFO:   )
2026-08-18 16:00:18:INFO: )
2026-08-18 16:00:18:INFO: Critic Model: MLPModel(
2026-08-18 16:00:18:INFO:   (obs_normalizer): Identity()
2026-08-18 16:00:18:INFO:   (mlp): MLP(
2026-08-18 16:00:18:INFO:     (0): Linear(in_features=1489, out_features=512, bias=True)
2026-08-18 16:00:18:INFO:     (1): SiLU()
2026-08-18 16:00:18:INFO:     (2): Linear(in_features=512, out_features=512, bias=True)
2026-08-18 16:00:18:INFO:     (3): SiLU()
2026-08-18 16:00:18:INFO:     (4): Linear(in_features=512, out_features=256, bias=True)
2026-08-18 16:00:18:INFO:     (5): SiLU()
2026-08-18 16:00:18:INFO:     (6): Linear(in_features=256, out_features=256, bias=True)
2026-08-18 16:00:18:INFO:     (7): SiLU()
2026-08-18 16:00:18:INFO:     (8): Linear(in_features=256, out_features=128, bias=True)
2026-08-18 16:00:18:INFO:     (9): SiLU()
2026-08-18 16:00:18:INFO:     (10): Linear(in_features=128, out_features=1, bias=True)
2026-08-18 16:00:18:INFO:   )
2026-08-18 16:00:18:INFO: )
2026-08-18 16:00:18:INFO: Synchronizing parameters for rank 0...
2026-08-18 16:00:21:INFO: Could not find git repository in /opt/gr3mini-tracking-venv/lib/python3.12/site-packages/rsl_rl/__init__.py. Skipping.
2026-08-18 16:00:21:INFO: Storing git diff for 'mjlab' in: /workspace/gr3mini_tracking/logs/rsl_rl/gr3mini_teacher_90_06_stageii/2026-08-18_15-58-42_teacher_8gpu_4096env_90_06_stageii/git/mjlab.diff
2026-08-18 16:00:32:INFO: ################################################################################
2026-08-18 16:00:32:INFO: [1m                           Learning iteration 0/10000                           [0m
2026-08-18 16:00:32:INFO: 
2026-08-18 16:00:32:INFO:                                Run name: teacher_8gpu_4096env_90_06_stageii
2026-08-18 16:00:32:INFO:                             Total steps: 655360
2026-08-18 16:00:32:INFO:                        Steps per second: 65420
2026-08-18 16:00:32:INFO:                         Collection time: 6.751s
2026-08-18 16:00:32:INFO:                           Learning time: 3.266s
2026-08-18 16:00:32:INFO:                         Mean value loss: 0.8689
2026-08-18 16:00:32:INFO:                     Mean surrogate loss: -0.0081
2026-08-18 16:00:32:INFO:                       Mean entropy loss: 15.9926
2026-08-18 16:00:32:INFO:                             Mean reward: -1.40
2026-08-18 16:00:32:INFO:                     Mean episode length: 19.31
2026-08-18 16:00:32:INFO:                         Mean action std: 0.68
2026-08-18 16:00:32:INFO:     Metrics/motion/error_anchor_lin_vel: 1.0812
2026-08-18 16:00:32:INFO:     Metrics/motion/error_anchor_ang_vel: 4.6487
2026-08-18 16:00:32:INFO:        Metrics/motion/sampling_top1_bin: 0.6143
2026-08-18 16:00:32:INFO:         Episode_Reward/root_orientation: 0.0055
2026-08-18 16:00:32:INFO:            Episode_Reward/dof_vel_limit: -0.0846
2026-08-18 16:00:32:INFO:           Episode_Reward/body_local_rot: 0.0036
2026-08-18 16:00:32:INFO:         Metrics/motion/sampling_entropy: 0.9191
2026-08-18 16:00:32:INFO:    Metrics/motion/sampling_uniform_mass: 0.2500
2026-08-18 16:00:32:INFO:         Episode_Reward/smoothness_joint: -0.0198
2026-08-18 16:00:32:INFO:       Episode_Reward/joint_vel_tracking: 0.0006
2026-08-18 16:00:32:INFO:     Episode_Termination/shoulder_height: 4.5000
2026-08-18 16:00:32:INFO:          Metrics/motion/error_joint_vel: 33.4792
2026-08-18 16:00:32:INFO:  Episode_Reward/torso_world_orientation: 0.0273
2026-08-18 16:00:32:INFO: Episode_Termination/torso_ground_contact_too_long: 0.0000
2026-08-18 16:00:32:INFO:                Episode_Reward/feet_slip: -0.0038
2026-08-18 16:00:32:INFO:     Episode_Reward/feet_height_tracking: 0.0141
2026-08-18 16:00:32:INFO:       Episode_Reward/joint_pos_tracking: 0.0050
2026-08-18 16:00:32:INFO:       Episode_Reward/torso_world_angvel: 0.0322
2026-08-18 16:00:32:INFO:       Episode_Reward/body_global_angvel: 0.0004
2026-08-18 16:00:32:INFO:           Metrics/motion/error_body_pos: 2.1431
2026-08-18 16:00:32:INFO:       Metrics/motion/sampling_top1_prob: 0.1596
2026-08-18 16:00:32:INFO: Episode_Reward/undesired_self_collision: -0.0018
2026-08-18 16:00:32:INFO:       Episode_Termination/invalid_state: 0.0000
2026-08-18 16:00:32:INFO:        Episode_Reward/feet_pos_tracking: 0.0140
2026-08-18 16:00:32:INFO:              Episode_Reward/termination: -0.0626
2026-08-18 16:00:32:INFO:         Metrics/motion/error_anchor_rot: 0.5042
2026-08-18 16:00:32:INFO:            Episode_Termination/time_out: 3.6000
2026-08-18 16:00:32:INFO:            Episode_Reward/dof_pos_limit: -0.0040
2026-08-18 16:00:32:INFO:       Episode_Reward/body_global_linvel: 0.0042
2026-08-18 16:00:32:INFO: Episode_Reward/undesired_ground_contact: 0.0000
2026-08-18 16:00:32:INFO:    Episode_Reward/torso_height_tracking: 0.0347
2026-08-18 16:00:32:INFO:          Metrics/motion/error_joint_pos: 1.2721
2026-08-18 16:00:32:INFO:           Episode_Reward/penalty_torque: -0.0014
2026-08-18 16:00:32:INFO:           Episode_Reward/body_local_pos: 0.0185
2026-08-18 16:00:32:INFO:     Episode_Reward/residual_action_rate: -0.0131
2026-08-18 16:00:32:INFO:       Episode_Termination/body_position: 18.8500
2026-08-18 16:00:32:INFO:         Metrics/motion/error_anchor_pos: 0.1832
2026-08-18 16:00:32:INFO:           Metrics/motion/error_body_rot: 0.6548
2026-08-18 16:00:32:INFO:       Metrics/motion/error_body_lin_vel: 1.6475
2026-08-18 16:00:32:INFO:       Metrics/motion/error_body_ang_vel: 9.4865
2026-08-18 16:00:32:INFO:         Episode_Termination/root_height: 11.6000
2026-08-18 16:00:32:INFO: --------------------------------------------------------------------------------
2026-08-18 16:00:32:INFO:                          Iteration time: 10.02s
2026-08-18 16:00:32:INFO:                            Time elapsed: 0:00:10
2026-08-18 16:00:32:INFO:                                     ETA: 1 day, 3:49:25
2026-08-18 16:00:32:INFO: 
2026-08-18 16:00:41:INFO: ################################################################################
2026-08-18 16:00:41:INFO: [1m                           Learning iteration 1/10000                           [0m
2026-08-18 16:00:41:INFO: 
2026-08-18 16:00:41:INFO:                                Run name: teacher_8gpu_4096env_90_06_stageii
2026-08-18 16:00:41:INFO:                             Total steps: 1310720
2026-08-18 16:00:41:INFO:                        Steps per second: 84626
2026-08-18 16:00:41:INFO:                         Collection time: 5.404s
2026-08-18 16:00:41:INFO:                           Learning time: 2.340s
2026-08-18 16:00:41:INFO:                         Mean value loss: 1.1082
2026-08-18 16:00:41:INFO:                     Mean surrogate loss: -0.0078
2026-08-18 16:00:41:INFO:                       Mean entropy loss: 15.8866
2026-08-18 16:00:41:INFO:                             Mean reward: -0.44
2026-08-18 16:00:41:INFO:                     Mean episode length: 30.50
2026-08-18 16:00:41:INFO:                         Mean action std: 0.67
2026-08-18 16:00:41:INFO:     Metrics/motion/error_anchor_lin_vel: 1.7130
2026-08-18 16:00:41:INFO:     Metrics/motion/error_anchor_ang_vel: 5.6538
2026-08-18 16:00:41:INFO:        Metrics/motion/sampling_top1_bin: 0.6667
2026-08-18 16:00:41:INFO:         Episode_Reward/root_orientation: 0.0112
2026-08-18 16:00:41:INFO:            Episode_Reward/dof_vel_limit: -0.2100
2026-08-18 16:00:41:INFO:           Episode_Reward/body_local_rot: 0.0092
2026-08-18 16:00:41:INFO:         Metrics/motion/sampling_entropy: 0.9055
2026-08-18 16:00:41:INFO:    Metrics/motion/sampling_uniform_mass: 0.2500
2026-08-18 16:00:41:INFO:         Episode_Reward/smoothness_joint: -0.0506
2026-08-18 16:00:41:INFO:       Episode_Reward/joint_vel_tracking: 0.0017
2026-08-18 16:00:41:INFO:     Episode_Termination/shoulder_height: 62.5500
2026-08-18 16:00:41:INFO:          Metrics/motion/error_joint_vel: 36.2651
2026-08-18 16:00:41:INFO:  Episode_Reward/torso_world_orientation: 0.0560
2026-08-18 16:00:41:INFO: Episode_Termination/torso_ground_contact_too_long: 0.0000
2026-08-18 16:00:41:INFO:                Episode_Reward/feet_slip: -0.0115
2026-08-18 16:00:41:INFO:     Episode_Reward/feet_height_tracking: 0.0404
2026-08-18 16:00:41:INFO:       Episode_Reward/joint_pos_tracking: 0.0126
2026-08-18 16:00:41:INFO:       Episode_Reward/torso_world_angvel: 0.0822
2026-08-18 16:00:41:INFO:       Episode_Reward/body_global_angvel: 0.0012
2026-08-18 16:00:41:INFO:           Metrics/motion/error_body_pos: 0.3369
2026-08-18 16:00:41:INFO:       Metrics/motion/sampling_top1_prob: 0.1601
2026-08-18 16:00:41:INFO: Episode_Reward/undesired_self_collision: -0.0172
2026-08-18 16:00:41:INFO:       Episode_Termination/invalid_state: 0.0000
2026-08-18 16:00:41:INFO:        Episode_Reward/feet_pos_tracking: 0.0346
2026-08-18 16:00:41:INFO:              Episode_Reward/termination: -0.0977
2026-08-18 16:00:41:INFO:         Metrics/motion/error_anchor_rot: 1.1192
2026-08-18 16:00:41:INFO:            Episode_Termination/time_out: 2.9000
2026-08-18 16:00:41:INFO:            Episode_Reward/dof_pos_limit: -0.0111
2026-08-18 16:00:41:INFO:       Episode_Reward/body_global_linvel: 0.0126
2026-08-18 16:00:41:INFO: Episode_Reward/undesired_ground_contact: 0.0000
2026-08-18 16:00:41:INFO:    Episode_Reward/torso_height_tracking: 0.0817
2026-08-18 16:00:41:INFO:          Metrics/motion/error_joint_pos: 1.4215
2026-08-18 16:00:41:INFO:           Episode_Reward/penalty_torque: -0.0036
2026-08-18 16:00:41:INFO:           Episode_Reward/body_local_pos: 0.0478
2026-08-18 16:00:41:INFO:     Episode_Reward/residual_action_rate: -0.0347
2026-08-18 16:00:41:INFO:       Episode_Termination/body_position: 37.0500
2026-08-18 16:00:41:INFO:         Metrics/motion/error_anchor_pos: 0.3418
2026-08-18 16:00:41:INFO:           Metrics/motion/error_body_rot: 0.9815
2026-08-18 16:00:41:INFO:       Metrics/motion/error_body_lin_vel: 2.1477
2026-08-18 16:00:41:INFO:       Metrics/motion/error_body_ang_vel: 10.7951
2026-08-18 16:00:41:INFO:         Episode_Termination/root_height: 29.3000
2026-08-18 16:00:41:INFO: --------------------------------------------------------------------------------
2026-08-18 16:00:41:INFO:                          Iteration time: 7.74s
2026-08-18 16:00:41:INFO:                            Time elapsed: 0:00:17
2026-08-18 16:00:41:INFO:                                     ETA: 1 day, 0:39:50
2026-08-18 16:00:41:INFO: 
2026-08-18 16:00:49:INFO: ################################################################################
2026-08-18 16:00:49:INFO: [1m                           Learning iteration 2/10000                           [0m
2026-08-18 16:00:49:INFO: 
2026-08-18 16:00:49:INFO:                                Run name: teacher_8gpu_4096env_90_06_stageii
2026-08-18 16:00:49:INFO:                             Total steps: 1966080
2026-08-18 16:00:49:INFO:                        Steps per second: 86659
2026-08-18 16:00:49:INFO:                         Collection time: 5.216s
2026-08-18 16:00:49:INFO:                           Learning time: 2.346s
2026-08-18 16:00:49:INFO:                         Mean value loss: 0.9218
2026-08-18 16:00:49:INFO:                     Mean surrogate loss: -0.0084
2026-08-18 16:00:49:INFO:                       Mean entropy loss: 15.7872
2026-08-18 16:00:49:INFO:                             Mean reward: -0.24
2026-08-18 16:00:49:INFO:                     Mean episode length: 33.39
2026-08-18 16:00:49:INFO:                         Mean action std: 0.67
2026-08-18 16:00:49:INFO:     Metrics/motion/error_anchor_lin_vel: 1.8335
2026-08-18 16:00:49:INFO:     Metrics/motion/error_anchor_ang_vel: 5.7335
2026-08-18 16:00:49:INFO:        Metrics/motion/sampling_top1_bin: 0.6857
2026-08-18 16:00:49:INFO:         Episode_Reward/root_orientation: 0.0137
2026-08-18 16:00:49:INFO:            Episode_Reward/dof_vel_limit: -0.2449
2026-08-18 16:00:49:INFO:           Episode_Reward/body_local_rot: 0.0114
2026-08-18 16:00:49:INFO:         Metrics/motion/sampling_entropy: 0.9577
2026-08-18 16:00:49:INFO:    Metrics/motion/sampling_uniform_mass: 0.2500
2026-08-18 16:00:49:INFO:         Episode_Reward/smoothness_joint: -0.0606
2026-08-18 16:00:49:INFO:       Episode_Reward/joint_vel_tracking: 0.0022
2026-08-18 16:00:49:INFO:     Episode_Termination/shoulder_height: 78.8500
2026-08-18 16:00:49:INFO:          Metrics/motion/error_joint_vel: 35.9288
2026-08-18 16:00:49:INFO:  Episode_Reward/torso_world_orientation: 0.0683
2026-08-18 16:00:49:INFO: Episode_Termination/torso_ground_contact_too_long: 0.0000
2026-08-18 16:00:49:INFO:                Episode_Reward/feet_slip: -0.0130
2026-08-18 16:00:49:INFO:     Episode_Reward/feet_height_tracking: 0.0510
2026-08-18 16:00:49:INFO:       Episode_Reward/joint_pos_tracking: 0.0157
2026-08-18 16:00:49:INFO:       Episode_Reward/torso_world_angvel: 0.1038
2026-08-18 16:00:49:INFO:       Episode_Reward/body_global_angvel: 0.0016
2026-08-18 16:00:49:INFO:           Metrics/motion/error_body_pos: 0.3494
2026-08-18 16:00:49:INFO:       Metrics/motion/sampling_top1_prob: 0.1064
2026-08-18 16:00:49:INFO: Episode_Reward/undesired_self_collision: -0.0239
2026-08-18 16:00:49:INFO:       Episode_Termination/invalid_state: 0.0000
2026-08-18 16:00:49:INFO:        Episode_Reward/feet_pos_tracking: 0.0427
2026-08-18 16:00:49:INFO:              Episode_Reward/termination: -0.0994
2026-08-18 16:00:49:INFO:         Metrics/motion/error_anchor_rot: 1.1342
2026-08-18 16:00:49:INFO:            Episode_Termination/time_out: 0.8500
2026-08-18 16:00:49:INFO:            Episode_Reward/dof_pos_limit: -0.0134
2026-08-18 16:00:49:INFO:       Episode_Reward/body_global_linvel: 0.0167
2026-08-18 16:00:49:INFO: Episode_Reward/undesired_ground_contact: 0.0000
2026-08-18 16:00:49:INFO:    Episode_Reward/torso_height_tracking: 0.1046
2026-08-18 16:00:49:INFO:          Metrics/motion/error_joint_pos: 1.4182
2026-08-18 16:00:49:INFO:           Episode_Reward/penalty_torque: -0.0043
2026-08-18 16:00:49:INFO:           Episode_Reward/body_local_pos: 0.0594
2026-08-18 16:00:49:INFO:     Episode_Reward/residual_action_rate: -0.0427
2026-08-18 16:00:49:INFO:       Episode_Termination/body_position: 37.4000
2026-08-18 16:00:49:INFO:         Metrics/motion/error_anchor_pos: 0.4013
2026-08-18 16:00:49:INFO:           Metrics/motion/error_body_rot: 0.9963
2026-08-18 16:00:49:INFO:       Metrics/motion/error_body_lin_vel: 2.2242
2026-08-18 16:00:49:INFO:       Metrics/motion/error_body_ang_vel: 10.7839
2026-08-18 16:00:49:INFO:         Episode_Termination/root_height: 40.9000
2026-08-18 16:00:49:INFO: --------------------------------------------------------------------------------
2026-08-18 16:00:49:INFO:                          Iteration time: 7.56s
2026-08-18 16:00:49:INFO:                            Time elapsed: 0:00:25
2026-08-18 16:00:49:INFO:                                     ETA: 23:26:28
2026-08-18 16:00:49:INFO: 
2026-08-18 16:00:57:INFO: ################################################################################
2026-08-18 16:00:57:INFO: [1m                           Learning iteration 3/10000                           [0m
2026-08-18 16:00:57:INFO: 
2026-08-18 16:00:57:INFO:                                Run name: teacher_8gpu_4096env_90_06_stageii
2026-08-18 16:00:57:INFO:                             Total steps: 2621440
2026-08-18 16:00:57:INFO:                        Steps per second: 87266
2026-08-18 16:00:57:INFO:                         Collection time: 5.187s
2026-08-18 16:00:57:INFO:                           Learning time: 2.323s
2026-08-18 16:00:57:INFO:                         Mean value loss: 0.6835
2026-08-18 16:00:57:INFO:                     Mean surrogate loss: -0.0104
2026-08-18 16:00:57:INFO:                       Mean entropy loss: 15.6667
2026-08-18 16:00:57:INFO:                             Mean reward: 0.81
2026-08-18 16:00:57:INFO:                     Mean episode length: 35.50
2026-08-18 16:00:57:INFO:                         Mean action std: 0.66
2026-08-18 16:00:57:INFO:     Metrics/motion/error_anchor_lin_vel: 1.8361
2026-08-18 16:00:57:INFO:     Metrics/motion/error_anchor_ang_vel: 5.7487
2026-08-18 16:00:57:INFO:        Metrics/motion/sampling_top1_bin: 0.6810
2026-08-18 16:00:57:INFO:         Episode_Reward/root_orientation: 0.0127
2026-08-18 16:00:57:INFO:            Episode_Reward/dof_vel_limit: -0.2220
2026-08-18 16:00:57:INFO:           Episode_Reward/body_local_rot: 0.0106
2026-08-18 16:00:57:INFO:         Metrics/motion/sampling_entropy: 0.9557
2026-08-18 16:00:57:INFO:    Metrics/motion/sampling_uniform_mass: 0.2500
2026-08-18 16:00:57:INFO:         Episode_Reward/smoothness_joint: -0.0563
2026-08-18 16:00:57:INFO:       Episode_Reward/joint_vel_tracking: 0.0021
2026-08-18 16:00:57:INFO:     Episode_Termination/shoulder_height: 64.3500
2026-08-18 16:00:57:INFO:          Metrics/motion/error_joint_vel: 35.5851
2026-08-18 16:00:57:INFO:  Episode_Reward/torso_world_orientation: 0.0635
2026-08-18 16:00:57:INFO: Episode_Termination/torso_ground_contact_too_long: 0.0000
2026-08-18 16:00:57:INFO:                Episode_Reward/feet_slip: -0.0123
2026-08-18 16:00:57:INFO:     Episode_Reward/feet_height_tracking: 0.0464
2026-08-18 16:00:57:INFO:       Episode_Reward/joint_pos_tracking: 0.0146
2026-08-18 16:00:57:INFO:       Episode_Reward/torso_world_angvel: 0.0959
2026-08-18 16:00:57:INFO:       Episode_Reward/body_global_angvel: 0.0015
2026-08-18 16:00:57:INFO:           Metrics/motion/error_body_pos: 0.3560
2026-08-18 16:00:57:INFO:       Metrics/motion/sampling_top1_prob: 0.1039
2026-08-18 16:00:57:INFO: Episode_Reward/undesired_self_collision: -0.0174
2026-08-18 16:00:57:INFO:       Episode_Termination/invalid_state: 0.0000
2026-08-18 16:00:57:INFO:        Episode_Reward/feet_pos_tracking: 0.0402
2026-08-18 16:00:57:INFO:              Episode_Reward/termination: -0.0999
2026-08-18 16:00:57:INFO:         Metrics/motion/error_anchor_rot: 1.1328
2026-08-18 16:00:57:INFO:            Episode_Termination/time_out: 0.1000
2026-08-18 16:00:57:INFO:            Episode_Reward/dof_pos_limit: -0.0124
2026-08-18 16:00:57:INFO:       Episode_Reward/body_global_linvel: 0.0147
2026-08-18 16:00:57:INFO: Episode_Reward/undesired_ground_contact: 0.0000
2026-08-18 16:00:57:INFO:    Episode_Reward/torso_height_tracking: 0.0951
2026-08-18 16:00:57:INFO:          Metrics/motion/error_joint_pos: 1.4118
2026-08-18 16:00:57:INFO:           Episode_Reward/penalty_torque: -0.0040
2026-08-18 16:00:57:INFO:           Episode_Reward/body_local_pos: 0.0555
2026-08-18 16:00:57:INFO:     Episode_Reward/residual_action_rate: -0.0393
2026-08-18 16:00:57:INFO:       Episode_Termination/body_position: 29.7000
2026-08-18 16:00:57:INFO:         Metrics/motion/error_anchor_pos: 0.3902
2026-08-18 16:00:57:INFO:           Metrics/motion/error_body_rot: 1.0009
2026-08-18 16:00:57:INFO:       Metrics/motion/error_body_lin_vel: 2.2465
2026-08-18 16:00:57:INFO:       Metrics/motion/error_body_ang_vel: 10.7738
2026-08-18 16:00:57:INFO:         Episode_Termination/root_height: 38.4500
2026-08-18 16:00:57:INFO: --------------------------------------------------------------------------------
2026-08-18 16:00:57:INFO:                          Iteration time: 7.51s
2026-08-18 16:00:57:INFO:                            Time elapsed: 0:00:32
2026-08-18 16:00:57:INFO:                                     ETA: 22:47:32
2026-08-18 16:00:57:INFO: 
2026-08-18 16:01:06:INFO: ################################################################################
2026-08-18 16:01:06:INFO: [1m                           Learning iteration 4/10000                           [0m
2026-08-18 16:01:06:INFO: 
2026-08-18 16:01:06:INFO:                                Run name: teacher_8gpu_4096env_90_06_stageii
2026-08-18 16:01:06:INFO:                             Total steps: 3276800
2026-08-18 16:01:06:INFO:                        Steps per second: 82888
2026-08-18 16:01:06:INFO:                         Collection time: 5.532s
2026-08-18 16:01:06:INFO:                           Learning time: 2.375s
2026-08-18 16:01:06:INFO:                         Mean value loss: 0.5727
2026-08-18 16:01:06:INFO:                     Mean surrogate loss: -0.0114
2026-08-18 16:01:06:INFO:                       Mean entropy loss: 15.5480
2026-08-18 16:01:06:INFO:                             Mean reward: 0.31
2026-08-18 16:01:06:INFO:                     Mean episode length: 31.00
2026-08-18 16:01:06:INFO:                         Mean action std: 0.65
2026-08-18 16:01:06:INFO:     Metrics/motion/error_anchor_lin_vel: 1.8656
2026-08-18 16:01:06:INFO:     Metrics/motion/error_anchor_ang_vel: 5.6862
2026-08-18 16:01:06:INFO:        Metrics/motion/sampling_top1_bin: 0.6667
2026-08-18 16:01:06:INFO:         Episode_Reward/root_orientation: 0.0134
2026-08-18 16:01:06:INFO:            Episode_Reward/dof_vel_limit: -0.2169
2026-08-18 16:01:06:INFO:           Episode_Reward/body_local_rot: 0.0112
2026-08-18 16:01:06:INFO:         Metrics/motion/sampling_entropy: 0.9544
2026-08-18 16:01:06:INFO:    Metrics/motion/sampling_uniform_mass: 0.2500
2026-08-18 16:01:06:INFO:         Episode_Reward/smoothness_joint: -0.0563
2026-08-18 16:01:06:INFO:       Episode_Reward/joint_vel_tracking: 0.0022
2026-08-18 16:01:06:INFO:     Episode_Termination/shoulder_height: 67.8000
2026-08-18 16:01:06:INFO:          Metrics/motion/error_joint_vel: 35.3070
2026-08-18 16:01:06:INFO:  Episode_Reward/torso_world_orientation: 0.0673
2026-08-18 16:01:06:INFO: Episode_Termination/torso_ground_contact_too_long: 0.0000
2026-08-18 16:01:06:INFO:                Episode_Reward/feet_slip: -0.0126
2026-08-18 16:01:06:INFO:     Episode_Reward/feet_height_tracking: 0.0493
2026-08-18 16:01:06:INFO:       Episode_Reward/joint_pos_tracking: 0.0154
2026-08-18 16:01:06:INFO:       Episode_Reward/torso_world_angvel: 0.1023
2026-08-18 16:01:06:INFO:       Episode_Reward/body_global_angvel: 0.0017
2026-08-18 16:01:06:INFO:           Metrics/motion/error_body_pos: 0.3590
2026-08-18 16:01:06:INFO:       Metrics/motion/sampling_top1_prob: 0.1049
2026-08-18 16:01:06:INFO: Episode_Reward/undesired_self_collision: -0.0186
2026-08-18 16:01:06:INFO:       Episode_Termination/invalid_state: 0.0000
2026-08-18 16:01:06:INFO:        Episode_Reward/feet_pos_tracking: 0.0424
2026-08-18 16:01:06:INFO:              Episode_Reward/termination: -0.1000
2026-08-18 16:01:06:INFO:         Metrics/motion/error_anchor_rot: 1.1510
2026-08-18 16:01:06:INFO:            Episode_Termination/time_out: 0.0000
2026-08-18 16:01:06:INFO:            Episode_Reward/dof_pos_limit: -0.0128
2026-08-18 16:01:06:INFO:       Episode_Reward/body_global_linvel: 0.0160
2026-08-18 16:01:06:INFO: Episode_Reward/undesired_ground_contact: 0.0000
2026-08-18 16:01:06:INFO:    Episode_Reward/torso_height_tracking: 0.1005
2026-08-18 16:01:06:INFO:          Metrics/motion/error_joint_pos: 1.4032
2026-08-18 16:01:06:INFO:           Episode_Reward/penalty_torque: -0.0041
2026-08-18 16:01:06:INFO:           Episode_Reward/body_local_pos: 0.0583
2026-08-18 16:01:06:INFO:     Episode_Reward/residual_action_rate: -0.0405
2026-08-18 16:01:06:INFO:       Episode_Termination/body_position: 26.7500
2026-08-18 16:01:06:INFO:         Metrics/motion/error_anchor_pos: 0.3964
2026-08-18 16:01:06:INFO:           Metrics/motion/error_body_rot: 1.0068
2026-08-18 16:01:06:INFO:       Metrics/motion/error_body_lin_vel: 2.2602
2026-08-18 16:01:06:INFO:       Metrics/motion/error_body_ang_vel: 10.6751
2026-08-18 16:01:06:INFO:         Episode_Termination/root_height: 38.2000
2026-08-18 16:01:06:INFO: --------------------------------------------------------------------------------
2026-08-18 16:01:06:INFO:                          Iteration time: 7.91s
2026-08-18 16:01:06:INFO:                            Time elapsed: 0:00:40
2026-08-18 16:01:06:INFO:                                     ETA: 22:37:20
2026-08-18 16:01:06:INFO: 
2026-08-18 16:01:14:INFO: ################################################################################
2026-08-18 16:01:14:INFO: [1m                           Learning iteration 5/10000                           [0m
2026-08-18 16:01:14:INFO: 
2026-08-18 16:01:14:INFO:                                Run name: teacher_8gpu_4096env_90_06_stageii
2026-08-18 16:01:14:INFO:                             Total steps: 3932160
2026-08-18 16:01:14:INFO:                        Steps per second: 86006
2026-08-18 16:01:14:INFO:                         Collection time: 5.295s
2026-08-18 16:01:14:INFO:                           Learning time: 2.325s
2026-08-18 16:01:14:INFO:                         Mean value loss: 0.4809
2026-08-18 16:01:14:INFO:                     Mean surrogate loss: -0.0125
2026-08-18 16:01:14:INFO:                       Mean entropy loss: 15.4099
2026-08-18 16:01:14:INFO:                             Mean reward: 0.72
2026-08-18 16:01:14:INFO:                     Mean episode length: 34.52
2026-08-18 16:01:14:INFO:                         Mean action std: 0.64
2026-08-18 16:01:14:INFO:     Metrics/motion/error_anchor_lin_vel: 1.9196
2026-08-18 16:01:14:INFO:     Metrics/motion/error_anchor_ang_vel: 5.7393
2026-08-18 16:01:14:INFO:        Metrics/motion/sampling_top1_bin: 0.6667
2026-08-18 16:01:14:INFO:         Episode_Reward/root_orientation: 0.0139
2026-08-18 16:01:14:INFO:            Episode_Reward/dof_vel_limit: -0.2140
2026-08-18 16:01:14:INFO:           Episode_Reward/body_local_rot: 0.0119
2026-08-18 16:01:14:INFO:         Metrics/motion/sampling_entropy: 0.9543
2026-08-18 16:01:14:INFO:    Metrics/motion/sampling_uniform_mass: 0.2500
2026-08-18 16:01:14:INFO:         Episode_Reward/smoothness_joint: -0.0585
2026-08-18 16:01:14:INFO:       Episode_Reward/joint_vel_tracking: 0.0024
2026-08-18 16:01:14:INFO:     Episode_Termination/shoulder_height: 69.8500
2026-08-18 16:01:14:INFO:          Metrics/motion/error_joint_vel: 34.9069
2026-08-18 16:01:14:INFO:  Episode_Reward/torso_world_orientation: 0.0705
2026-08-18 16:01:14:INFO: Episode_Termination/torso_ground_contact_too_long: 0.0000
2026-08-18 16:01:14:INFO:                Episode_Reward/feet_slip: -0.0133
2026-08-18 16:01:14:INFO:     Episode_Reward/feet_height_tracking: 0.0523
2026-08-18 16:01:14:INFO:       Episode_Reward/joint_pos_tracking: 0.0163
2026-08-18 16:01:14:INFO:       Episode_Reward/torso_world_angvel: 0.1085
2026-08-18 16:01:14:INFO:       Episode_Reward/body_global_angvel: 0.0019
2026-08-18 16:01:14:INFO:           Metrics/motion/error_body_pos: 0.3640
2026-08-18 16:01:14:INFO:       Metrics/motion/sampling_top1_prob: 0.1029
2026-08-18 16:01:14:INFO: Episode_Reward/undesired_self_collision: -0.0183
2026-08-18 16:01:14:INFO:       Episode_Termination/invalid_state: 0.0000
2026-08-18 16:01:14:INFO:        Episode_Reward/feet_pos_tracking: 0.0451
2026-08-18 16:01:14:INFO:              Episode_Reward/termination: -0.1000
2026-08-18 16:01:14:INFO:         Metrics/motion/error_anchor_rot: 1.1888
2026-08-18 16:01:14:INFO:            Episode_Termination/time_out: 0.0500
2026-08-18 16:01:14:INFO:            Episode_Reward/dof_pos_limit: -0.0133
2026-08-18 16:01:14:INFO:       Episode_Reward/body_global_linvel: 0.0170
2026-08-18 16:01:14:INFO: Episode_Reward/undesired_ground_contact: 0.0000
2026-08-18 16:01:14:INFO:    Episode_Reward/torso_height_tracking: 0.1066
2026-08-18 16:01:14:INFO:          Metrics/motion/error_joint_pos: 1.3931
2026-08-18 16:01:14:INFO:           Episode_Reward/penalty_torque: -0.0043
2026-08-18 16:01:14:INFO:           Episode_Reward/body_local_pos: 0.0617
2026-08-18 16:01:14:INFO:     Episode_Reward/residual_action_rate: -0.0423
2026-08-18 16:01:14:INFO:       Episode_Termination/body_position: 23.6500
2026-08-18 16:01:14:INFO:         Metrics/motion/error_anchor_pos: 0.4148
2026-08-18 16:01:14:INFO:           Metrics/motion/error_body_rot: 1.0174
2026-08-18 16:01:14:INFO:       Metrics/motion/error_body_lin_vel: 2.2954
2026-08-18 16:01:14:INFO:       Metrics/motion/error_body_ang_vel: 10.6726
2026-08-18 16:01:14:INFO:         Episode_Termination/root_height: 39.1500
2026-08-18 16:01:14:INFO: --------------------------------------------------------------------------------
2026-08-18 16:01:14:INFO:                          Iteration time: 7.62s
2026-08-18 16:01:14:INFO:                            Time elapsed: 0:00:48
2026-08-18 16:01:14:INFO:                                     ETA: 22:22:32
2026-08-18 16:01:14:INFO: 
2026-08-18 16:01:22:INFO: ################################################################################
2026-08-18 16:01:22:INFO: [1m                           Learning iteration 6/10000                           [0m
2026-08-18 16:01:22:INFO: 
2026-08-18 16:01:22:INFO:                                Run name: teacher_8gpu_4096env_90_06_stageii
2026-08-18 16:01:22:INFO:                             Total steps: 4587520
2026-08-18 16:01:22:INFO:                        Steps per second: 86460
2026-08-18 16:01:22:INFO:                         Collection time: 5.192s
2026-08-18 16:01:22:INFO:                           Learning time: 2.388s
2026-08-18 16:01:22:INFO:                         Mean value loss: 0.4478
2026-08-18 16:01:22:INFO:                     Mean surrogate loss: -0.0126
2026-08-18 16:01:22:INFO:                       Mean entropy loss: 15.2687
2026-08-18 16:01:22:INFO:                             Mean reward: 1.33
2026-08-18 16:01:22:INFO:                     Mean episode length: 35.48
2026-08-18 16:01:22:INFO:                         Mean action std: 0.63
2026-08-18 16:01:22:INFO:     Metrics/motion/error_anchor_lin_vel: 1.8773
2026-08-18 16:01:22:INFO:     Metrics/motion/error_anchor_ang_vel: 5.5710
2026-08-18 16:01:22:INFO:        Metrics/motion/sampling_top1_bin: 0.6667
2026-08-18 16:01:22:INFO:         Episode_Reward/root_orientation: 0.0141
2026-08-18 16:01:22:INFO:            Episode_Reward/dof_vel_limit: -0.2005
2026-08-18 16:01:22:INFO:           Episode_Reward/body_local_rot: 0.0119
2026-08-18 16:01:22:INFO:         Metrics/motion/sampling_entropy: 0.9525
2026-08-18 16:01:22:INFO:    Metrics/motion/sampling_uniform_mass: 0.2500
2026-08-18 16:01:22:INFO:         Episode_Reward/smoothness_joint: -0.0567
2026-08-18 16:01:22:INFO:       Episode_Reward/joint_vel_tracking: 0.0025
2026-08-18 16:01:22:INFO:     Episode_Termination/shoulder_height: 66.6500
2026-08-18 16:01:22:INFO:          Metrics/motion/error_joint_vel: 34.4763
2026-08-18 16:01:22:INFO:  Episode_Reward/torso_world_orientation: 0.0708
2026-08-18 16:01:22:INFO: Episode_Termination/torso_ground_contact_too_long: 0.0000
2026-08-18 16:01:22:INFO:                Episode_Reward/feet_slip: -0.0129
2026-08-18 16:01:22:INFO:     Episode_Reward/feet_height_tracking: 0.0517
2026-08-18 16:01:22:INFO:       Episode_Reward/joint_pos_tracking: 0.0163
2026-08-18 16:01:22:INFO:       Episode_Reward/torso_world_angvel: 0.1094
2026-08-18 16:01:22:INFO:       Episode_Reward/body_global_angvel: 0.0020
2026-08-18 16:01:22:INFO:           Metrics/motion/error_body_pos: 0.3657
2026-08-18 16:01:22:INFO:       Metrics/motion/sampling_top1_prob: 0.1012
2026-08-18 16:01:22:INFO: Episode_Reward/undesired_self_collision: -0.0165
2026-08-18 16:01:22:INFO:       Episode_Termination/invalid_state: 0.0000
2026-08-18 16:01:22:INFO:        Episode_Reward/feet_pos_tracking: 0.0452
2026-08-18 16:01:22:INFO:              Episode_Reward/termination: -0.1000
2026-08-18 16:01:22:INFO:         Metrics/motion/error_anchor_rot: 1.1638
2026-08-18 16:01:22:INFO:            Episode_Termination/time_out: 0.0000
2026-08-18 16:01:22:INFO:            Episode_Reward/dof_pos_limit: -0.0129
2026-08-18 16:01:22:INFO:       Episode_Reward/body_global_linvel: 0.0170
2026-08-18 16:01:22:INFO: Episode_Reward/undesired_ground_contact: 0.0000
2026-08-18 16:01:22:INFO:    Episode_Reward/torso_height_tracking: 0.1062
2026-08-18 16:01:22:INFO:          Metrics/motion/error_joint_pos: 1.3927
2026-08-18 16:01:22:INFO:           Episode_Reward/penalty_torque: -0.0043
2026-08-18 16:01:22:INFO:           Episode_Reward/body_local_pos: 0.0617
2026-08-18 16:01:22:INFO:     Episode_Reward/residual_action_rate: -0.0416
2026-08-18 16:01:22:INFO:       Episode_Termination/body_position: 22.4000
2026-08-18 16:01:22:INFO:         Metrics/motion/error_anchor_pos: 0.4117
2026-08-18 16:01:22:INFO:           Metrics/motion/error_body_rot: 1.0107
2026-08-18 16:01:22:INFO:       Metrics/motion/error_body_lin_vel: 2.2779
2026-08-18 16:01:22:INFO:       Metrics/motion/error_body_ang_vel: 10.4564
2026-08-18 16:01:22:INFO:         Episode_Termination/root_height: 42.4000
2026-08-18 16:01:22:INFO: --------------------------------------------------------------------------------
2026-08-18 16:01:22:INFO:                          Iteration time: 7.58s
2026-08-18 16:01:22:INFO:                            Time elapsed: 0:00:55
2026-08-18 16:01:22:INFO:                                     ETA: 22:10:59
2026-08-18 16:01:22:INFO: 
2026-08-18 16:01:31:INFO: ################################################################################
2026-08-18 16:01:31:INFO: [1m                           Learning iteration 7/10000                           [0m
2026-08-18 16:01:31:INFO: 
2026-08-18 16:01:31:INFO:                                Run name: teacher_8gpu_4096env_90_06_stageii
2026-08-18 16:01:31:INFO:                             Total steps: 5242880
2026-08-18 16:01:31:INFO:                        Steps per second: 84758
2026-08-18 16:01:31:INFO:                         Collection time: 5.364s
2026-08-18 16:01:31:INFO:                           Learning time: 2.368s
2026-08-18 16:01:31:INFO:                         Mean value loss: 0.4461
2026-08-18 16:01:31:INFO:                     Mean surrogate loss: -0.0118
2026-08-18 16:01:31:INFO:                       Mean entropy loss: 15.1069
2026-08-18 16:01:31:INFO:                             Mean reward: 1.86
2026-08-18 16:01:31:INFO:                     Mean episode length: 34.48
2026-08-18 16:01:31:INFO:                         Mean action std: 0.63
2026-08-18 16:01:31:INFO:     Metrics/motion/error_anchor_lin_vel: 1.9040
2026-08-18 16:01:31:INFO:     Metrics/motion/error_anchor_ang_vel: 5.5795
2026-08-18 16:01:31:INFO:        Metrics/motion/sampling_top1_bin: 0.6667
2026-08-18 16:01:31:INFO:         Episode_Reward/root_orientation: 0.0142
2026-08-18 16:01:31:INFO:            Episode_Reward/dof_vel_limit: -0.1871
2026-08-18 16:01:31:INFO:           Episode_Reward/body_local_rot: 0.0119
2026-08-18 16:01:31:INFO:         Metrics/motion/sampling_entropy: 0.9512
2026-08-18 16:01:31:INFO:    Metrics/motion/sampling_uniform_mass: 0.2500
2026-08-18 16:01:31:INFO:         Episode_Reward/smoothness_joint: -0.0559
2026-08-18 16:01:31:INFO:       Episode_Reward/joint_vel_tracking: 0.0026
2026-08-18 16:01:31:INFO:     Episode_Termination/shoulder_height: 65.9500
2026-08-18 16:01:31:INFO:          Metrics/motion/error_joint_vel: 33.9834
2026-08-18 16:01:31:INFO:  Episode_Reward/torso_world_orientation: 0.0716
2026-08-18 16:01:31:INFO: Episode_Termination/torso_ground_contact_too_long: 0.0000
2026-08-18 16:01:31:INFO:                Episode_Reward/feet_slip: -0.0126
2026-08-18 16:01:31:INFO:     Episode_Reward/feet_height_tracking: 0.0518
2026-08-18 16:01:31:INFO:       Episode_Reward/joint_pos_tracking: 0.0163
2026-08-18 16:01:31:INFO:       Episode_Reward/torso_world_angvel: 0.1104
2026-08-18 16:01:31:INFO:       Episode_Reward/body_global_angvel: 0.0022
2026-08-18 16:01:31:INFO:           Metrics/motion/error_body_pos: 0.3680
2026-08-18 16:01:31:INFO:       Metrics/motion/sampling_top1_prob: 0.1030
2026-08-18 16:01:31:INFO: Episode_Reward/undesired_self_collision: -0.0152
2026-08-18 16:01:31:INFO:       Episode_Termination/invalid_state: 0.0000
2026-08-18 16:01:31:INFO:        Episode_Reward/feet_pos_tracking: 0.0457
2026-08-18 16:01:31:INFO:              Episode_Reward/termination: -0.1000
2026-08-18 16:01:31:INFO:         Metrics/motion/error_anchor_rot: 1.1567
2026-08-18 16:01:31:INFO:            Episode_Termination/time_out: 0.0000
2026-08-18 16:01:31:INFO:            Episode_Reward/dof_pos_limit: -0.0129
2026-08-18 16:01:31:INFO:       Episode_Reward/body_global_linvel: 0.0172
2026-08-18 16:01:31:INFO: Episode_Reward/undesired_ground_contact: 0.0000
2026-08-18 16:01:31:INFO:    Episode_Reward/torso_height_tracking: 0.1064
2026-08-18 16:01:31:INFO:          Metrics/motion/error_joint_pos: 1.3887
2026-08-18 16:01:31:INFO:           Episode_Reward/penalty_torque: -0.0042
2026-08-18 16:01:31:INFO:           Episode_Reward/body_local_pos: 0.0619
2026-08-18 16:01:31:INFO:     Episode_Reward/residual_action_rate: -0.0409
2026-08-18 16:01:31:INFO:       Episode_Termination/body_position: 22.1500
2026-08-18 16:01:31:INFO:         Metrics/motion/error_anchor_pos: 0.4149
2026-08-18 16:01:31:INFO:           Metrics/motion/error_body_rot: 1.0138
2026-08-18 16:01:31:INFO:       Metrics/motion/error_body_lin_vel: 2.2861
2026-08-18 16:01:31:INFO:       Metrics/motion/error_body_ang_vel: 10.3748
2026-08-18 16:01:31:INFO:         Episode_Termination/root_height: 41.5500
2026-08-18 16:01:31:INFO: --------------------------------------------------------------------------------
2026-08-18 16:01:31:INFO:                          Iteration time: 7.73s
2026-08-18 16:01:31:INFO:                            Time elapsed: 0:01:03
2026-08-18 16:01:31:INFO:                                     ETA: 22:05:27
2026-08-18 16:01:31:INFO: 
2026-08-18 16:01:39:INFO: ################################################################################
2026-08-18 16:01:39:INFO: [1m                           Learning iteration 8/10000                           [0m
2026-08-18 16:01:39:INFO: 
2026-08-18 16:01:39:INFO:                                Run name: teacher_8gpu_4096env_90_06_stageii
2026-08-18 16:01:39:INFO:                             Total steps: 5898240
2026-08-18 16:01:39:INFO:                        Steps per second: 86473
2026-08-18 16:01:39:INFO:                         Collection time: 5.185s
2026-08-18 16:01:39:INFO:                           Learning time: 2.394s
2026-08-18 16:01:39:INFO:                         Mean value loss: 0.4267
2026-08-18 16:01:39:INFO:                     Mean surrogate loss: -0.0138
2026-08-18 16:01:39:INFO:                       Mean entropy loss: 14.9490
2026-08-18 16:01:39:INFO:                             Mean reward: 2.14
2026-08-18 16:01:39:INFO:                     Mean episode length: 33.44
2026-08-18 16:01:39:INFO:                         Mean action std: 0.62
2026-08-18 16:01:39:INFO:     Metrics/motion/error_anchor_lin_vel: 1.9338
2026-08-18 16:01:39:INFO:     Metrics/motion/error_anchor_ang_vel: 5.5512
2026-08-18 16:01:39:INFO:        Metrics/motion/sampling_top1_bin: 0.6667
2026-08-18 16:01:39:INFO:         Episode_Reward/root_orientation: 0.0147
2026-08-18 16:01:39:INFO:            Episode_Reward/dof_vel_limit: -0.1807
2026-08-18 16:01:39:INFO:           Episode_Reward/body_local_rot: 0.0124
2026-08-18 16:01:39:INFO:         Metrics/motion/sampling_entropy: 0.9496
2026-08-18 16:01:39:INFO:    Metrics/motion/sampling_uniform_mass: 0.2500
2026-08-18 16:01:39:INFO:         Episode_Reward/smoothness_joint: -0.0558
2026-08-18 16:01:39:INFO:       Episode_Reward/joint_vel_tracking: 0.0027
2026-08-18 16:01:39:INFO:     Episode_Termination/shoulder_height: 65.4000
2026-08-18 16:01:39:INFO:          Metrics/motion/error_joint_vel: 33.6254
2026-08-18 16:01:39:INFO:  Episode_Reward/torso_world_orientation: 0.0741
2026-08-18 16:01:39:INFO: Episode_Termination/torso_ground_contact_too_long: 0.0000
2026-08-18 16:01:39:INFO:                Episode_Reward/feet_slip: -0.0128
2026-08-18 16:01:39:INFO:     Episode_Reward/feet_height_tracking: 0.0536
2026-08-18 16:01:39:INFO:       Episode_Reward/joint_pos_tracking: 0.0169
2026-08-18 16:01:39:INFO:       Episode_Reward/torso_world_angvel: 0.1149
2026-08-18 16:01:39:INFO:       Episode_Reward/body_global_angvel: 0.0023
2026-08-18 16:01:39:INFO:           Metrics/motion/error_body_pos: 0.3715
2026-08-18 16:01:39:INFO:       Metrics/motion/sampling_top1_prob: 0.1052
2026-08-18 16:01:39:INFO: Episode_Reward/undesired_self_collision: -0.0131
2026-08-18 16:01:39:INFO:       Episode_Termination/invalid_state: 0.0000
2026-08-18 16:01:39:INFO:        Episode_Reward/feet_pos_tracking: 0.0479
2026-08-18 16:01:39:INFO:              Episode_Reward/termination: -0.1000
2026-08-18 16:01:39:INFO:         Metrics/motion/error_anchor_rot: 1.1764
2026-08-18 16:01:39:INFO:            Episode_Termination/time_out: 0.0000
2026-08-18 16:01:39:INFO:            Episode_Reward/dof_pos_limit: -0.0130
2026-08-18 16:01:39:INFO:       Episode_Reward/body_global_linvel: 0.0178
2026-08-18 16:01:39:INFO: Episode_Reward/undesired_ground_contact: 0.0000
2026-08-18 16:01:39:INFO:    Episode_Reward/torso_height_tracking: 0.1104
2026-08-18 16:01:39:INFO:          Metrics/motion/error_joint_pos: 1.3697
2026-08-18 16:01:39:INFO:           Episode_Reward/penalty_torque: -0.0043
2026-08-18 16:01:39:INFO:           Episode_Reward/body_local_pos: 0.0642
2026-08-18 16:01:39:INFO:     Episode_Reward/residual_action_rate: -0.0417
2026-08-18 16:01:39:INFO:       Episode_Termination/body_position: 18.2000
2026-08-18 16:01:39:INFO:         Metrics/motion/error_anchor_pos: 0.4284
2026-08-18 16:01:39:INFO:           Metrics/motion/error_body_rot: 1.0117
2026-08-18 16:01:39:INFO:       Metrics/motion/error_body_lin_vel: 2.3007
2026-08-18 16:01:39:INFO:       Metrics/motion/error_body_ang_vel: 10.3008
2026-08-18 16:01:39:INFO:         Episode_Termination/root_height: 45.1500
2026-08-18 16:01:39:INFO: --------------------------------------------------------------------------------
2026-08-18 16:01:39:INFO:                          Iteration time: 7.58s
2026-08-18 16:01:39:INFO:                            Time elapsed: 0:01:11
2026-08-18 16:01:39:INFO:                                     ETA: 21:58:16
2026-08-18 16:01:39:INFO: 
2026-08-18 16:01:47:INFO: ################################################################################
2026-08-18 16:01:47:INFO: [1m                           Learning iteration 9/10000                           [0m
2026-08-18 16:01:47:INFO: 
2026-08-18 16:01:47:INFO:                                Run name: teacher_8gpu_4096env_90_06_stageii
2026-08-18 16:01:47:INFO:                             Total steps: 6553600
2026-08-18 16:01:47:INFO:                        Steps per second: 89854
2026-08-18 16:01:47:INFO:                         Collection time: 4.937s
2026-08-18 16:01:47:INFO:                           Learning time: 2.356s
2026-08-18 16:01:47:INFO:                         Mean value loss: 0.4376
2026-08-18 16:01:47:INFO:                     Mean surrogate loss: -0.0134
2026-08-18 16:01:47:INFO:                       Mean entropy loss: 14.7713
2026-08-18 16:01:47:INFO:                             Mean reward: 3.13
2026-08-18 16:01:47:INFO:                     Mean episode length: 35.09
2026-08-18 16:01:47:INFO:                         Mean action std: 0.61
2026-08-18 16:01:47:INFO:     Metrics/motion/error_anchor_lin_vel: 1.9648
2026-08-18 16:01:47:INFO:     Metrics/motion/error_anchor_ang_vel: 5.5953
2026-08-18 16:01:47:INFO:        Metrics/motion/sampling_top1_bin: 0.6667
2026-08-18 16:01:47:INFO:         Episode_Reward/root_orientation: 0.0150
2026-08-18 16:01:47:INFO:            Episode_Reward/dof_vel_limit: -0.1698
2026-08-18 16:01:47:INFO:           Episode_Reward/body_local_rot: 0.0126
2026-08-18 16:01:47:INFO:         Metrics/motion/sampling_entropy: 0.9484
2026-08-18 16:01:47:INFO:    Metrics/motion/sampling_uniform_mass: 0.2500
2026-08-18 16:01:47:INFO:         Episode_Reward/smoothness_joint: -0.0550
2026-08-18 16:01:47:INFO:       Episode_Reward/joint_vel_tracking: 0.0029
2026-08-18 16:01:47:INFO:     Episode_Termination/shoulder_height: 66.9000
2026-08-18 16:01:47:INFO:          Metrics/motion/error_joint_vel: 33.6758
2026-08-18 16:01:47:INFO:  Episode_Reward/torso_world_orientation: 0.0759
2026-08-18 16:01:47:INFO: Episode_Termination/torso_ground_contact_too_long: 0.0000
2026-08-18 16:01:47:INFO:                Episode_Reward/feet_slip: -0.0127
2026-08-18 16:01:47:INFO:     Episode_Reward/feet_height_tracking: 0.0548
2026-08-18 16:01:47:INFO:       Episode_Reward/joint_pos_tracking: 0.0173
2026-08-18 16:01:47:INFO:       Episode_Reward/torso_world_angvel: 0.1179
2026-08-18 16:01:47:INFO:       Episode_Reward/body_global_angvel: 0.0025
2026-08-18 16:01:47:INFO:           Metrics/motion/error_body_pos: 0.3754
2026-08-18 16:01:47:INFO:       Metrics/motion/sampling_top1_prob: 0.1061
2026-08-18 16:01:47:INFO: Episode_Reward/undesired_self_collision: -0.0122
2026-08-18 16:01:47:INFO:       Episode_Termination/invalid_state: 0.0000
2026-08-18 16:01:47:INFO:        Episode_Reward/feet_pos_tracking: 0.0490
2026-08-18 16:01:47:INFO:              Episode_Reward/termination: -0.1000
2026-08-18 16:01:47:INFO:         Metrics/motion/error_anchor_rot: 1.1810
2026-08-18 16:01:47:INFO:            Episode_Termination/time_out: 0.0000
2026-08-18 16:01:47:INFO:            Episode_Reward/dof_pos_limit: -0.0130
2026-08-18 16:01:47:INFO:       Episode_Reward/body_global_linvel: 0.0184
2026-08-18 16:01:47:INFO: Episode_Reward/undesired_ground_contact: 0.0000
2026-08-18 16:01:47:INFO:    Episode_Reward/torso_height_tracking: 0.1126
2026-08-18 16:01:47:INFO:          Metrics/motion/error_joint_pos: 1.3627
2026-08-18 16:01:47:INFO:           Episode_Reward/penalty_torque: -0.0043
2026-08-18 16:01:47:INFO:           Episode_Reward/body_local_pos: 0.0655
2026-08-18 16:01:47:INFO:     Episode_Reward/residual_action_rate: -0.0419
2026-08-18 16:01:47:INFO:       Episode_Termination/body_position: 15.5500
2026-08-18 16:01:47:INFO:         Metrics/motion/error_anchor_pos: 0.4333
2026-08-18 16:01:47:INFO:           Metrics/motion/error_body_rot: 1.0208
2026-08-18 16:01:47:INFO:       Metrics/motion/error_body_lin_vel: 2.3280
2026-08-18 16:01:47:INFO:       Metrics/motion/error_body_ang_vel: 10.4079
2026-08-18 16:01:47:INFO:         Episode_Termination/root_height: 41.8000
2026-08-18 16:01:47:INFO: --------------------------------------------------------------------------------
2026-08-18 16:01:47:INFO:                          Iteration time: 7.29s
2026-08-18 16:01:47:INFO:                            Time elapsed: 0:01:18
2026-08-18 16:01:47:INFO:                                     ETA: 21:47:46
2026-08-18 16:01:47:INFO: 
2026-08-18 16:01:55:INFO: ################################################################################
2026-08-18 16:01:55:INFO: [1m                          Learning iteration 10/10000                           [0m
2026-08-18 16:01:55:INFO: 
2026-08-18 16:01:55:INFO:                                Run name: teacher_8gpu_4096env_90_06_stageii
2026-08-18 16:01:55:INFO:                             Total steps: 7208960
2026-08-18 16:01:55:INFO:                        Steps per second: 86754
2026-08-18 16:01:55:INFO:                         Collection time: 5.167s
2026-08-18 16:01:55:INFO:                           Learning time: 2.388s
2026-08-18 16:01:55:INFO:                         Mean value loss: 0.4197
2026-08-18 16:01:55:INFO:                     Mean surrogate loss: -0.0122
2026-08-18 16:01:55:INFO:                       Mean entropy loss: 14.5900
2026-08-18 16:01:55:INFO:                             Mean reward: 3.09
2026-08-18 16:01:55:INFO:                     Mean episode length: 36.64
2026-08-18 16:01:55:INFO:                         Mean action std: 0.60
2026-08-18 16:01:55:INFO:     Metrics/motion/error_anchor_lin_vel: 1.9840
2026-08-18 16:01:55:INFO:     Metrics/motion/error_anchor_ang_vel: 5.6252
2026-08-18 16:01:55:INFO:        Metrics/motion/sampling_top1_bin: 0.6667
2026-08-18 16:01:55:INFO:         Episode_Reward/root_orientation: 0.0155
2026-08-18 16:01:55:INFO:            Episode_Reward/dof_vel_limit: -0.1628
2026-08-18 16:01:55:INFO:           Episode_Reward/body_local_rot: 0.0129
2026-08-18 16:01:55:INFO:         Metrics/motion/sampling_entropy: 0.9473
2026-08-18 16:01:55:INFO:    Metrics/motion/sampling_uniform_mass: 0.2500
2026-08-18 16:01:55:INFO:         Episode_Reward/smoothness_joint: -0.0556
2026-08-18 16:01:55:INFO:       Episode_Reward/joint_vel_tracking: 0.0030
2026-08-18 16:01:55:INFO:     Episode_Termination/shoulder_height: 64.5500
2026-08-18 16:01:55:INFO:          Metrics/motion/error_joint_vel: 33.2686
2026-08-18 16:01:55:INFO:  Episode_Reward/torso_world_orientation: 0.0781
2026-08-18 16:01:55:INFO: Episode_Termination/torso_ground_contact_too_long: 0.0000
2026-08-18 16:01:55:INFO:                Episode_Reward/feet_slip: -0.0128
2026-08-18 16:01:55:INFO:     Episode_Reward/feet_height_tracking: 0.0557
2026-08-18 16:01:55:INFO:       Episode_Reward/joint_pos_tracking: 0.0176
2026-08-18 16:01:55:INFO:       Episode_Reward/torso_world_angvel: 0.1207
2026-08-18 16:01:55:INFO:       Episode_Reward/body_global_angvel: 0.0027
2026-08-18 16:01:55:INFO:           Metrics/motion/error_body_pos: 0.3761
2026-08-18 16:01:55:INFO:       Metrics/motion/sampling_top1_prob: 0.1048
2026-08-18 16:01:55:INFO: Episode_Reward/undesired_self_collision: -0.0117
2026-08-18 16:01:55:INFO:       Episode_Termination/invalid_state: 0.0000
2026-08-18 16:01:55:INFO:        Episode_Reward/feet_pos_tracking: 0.0504
2026-08-18 16:01:55:INFO:              Episode_Reward/termination: -0.1000
2026-08-18 16:01:55:INFO:         Metrics/motion/error_anchor_rot: 1.1846
2026-08-18 16:01:55:INFO:            Episode_Termination/time_out: 0.0000
2026-08-18 16:01:55:INFO:            Episode_Reward/dof_pos_limit: -0.0132
2026-08-18 16:01:55:INFO:       Episode_Reward/body_global_linvel: 0.0188
2026-08-18 16:01:55:INFO: Episode_Reward/undesired_ground_contact: 0.0000
2026-08-18 16:01:55:INFO:    Episode_Reward/torso_height_tracking: 0.1155
2026-08-18 16:01:55:INFO:          Metrics/motion/error_joint_pos: 1.3582
2026-08-18 16:01:55:INFO:           Episode_Reward/penalty_torque: -0.0043
2026-08-18 16:01:55:INFO:           Episode_Reward/body_local_pos: 0.0669
2026-08-18 16:01:55:INFO:     Episode_Reward/residual_action_rate: -0.0421
2026-08-18 16:01:55:INFO:       Episode_Termination/body_position: 15.4000
2026-08-18 16:01:55:INFO:         Metrics/motion/error_anchor_pos: 0.4428
2026-08-18 16:01:55:INFO:           Metrics/motion/error_body_rot: 1.0180
2026-08-18 16:01:55:INFO:       Metrics/motion/error_body_lin_vel: 2.3447
2026-08-18 16:01:55:INFO:       Metrics/motion/error_body_ang_vel: 10.3001
2026-08-18 16:01:55:INFO:         Episode_Termination/root_height: 45.8000
2026-08-18 16:01:55:INFO: --------------------------------------------------------------------------------
2026-08-18 16:01:55:INFO:                          Iteration time: 7.55s
2026-08-18 16:01:55:INFO:                            Time elapsed: 0:01:26
2026-08-18 16:01:55:INFO:                                     ETA: 21:43:05
2026-08-18 16:01:55:INFO: 
2026-08-18 16:02:04:INFO: ################################################################################
2026-08-18 16:02:04:INFO: [1m                          Learning iteration 11/10000                           [0m
2026-08-18 16:02:04:INFO: 
2026-08-18 16:02:04:INFO:                                Run name: teacher_8gpu_4096env_90_06_stageii
2026-08-18 16:02:04:INFO:                             Total steps: 7864320
2026-08-18 16:02:04:INFO:                        Steps per second: 82906
2026-08-18 16:02:04:INFO:                         Collection time: 5.438s
2026-08-18 16:02:04:INFO:                           Learning time: 2.467s
2026-08-18 16:02:04:INFO:                         Mean value loss: 0.4236
2026-08-18 16:02:04:INFO:                     Mean surrogate loss: -0.0130
2026-08-18 16:02:04:INFO:                       Mean entropy loss: 14.4138
2026-08-18 16:02:04:INFO:                             Mean reward: 4.73
2026-08-18 16:02:04:INFO:                     Mean episode length: 40.94
2026-08-18 16:02:04:INFO:                         Mean action std: 0.60
2026-08-18 16:02:04:INFO:     Metrics/motion/error_anchor_lin_vel: 1.9814
2026-08-18 16:02:04:INFO:     Metrics/motion/error_anchor_ang_vel: 5.4673
2026-08-18 16:02:04:INFO:        Metrics/motion/sampling_top1_bin: 0.6667
2026-08-18 16:02:04:INFO:         Episode_Reward/root_orientation: 0.0157
2026-08-18 16:02:04:INFO:            Episode_Reward/dof_vel_limit: -0.1477
2026-08-18 16:02:04:INFO:           Episode_Reward/body_local_rot: 0.0129
2026-08-18 16:02:04:INFO:         Metrics/motion/sampling_entropy: 0.9450
2026-08-18 16:02:04:INFO:    Metrics/motion/sampling_uniform_mass: 0.2500
2026-08-18 16:02:04:INFO:         Episode_Reward/smoothness_joint: -0.0536
2026-08-18 16:02:04:INFO:       Episode_Reward/joint_vel_tracking: 0.0031
2026-08-18 16:02:04:INFO:     Episode_Termination/shoulder_height: 60.7000
2026-08-18 16:02:04:INFO:          Metrics/motion/error_joint_vel: 32.6102
2026-08-18 16:02:04:INFO:  Episode_Reward/torso_world_orientation: 0.0796
2026-08-18 16:02:04:INFO: Episode_Termination/torso_ground_contact_too_long: 0.0000
2026-08-18 16:02:04:INFO:                Episode_Reward/feet_slip: -0.0126
2026-08-18 16:02:04:INFO:     Episode_Reward/feet_height_tracking: 0.0555
2026-08-18 16:02:04:INFO:       Episode_Reward/joint_pos_tracking: 0.0177
2026-08-18 16:02:04:INFO:       Episode_Reward/torso_world_angvel: 0.1220
2026-08-18 16:02:04:INFO:       Episode_Reward/body_global_angvel: 0.0029
2026-08-18 16:02:04:INFO:           Metrics/motion/error_body_pos: 0.3771
2026-08-18 16:02:04:INFO:       Metrics/motion/sampling_top1_prob: 0.1058
2026-08-18 16:02:04:INFO: Episode_Reward/undesired_self_collision: -0.0104
2026-08-18 16:02:04:INFO:       Episode_Termination/invalid_state: 0.0000
2026-08-18 16:02:04:INFO:        Episode_Reward/feet_pos_tracking: 0.0510
2026-08-18 16:02:04:INFO:              Episode_Reward/termination: -0.1000
2026-08-18 16:02:04:INFO:         Metrics/motion/error_anchor_rot: 1.1684
2026-08-18 16:02:04:INFO:            Episode_Termination/time_out: 0.0000
2026-08-18 16:02:04:INFO:            Episode_Reward/dof_pos_limit: -0.0127
2026-08-18 16:02:04:INFO:       Episode_Reward/body_global_linvel: 0.0188
2026-08-18 16:02:04:INFO: Episode_Reward/undesired_ground_contact: 0.0000
2026-08-18 16:02:04:INFO:    Episode_Reward/torso_height_tracking: 0.1155
2026-08-18 16:02:04:INFO:          Metrics/motion/error_joint_pos: 1.3603
2026-08-18 16:02:04:INFO:           Episode_Reward/penalty_torque: -0.0042
2026-08-18 16:02:04:INFO:           Episode_Reward/body_local_pos: 0.0670
2026-08-18 16:02:04:INFO:     Episode_Reward/residual_action_rate: -0.0413
2026-08-18 16:02:04:INFO:       Episode_Termination/body_position: 13.4500
2026-08-18 16:02:04:INFO:         Metrics/motion/error_anchor_pos: 0.4402
2026-08-18 16:02:04:INFO:           Metrics/motion/error_body_rot: 1.0051
2026-08-18 16:02:04:INFO:       Metrics/motion/error_body_lin_vel: 2.3608
2026-08-18 16:02:04:INFO:       Metrics/motion/error_body_ang_vel: 10.0842
2026-08-18 16:02:04:INFO:         Episode_Termination/root_height: 50.4500
2026-08-18 16:02:04:INFO: --------------------------------------------------------------------------------
2026-08-18 16:02:04:INFO:                          Iteration time: 7.90s
2026-08-18 16:02:04:INFO:                            Time elapsed: 0:01:34
2026-08-18 16:02:04:INFO:                                     ETA: 21:44:02
2026-08-18 16:02:04:INFO: 
2026-08-18 16:02:12:INFO: ################################################################################
2026-08-18 16:02:12:INFO: [1m                          Learning iteration 12/10000                           [0m
2026-08-18 16:02:12:INFO: 
2026-08-18 16:02:12:INFO:                                Run name: teacher_8gpu_4096env_90_06_stageii
2026-08-18 16:02:12:INFO:                             Total steps: 8519680
2026-08-18 16:02:12:INFO:                        Steps per second: 85866
2026-08-18 16:02:12:INFO:                         Collection time: 5.247s
2026-08-18 16:02:12:INFO:                           Learning time: 2.385s
2026-08-18 16:02:12:INFO:                         Mean value loss: 0.4183
2026-08-18 16:02:12:INFO:                     Mean surrogate loss: -0.0115
2026-08-18 16:02:12:INFO:                       Mean entropy loss: 14.2324
2026-08-18 16:02:12:INFO:                             Mean reward: 4.13
2026-08-18 16:02:12:INFO:                     Mean episode length: 38.27
2026-08-18 16:02:12:INFO:                         Mean action std: 0.59
2026-08-18 16:02:12:INFO:     Metrics/motion/error_anchor_lin_vel: 1.9949
2026-08-18 16:02:12:INFO:     Metrics/motion/error_anchor_ang_vel: 5.3680
2026-08-18 16:02:12:INFO:        Metrics/motion/sampling_top1_bin: 0.6667
2026-08-18 16:02:12:INFO:         Episode_Reward/root_orientation: 0.0162
2026-08-18 16:02:12:INFO:            Episode_Reward/dof_vel_limit: -0.1398
2026-08-18 16:02:12:INFO:           Episode_Reward/body_local_rot: 0.0132
2026-08-18 16:02:12:INFO:         Metrics/motion/sampling_entropy: 0.9429
2026-08-18 16:02:12:INFO:    Metrics/motion/sampling_uniform_mass: 0.2500
2026-08-18 16:02:12:INFO:         Episode_Reward/smoothness_joint: -0.0536
2026-08-18 16:02:12:INFO:       Episode_Reward/joint_vel_tracking: 0.0033
2026-08-18 16:02:12:INFO:     Episode_Termination/shoulder_height: 61.4500
2026-08-18 16:02:12:INFO:          Metrics/motion/error_joint_vel: 32.1755
2026-08-18 16:02:12:INFO:  Episode_Reward/torso_world_orientation: 0.0823
2026-08-18 16:02:12:INFO: Episode_Termination/torso_ground_contact_too_long: 0.0000
2026-08-18 16:02:12:INFO:                Episode_Reward/feet_slip: -0.0126
2026-08-18 16:02:12:INFO:     Episode_Reward/feet_height_tracking: 0.0569
2026-08-18 16:02:12:INFO:       Episode_Reward/joint_pos_tracking: 0.0181
2026-08-18 16:02:12:INFO:       Episode_Reward/torso_world_angvel: 0.1258
2026-08-18 16:02:12:INFO:       Episode_Reward/body_global_angvel: 0.0032
2026-08-18 16:02:12:INFO:           Metrics/motion/error_body_pos: 0.3743
2026-08-18 16:02:12:INFO:       Metrics/motion/sampling_top1_prob: 0.1080
2026-08-18 16:02:12:INFO: Episode_Reward/undesired_self_collision: -0.0092
2026-08-18 16:02:12:INFO:       Episode_Termination/invalid_state: 0.0000
2026-08-18 16:02:12:INFO:        Episode_Reward/feet_pos_tracking: 0.0525
2026-08-18 16:02:12:INFO:              Episode_Reward/termination: -0.1000
2026-08-18 16:02:12:INFO:         Metrics/motion/error_anchor_rot: 1.1460
2026-08-18 16:02:12:INFO:            Episode_Termination/time_out: 0.0000
2026-08-18 16:02:12:INFO:            Episode_Reward/dof_pos_limit: -0.0128
2026-08-18 16:02:12:INFO:       Episode_Reward/body_global_linvel: 0.0195
2026-08-18 16:02:12:INFO: Episode_Reward/undesired_ground_contact: 0.0000
2026-08-18 16:02:12:INFO:    Episode_Reward/torso_height_tracking: 0.1191
2026-08-18 16:02:12:INFO:          Metrics/motion/error_joint_pos: 1.3653
2026-08-18 16:02:12:INFO:           Episode_Reward/penalty_torque: -0.0043
2026-08-18 16:02:12:INFO:           Episode_Reward/body_local_pos: 0.0686
2026-08-18 16:02:12:INFO:     Episode_Reward/residual_action_rate: -0.0416
2026-08-18 16:02:12:INFO:       Episode_Termination/body_position: 13.9000
2026-08-18 16:02:12:INFO:         Metrics/motion/error_anchor_pos: 0.4500
2026-08-18 16:02:12:INFO:           Metrics/motion/error_body_rot: 0.9993
2026-08-18 16:02:12:INFO:       Metrics/motion/error_body_lin_vel: 2.3481
2026-08-18 16:02:12:INFO:       Metrics/motion/error_body_ang_vel: 9.9869
2026-08-18 16:02:12:INFO:         Episode_Termination/root_height: 49.2000
2026-08-18 16:02:12:INFO: --------------------------------------------------------------------------------
2026-08-18 16:02:12:INFO:                          Iteration time: 7.63s
2026-08-18 16:02:12:INFO:                            Time elapsed: 0:01:41
2026-08-18 16:02:12:INFO:                                     ETA: 21:41:20
2026-08-18 16:02:12:INFO: 
2026-08-18 16:02:20:INFO: ################################################################################
2026-08-18 16:02:20:INFO: [1m                          Learning iteration 13/10000                           [0m
2026-08-18 16:02:20:INFO: 
2026-08-18 16:02:20:INFO:                                Run name: teacher_8gpu_4096env_90_06_stageii
2026-08-18 16:02:20:INFO:                             Total steps: 9175040
2026-08-18 16:02:20:INFO:                        Steps per second: 84100
2026-08-18 16:02:20:INFO:                         Collection time: 5.503s
2026-08-18 16:02:20:INFO:                           Learning time: 2.289s
2026-08-18 16:02:20:INFO:                         Mean value loss: 0.4024
2026-08-18 16:02:20:INFO:                     Mean surrogate loss: -0.0117
2026-08-18 16:02:20:INFO:                       Mean entropy loss: 14.0646
2026-08-18 16:02:20:INFO:                             Mean reward: 4.14
2026-08-18 16:02:20:INFO:                     Mean episode length: 36.93
2026-08-18 16:02:20:INFO:                         Mean action std: 0.58
2026-08-18 16:02:20:INFO:     Metrics/motion/error_anchor_lin_vel: 1.9930
2026-08-18 16:02:20:INFO:     Metrics/motion/error_anchor_ang_vel: 5.4153
2026-08-18 16:02:20:INFO:        Metrics/motion/sampling_top1_bin: 0.6667
2026-08-18 16:02:20:INFO:         Episode_Reward/root_orientation: 0.0163
2026-08-18 16:02:20:INFO:            Episode_Reward/dof_vel_limit: -0.1309
2026-08-18 16:02:20:INFO:           Episode_Reward/body_local_rot: 0.0134
2026-08-18 16:02:20:INFO:         Metrics/motion/sampling_entropy: 0.9414
2026-08-18 16:02:20:INFO:    Metrics/motion/sampling_uniform_mass: 0.2500
2026-08-18 16:02:20:INFO:         Episode_Reward/smoothness_joint: -0.0519
2026-08-18 16:02:20:INFO:       Episode_Reward/joint_vel_tracking: 0.0033
2026-08-18 16:02:20:INFO:     Episode_Termination/shoulder_height: 61.3500
2026-08-18 16:02:20:INFO:          Metrics/motion/error_joint_vel: 31.9102
2026-08-18 16:02:20:INFO:  Episode_Reward/torso_world_orientation: 0.0828
2026-08-18 16:02:20:INFO: Episode_Termination/torso_ground_contact_too_long: 0.0000
2026-08-18 16:02:20:INFO:                Episode_Reward/feet_slip: -0.0122
2026-08-18 16:02:20:INFO:     Episode_Reward/feet_height_tracking: 0.0572
2026-08-18 16:02:20:INFO:       Episode_Reward/joint_pos_tracking: 0.0182
2026-08-18 16:02:20:INFO:       Episode_Reward/torso_world_angvel: 0.1270
2026-08-18 16:02:20:INFO:       Episode_Reward/body_global_angvel: 0.0033
2026-08-18 16:02:20:INFO:           Metrics/motion/error_body_pos: 0.3769
2026-08-18 16:02:20:INFO:       Metrics/motion/sampling_top1_prob: 0.1111
2026-08-18 16:02:20:INFO: Episode_Reward/undesired_self_collision: -0.0084
2026-08-18 16:02:20:INFO:       Episode_Termination/invalid_state: 0.0000
2026-08-18 16:02:20:INFO:        Episode_Reward/feet_pos_tracking: 0.0531
2026-08-18 16:02:20:INFO:              Episode_Reward/termination: -0.1000
2026-08-18 16:02:20:INFO:         Metrics/motion/error_anchor_rot: 1.1576
2026-08-18 16:02:20:INFO:            Episode_Termination/time_out: 0.0000
2026-08-18 16:02:20:INFO:            Episode_Reward/dof_pos_limit: -0.0124
2026-08-18 16:02:20:INFO:       Episode_Reward/body_global_linvel: 0.0198
2026-08-18 16:02:20:INFO: Episode_Reward/undesired_ground_contact: 0.0000
2026-08-18 16:02:20:INFO:    Episode_Reward/torso_height_tracking: 0.1190
2026-08-18 16:02:20:INFO:          Metrics/motion/error_joint_pos: 1.3507
2026-08-18 16:02:20:INFO:           Episode_Reward/penalty_torque: -0.0042
2026-08-18 16:02:20:INFO:           Episode_Reward/body_local_pos: 0.0691
2026-08-18 16:02:20:INFO:     Episode_Reward/residual_action_rate: -0.0411
2026-08-18 16:02:20:INFO:       Episode_Termination/body_position: 12.0500
2026-08-18 16:02:20:INFO:         Metrics/motion/error_anchor_pos: 0.4525
2026-08-18 16:02:20:INFO:           Metrics/motion/error_body_rot: 1.0010
2026-08-18 16:02:20:INFO:       Metrics/motion/error_body_lin_vel: 2.3365
2026-08-18 16:02:20:INFO:       Metrics/motion/error_body_ang_vel: 9.9370
2026-08-18 16:02:20:INFO:         Episode_Termination/root_height: 50.5500
2026-08-18 16:02:20:INFO: --------------------------------------------------------------------------------
2026-08-18 16:02:20:INFO:                          Iteration time: 7.79s
2026-08-18 16:02:20:INFO:                            Time elapsed: 0:01:49
2026-08-18 16:02:20:INFO:                                     ETA: 21:40:53
2026-08-18 16:02:20:INFO: 
2026-08-18 16:02:28:INFO: ################################################################################
2026-08-18 16:02:28:INFO: [1m                          Learning iteration 14/10000                           [0m
2026-08-18 16:02:28:INFO: 
2026-08-18 16:02:28:INFO:                                Run name: teacher_8gpu_4096env_90_06_stageii
2026-08-18 16:02:28:INFO:                             Total steps: 9830400
2026-08-18 16:02:28:INFO:                        Steps per second: 85757
2026-08-18 16:02:28:INFO:                         Collection time: 5.277s
2026-08-18 16:02:28:INFO:                           Learning time: 2.365s
2026-08-18 16:02:28:INFO:                         Mean value loss: 0.4109
2026-08-18 16:02:28:INFO:                     Mean surrogate loss: -0.0107
2026-08-18 16:02:28:INFO:                       Mean entropy loss: 13.8680
2026-08-18 16:02:28:INFO:                             Mean reward: 5.12
2026-08-18 16:02:28:INFO:                     Mean episode length: 38.69
2026-08-18 16:02:28:INFO:                         Mean action std: 0.58
2026-08-18 16:02:28:INFO:     Metrics/motion/error_anchor_lin_vel: 1.9917
2026-08-18 16:02:28:INFO:     Metrics/motion/error_anchor_ang_vel: 5.4163
2026-08-18 16:02:28:INFO:        Metrics/motion/sampling_top1_bin: 0.6667
2026-08-18 16:02:28:INFO:         Episode_Reward/root_orientation: 0.0164
2026-08-18 16:02:28:INFO:            Episode_Reward/dof_vel_limit: -0.1219
2026-08-18 16:02:28:INFO:           Episode_Reward/body_local_rot: 0.0134
2026-08-18 16:02:28:INFO:         Metrics/motion/sampling_entropy: 0.9391
2026-08-18 16:02:28:INFO:    Metrics/motion/sampling_uniform_mass: 0.2500
2026-08-18 16:02:28:INFO:         Episode_Reward/smoothness_joint: -0.0513
2026-08-18 16:02:28:INFO:       Episode_Reward/joint_vel_tracking: 0.0034
2026-08-18 16:02:28:INFO:     Episode_Termination/shoulder_height: 62.3000
2026-08-18 16:02:28:INFO:          Metrics/motion/error_joint_vel: 31.5644
2026-08-18 16:02:28:INFO:  Episode_Reward/torso_world_orientation: 0.0832
2026-08-18 16:02:28:INFO: Episode_Termination/torso_ground_contact_too_long: 0.0000
2026-08-18 16:02:28:INFO:                Episode_Reward/feet_slip: -0.0122
2026-08-18 16:02:28:INFO:     Episode_Reward/feet_height_tracking: 0.0568
2026-08-18 16:02:28:INFO:       Episode_Reward/joint_pos_tracking: 0.0182
2026-08-18 16:02:28:INFO:       Episode_Reward/torso_world_angvel: 0.1278
2026-08-18 16:02:28:INFO:       Episode_Reward/body_global_angvel: 0.0035
2026-08-18 16:02:28:INFO:           Metrics/motion/error_body_pos: 0.3801
2026-08-18 16:02:28:INFO:       Metrics/motion/sampling_top1_prob: 0.1133
2026-08-18 16:02:28:INFO: Episode_Reward/undesired_self_collision: -0.0074
2026-08-18 16:02:28:INFO:       Episode_Termination/invalid_state: 0.0000
2026-08-18 16:02:28:INFO:        Episode_Reward/feet_pos_tracking: 0.0535
2026-08-18 16:02:28:INFO:              Episode_Reward/termination: -0.1000
2026-08-18 16:02:28:INFO:         Metrics/motion/error_anchor_rot: 1.1519
2026-08-18 16:02:28:INFO:            Episode_Termination/time_out: 0.0000
2026-08-18 16:02:28:INFO:            Episode_Reward/dof_pos_limit: -0.0123
2026-08-18 16:02:28:INFO:       Episode_Reward/body_global_linvel: 0.0196
2026-08-18 16:02:28:INFO: Episode_Reward/undesired_ground_contact: 0.0000
2026-08-18 16:02:28:INFO:    Episode_Reward/torso_height_tracking: 0.1195
2026-08-18 16:02:28:INFO:          Metrics/motion/error_joint_pos: 1.3447
2026-08-18 16:02:28:INFO:           Episode_Reward/penalty_torque: -0.0041
2026-08-18 16:02:28:INFO:           Episode_Reward/body_local_pos: 0.0692
2026-08-18 16:02:28:INFO:     Episode_Reward/residual_action_rate: -0.0405
2026-08-18 16:02:28:INFO:       Episode_Termination/body_position: 11.6000
2026-08-18 16:02:28:INFO:         Metrics/motion/error_anchor_pos: 0.4504
2026-08-18 16:02:28:INFO:           Metrics/motion/error_body_rot: 0.9952
2026-08-18 16:02:28:INFO:       Metrics/motion/error_body_lin_vel: 2.3450
2026-08-18 16:02:28:INFO:       Metrics/motion/error_body_ang_vel: 9.9047
2026-08-18 16:02:28:INFO:         Episode_Termination/root_height: 51.7000
2026-08-18 16:02:28:INFO: --------------------------------------------------------------------------------
2026-08-18 16:02:28:INFO:                          Iteration time: 7.64s
2026-08-18 16:02:28:INFO:                            Time elapsed: 0:01:57
2026-08-18 16:02:28:INFO:                                     ETA: 21:38:50
2026-08-18 16:02:28:INFO: 
2026-08-18 16:02:37:INFO: ################################################################################
2026-08-18 16:02:37:INFO: [1m                          Learning iteration 15/10000                           [0m
2026-08-18 16:02:37:INFO: 
2026-08-18 16:02:37:INFO:                                Run name: teacher_8gpu_4096env_90_06_stageii
2026-08-18 16:02:37:INFO:                             Total steps: 10485760
2026-08-18 16:02:37:INFO:                        Steps per second: 79855
2026-08-18 16:02:37:INFO:                         Collection time: 5.806s
2026-08-18 16:02:37:INFO:                           Learning time: 2.400s
2026-08-18 16:02:37:INFO:                         Mean value loss: 0.4172
2026-08-18 16:02:37:INFO:                     Mean surrogate loss: -0.0101
2026-08-18 16:02:37:INFO:                       Mean entropy loss: 13.6821
2026-08-18 16:02:37:INFO:                             Mean reward: 5.70
2026-08-18 16:02:37:INFO:                     Mean episode length: 40.19
2026-08-18 16:02:37:INFO:                         Mean action std: 0.57
2026-08-18 16:02:37:INFO:     Metrics/motion/error_anchor_lin_vel: 1.9868
2026-08-18 16:02:37:INFO:     Metrics/motion/error_anchor_ang_vel: 5.2419
2026-08-18 16:02:37:INFO:        Metrics/motion/sampling_top1_bin: 0.6667
2026-08-18 16:02:37:INFO:         Episode_Reward/root_orientation: 0.0164
2026-08-18 16:02:37:INFO:            Episode_Reward/dof_vel_limit: -0.1136
2026-08-18 16:02:37:INFO:           Episode_Reward/body_local_rot: 0.0133
2026-08-18 16:02:37:INFO:         Metrics/motion/sampling_entropy: 0.9371
2026-08-18 16:02:37:INFO:    Metrics/motion/sampling_uniform_mass: 0.2500
2026-08-18 16:02:37:INFO:         Episode_Reward/smoothness_joint: -0.0500
2026-08-18 16:02:37:INFO:       Episode_Reward/joint_vel_tracking: 0.0034
2026-08-18 16:02:37:INFO:     Episode_Termination/shoulder_height: 60.1500
2026-08-18 16:02:37:INFO:          Metrics/motion/error_joint_vel: 30.9879
2026-08-18 16:02:37:INFO:  Episode_Reward/torso_world_orientation: 0.0837
2026-08-18 16:02:37:INFO: Episode_Termination/torso_ground_contact_too_long: 0.0000
2026-08-18 16:02:37:INFO:                Episode_Reward/feet_slip: -0.0119
2026-08-18 16:02:37:INFO:     Episode_Reward/feet_height_tracking: 0.0562
2026-08-18 16:02:37:INFO:       Episode_Reward/joint_pos_tracking: 0.0181
2026-08-18 16:02:37:INFO:       Episode_Reward/torso_world_angvel: 0.1278
2026-08-18 16:02:37:INFO:       Episode_Reward/body_global_angvel: 0.0035
2026-08-18 16:02:37:INFO:           Metrics/motion/error_body_pos: 0.3772
2026-08-18 16:02:37:INFO:       Metrics/motion/sampling_top1_prob: 0.1147
2026-08-18 16:02:37:INFO: Episode_Reward/undesired_self_collision: -0.0065
2026-08-18 16:02:37:INFO:       Episode_Termination/invalid_state: 0.0000
2026-08-18 16:02:37:INFO:        Episode_Reward/feet_pos_tracking: 0.0534
2026-08-18 16:02:37:INFO:              Episode_Reward/termination: -0.1000
2026-08-18 16:02:37:INFO:         Metrics/motion/error_anchor_rot: 1.1112
2026-08-18 16:02:37:INFO:            Episode_Termination/time_out: 0.0000
2026-08-18 16:02:37:INFO:            Episode_Reward/dof_pos_limit: -0.0124
2026-08-18 16:02:37:INFO:       Episode_Reward/body_global_linvel: 0.0195
2026-08-18 16:02:37:INFO: Episode_Reward/undesired_ground_contact: 0.0000
2026-08-18 16:02:37:INFO:    Episode_Reward/torso_height_tracking: 0.1188
2026-08-18 16:02:37:INFO:          Metrics/motion/error_joint_pos: 1.3389
2026-08-18 16:02:37:INFO:           Episode_Reward/penalty_torque: -0.0041
2026-08-18 16:02:37:INFO:           Episode_Reward/body_local_pos: 0.0689
2026-08-18 16:02:37:INFO:     Episode_Reward/residual_action_rate: -0.0397
2026-08-18 16:02:37:INFO:       Episode_Termination/body_position: 10.9000
2026-08-18 16:02:37:INFO:         Metrics/motion/error_anchor_pos: 0.4498
2026-08-18 16:02:37:INFO:           Metrics/motion/error_body_rot: 0.9762
2026-08-18 16:02:37:INFO:       Metrics/motion/error_body_lin_vel: 2.3222
2026-08-18 16:02:37:INFO:       Metrics/motion/error_body_ang_vel: 9.7312
2026-08-18 16:02:37:INFO:         Episode_Termination/root_height: 50.9500
2026-08-18 16:02:37:INFO: --------------------------------------------------------------------------------
2026-08-18 16:02:37:INFO:                          Iteration time: 8.21s
2026-08-18 16:02:37:INFO:                            Time elapsed: 0:02:05
2026-08-18 16:02:37:INFO:                                     ETA: 21:42:53
2026-08-18 16:02:37:INFO: 
2026-08-18 16:02:46:INFO: ################################################################################
2026-08-18 16:02:46:INFO: [1m                          Learning iteration 16/10000                           [0m
2026-08-18 16:02:46:INFO: 
2026-08-18 16:02:46:INFO:                                Run name: teacher_8gpu_4096env_90_06_stageii
2026-08-18 16:02:46:INFO:                             Total steps: 11141120
2026-08-18 16:02:46:INFO:                        Steps per second: 85624
2026-08-18 16:02:46:INFO:                         Collection time: 5.229s
2026-08-18 16:02:46:INFO:                           Learning time: 2.425s
2026-08-18 16:02:46:INFO:                         Mean value loss: 0.4022
2026-08-18 16:02:46:INFO:                     Mean surrogate loss: -0.0103
2026-08-18 16:02:46:INFO:                       Mean entropy loss: 13.5061
2026-08-18 16:02:46:INFO:                             Mean reward: 6.37
2026-08-18 16:02:46:INFO:                     Mean episode length: 42.01
2026-08-18 16:02:46:INFO:                         Mean action std: 0.56
2026-08-18 16:02:46:INFO:     Metrics/motion/error_anchor_lin_vel: 1.9992
2026-08-18 16:02:46:INFO:     Metrics/motion/error_anchor_ang_vel: 5.3471
2026-08-18 16:02:46:INFO:        Metrics/motion/sampling_top1_bin: 0.6667
2026-08-18 16:02:46:INFO:         Episode_Reward/root_orientation: 0.0171
2026-08-18 16:02:46:INFO:            Episode_Reward/dof_vel_limit: -0.1098
2026-08-18 16:02:46:INFO:           Episode_Reward/body_local_rot: 0.0139
2026-08-18 16:02:46:INFO:         Metrics/motion/sampling_entropy: 0.9358
2026-08-18 16:02:46:INFO:    Metrics/motion/sampling_uniform_mass: 0.2500
2026-08-18 16:02:46:INFO:         Episode_Reward/smoothness_joint: -0.0512
2026-08-18 16:02:46:INFO:       Episode_Reward/joint_vel_tracking: 0.0037
2026-08-18 16:02:46:INFO:     Episode_Termination/shoulder_height: 61.3500
2026-08-18 16:02:46:INFO:          Metrics/motion/error_joint_vel: 31.0812
2026-08-18 16:02:46:INFO:  Episode_Reward/torso_world_orientation: 0.0875
2026-08-18 16:02:46:INFO: Episode_Termination/torso_ground_contact_too_long: 0.0000
2026-08-18 16:02:46:INFO:                Episode_Reward/feet_slip: -0.0121
2026-08-18 16:02:46:INFO:     Episode_Reward/feet_height_tracking: 0.0589
2026-08-18 16:02:46:INFO:       Episode_Reward/joint_pos_tracking: 0.0189
2026-08-18 16:02:46:INFO:       Episode_Reward/torso_world_angvel: 0.1340
2026-08-18 16:02:46:INFO:       Episode_Reward/body_global_angvel: 0.0039
2026-08-18 16:02:46:INFO:           Metrics/motion/error_body_pos: 0.3824
2026-08-18 16:02:46:INFO:       Metrics/motion/sampling_top1_prob: 0.1165
2026-08-18 16:02:46:INFO: Episode_Reward/undesired_self_collision: -0.0068
2026-08-18 16:02:46:INFO:       Episode_Termination/invalid_state: 0.0000
2026-08-18 16:02:46:INFO:        Episode_Reward/feet_pos_tracking: 0.0560
2026-08-18 16:02:46:INFO:              Episode_Reward/termination: -0.1000
2026-08-18 16:02:46:INFO:         Metrics/motion/error_anchor_rot: 1.1436
2026-08-18 16:02:46:INFO:            Episode_Termination/time_out: 0.0000
2026-08-18 16:02:46:INFO:            Episode_Reward/dof_pos_limit: -0.0127
2026-08-18 16:02:46:INFO:       Episode_Reward/body_global_linvel: 0.0207
2026-08-18 16:02:46:INFO: Episode_Reward/undesired_ground_contact: 0.0000
2026-08-18 16:02:46:INFO:    Episode_Reward/torso_height_tracking: 0.1240
2026-08-18 16:02:46:INFO:          Metrics/motion/error_joint_pos: 1.3294
2026-08-18 16:02:46:INFO:           Episode_Reward/penalty_torque: -0.0042
2026-08-18 16:02:46:INFO:           Episode_Reward/body_local_pos: 0.0717
2026-08-18 16:02:46:INFO:     Episode_Reward/residual_action_rate: -0.0407
2026-08-18 16:02:46:INFO:       Episode_Termination/body_position: 9.5500
2026-08-18 16:02:46:INFO:         Metrics/motion/error_anchor_pos: 0.4630
2026-08-18 16:02:46:INFO:           Metrics/motion/error_body_rot: 1.0040
2026-08-18 16:02:46:INFO:       Metrics/motion/error_body_lin_vel: 2.3337
2026-08-18 16:02:46:INFO:       Metrics/motion/error_body_ang_vel: 9.8056
2026-08-18 16:02:46:INFO:         Episode_Termination/root_height: 50.9000
2026-08-18 16:02:46:INFO: --------------------------------------------------------------------------------
2026-08-18 16:02:46:INFO:                          Iteration time: 7.65s
2026-08-18 16:02:46:INFO:                            Time elapsed: 0:02:12
2026-08-18 16:02:46:INFO:                                     ETA: 21:41:02
2026-08-18 16:02:46:INFO: 
2026-08-18 16:02:54:INFO: ################################################################################
2026-08-18 16:02:54:INFO: [1m                          Learning iteration 17/10000                           [0m
2026-08-18 16:02:54:INFO: 
2026-08-18 16:02:54:INFO:                                Run name: teacher_8gpu_4096env_90_06_stageii
2026-08-18 16:02:54:INFO:                             Total steps: 11796480
2026-08-18 16:02:54:INFO:                        Steps per second: 83120
2026-08-18 16:02:54:INFO:                         Collection time: 5.541s
2026-08-18 16:02:54:INFO:                           Learning time: 2.344s
2026-08-18 16:02:54:INFO:                         Mean value loss: 0.3912
2026-08-18 16:02:54:INFO:                     Mean surrogate loss: -0.0096
2026-08-18 16:02:54:INFO:                       Mean entropy loss: 13.3362
2026-08-18 16:02:54:INFO:                             Mean reward: 5.78
2026-08-18 16:02:54:INFO:                     Mean episode length: 39.45
2026-08-18 16:02:54:INFO:                         Mean action std: 0.56
2026-08-18 16:02:54:INFO:     Metrics/motion/error_anchor_lin_vel: 2.0237
2026-08-18 16:02:54:INFO:     Metrics/motion/error_anchor_ang_vel: 5.1707
2026-08-18 16:02:54:INFO:        Metrics/motion/sampling_top1_bin: 0.6667
2026-08-18 16:02:54:INFO:         Episode_Reward/root_orientation: 0.0174
2026-08-18 16:02:54:INFO:            Episode_Reward/dof_vel_limit: -0.1012
2026-08-18 16:02:54:INFO:           Episode_Reward/body_local_rot: 0.0141
2026-08-18 16:02:54:INFO:         Metrics/motion/sampling_entropy: 0.9347
2026-08-18 16:02:54:INFO:    Metrics/motion/sampling_uniform_mass: 0.2500
2026-08-18 16:02:54:INFO:         Episode_Reward/smoothness_joint: -0.0502
2026-08-18 16:02:54:INFO:       Episode_Reward/joint_vel_tracking: 0.0038
2026-08-18 16:02:54:INFO:     Episode_Termination/shoulder_height: 56.8000
2026-08-18 16:02:54:INFO:          Metrics/motion/error_joint_vel: 30.5039
2026-08-18 16:02:54:INFO:  Episode_Reward/torso_world_orientation: 0.0887
2026-08-18 16:02:54:INFO: Episode_Termination/torso_ground_contact_too_long: 0.0000
2026-08-18 16:02:54:INFO:                Episode_Reward/feet_slip: -0.0120
2026-08-18 16:02:54:INFO:     Episode_Reward/feet_height_tracking: 0.0591
2026-08-18 16:02:54:INFO:       Episode_Reward/joint_pos_tracking: 0.0191
2026-08-18 16:02:54:INFO:       Episode_Reward/torso_world_angvel: 0.1358
2026-08-18 16:02:54:INFO:       Episode_Reward/body_global_angvel: 0.0041
2026-08-18 16:02:54:INFO:           Metrics/motion/error_body_pos: 0.3833
2026-08-18 16:02:54:INFO:       Metrics/motion/sampling_top1_prob: 0.1171
2026-08-18 16:02:54:INFO: Episode_Reward/undesired_self_collision: -0.0058
2026-08-18 16:02:54:INFO:       Episode_Termination/invalid_state: 0.0000
2026-08-18 16:02:54:INFO:        Episode_Reward/feet_pos_tracking: 0.0567
2026-08-18 16:02:54:INFO:              Episode_Reward/termination: -0.1000
2026-08-18 16:02:54:INFO:         Metrics/motion/error_anchor_rot: 1.1492
2026-08-18 16:02:54:INFO:            Episode_Termination/time_out: 0.0000
2026-08-18 16:02:54:INFO:            Episode_Reward/dof_pos_limit: -0.0123
2026-08-18 16:02:54:INFO:       Episode_Reward/body_global_linvel: 0.0208
2026-08-18 16:02:54:INFO: Episode_Reward/undesired_ground_contact: 0.0000
2026-08-18 16:02:54:INFO:    Episode_Reward/torso_height_tracking: 0.1260
2026-08-18 16:02:54:INFO:          Metrics/motion/error_joint_pos: 1.3275
2026-08-18 16:02:54:INFO:           Episode_Reward/penalty_torque: -0.0042
2026-08-18 16:02:54:INFO:           Episode_Reward/body_local_pos: 0.0725
2026-08-18 16:02:54:INFO:     Episode_Reward/residual_action_rate: -0.0405
2026-08-18 16:02:54:INFO:       Episode_Termination/body_position: 7.9500
2026-08-18 16:02:54:INFO:         Metrics/motion/error_anchor_pos: 0.4693
2026-08-18 16:02:54:INFO:           Metrics/motion/error_body_rot: 0.9944
2026-08-18 16:02:54:INFO:       Metrics/motion/error_body_lin_vel: 2.3509
2026-08-18 16:02:54:INFO:       Metrics/motion/error_body_ang_vel: 9.5759
2026-08-18 16:02:54:INFO:         Episode_Termination/root_height: 53.4500
2026-08-18 16:02:54:INFO: --------------------------------------------------------------------------------
2026-08-18 16:02:54:INFO:                          Iteration time: 7.88s
2026-08-18 16:02:54:INFO:                            Time elapsed: 0:02:20
2026-08-18 16:02:54:INFO:                                     ETA: 21:41:30
2026-08-18 16:02:54:INFO: 
2026-08-18 16:03:02:INFO: ################################################################################
2026-08-18 16:03:02:INFO: [1m                          Learning iteration 18/10000                           [0m
2026-08-18 16:03:02:INFO: 
2026-08-18 16:03:02:INFO:                                Run name: teacher_8gpu_4096env_90_06_stageii
2026-08-18 16:03:02:INFO:                             Total steps: 12451840
2026-08-18 16:03:02:INFO:                        Steps per second: 85861
2026-08-18 16:03:02:INFO:                         Collection time: 5.280s
2026-08-18 16:03:02:INFO:                           Learning time: 2.353s
2026-08-18 16:03:02:INFO:                         Mean value loss: 0.3967
2026-08-18 16:03:02:INFO:                     Mean surrogate loss: -0.0097
2026-08-18 16:03:02:INFO:                       Mean entropy loss: 13.1528
2026-08-18 16:03:02:INFO:                             Mean reward: 6.61
2026-08-18 16:03:02:INFO:                     Mean episode length: 40.46
2026-08-18 16:03:02:INFO:                         Mean action std: 0.55
2026-08-18 16:03:02:INFO:     Metrics/motion/error_anchor_lin_vel: 2.0461
2026-08-18 16:03:02:INFO:     Metrics/motion/error_anchor_ang_vel: 5.2301
2026-08-18 16:03:02:INFO:        Metrics/motion/sampling_top1_bin: 0.6667
2026-08-18 16:03:02:INFO:         Episode_Reward/root_orientation: 0.0172
2026-08-18 16:03:02:INFO:            Episode_Reward/dof_vel_limit: -0.0974
2026-08-18 16:03:02:INFO:           Episode_Reward/body_local_rot: 0.0140
2026-08-18 16:03:02:INFO:         Metrics/motion/sampling_entropy: 0.9337
2026-08-18 16:03:02:INFO:    Metrics/motion/sampling_uniform_mass: 0.2500
2026-08-18 16:03:02:INFO:         Episode_Reward/smoothness_joint: -0.0488
2026-08-18 16:03:02:INFO:       Episode_Reward/joint_vel_tracking: 0.0039
2026-08-18 16:03:02:INFO:     Episode_Termination/shoulder_height: 60.1500
2026-08-18 16:03:02:INFO:          Metrics/motion/error_joint_vel: 30.0992
2026-08-18 16:03:02:INFO:  Episode_Reward/torso_world_orientation: 0.0883
2026-08-18 16:03:02:INFO: Episode_Termination/torso_ground_contact_too_long: 0.0000
2026-08-18 16:03:02:INFO:                Episode_Reward/feet_slip: -0.0118
2026-08-18 16:03:02:INFO:     Episode_Reward/feet_height_tracking: 0.0588
2026-08-18 16:03:02:INFO:       Episode_Reward/joint_pos_tracking: 0.0191
2026-08-18 16:03:02:INFO:       Episode_Reward/torso_world_angvel: 0.1354
2026-08-18 16:03:02:INFO:       Episode_Reward/body_global_angvel: 0.0042
2026-08-18 16:03:02:INFO:           Metrics/motion/error_body_pos: 0.3836
2026-08-18 16:03:02:INFO:       Metrics/motion/sampling_top1_prob: 0.1185
2026-08-18 16:03:02:INFO: Episode_Reward/undesired_self_collision: -0.0058
2026-08-18 16:03:02:INFO:       Episode_Termination/invalid_state: 0.0000
2026-08-18 16:03:02:INFO:        Episode_Reward/feet_pos_tracking: 0.0568
2026-08-18 16:03:02:INFO:              Episode_Reward/termination: -0.1000
2026-08-18 16:03:02:INFO:         Metrics/motion/error_anchor_rot: 1.1590
2026-08-18 16:03:02:INFO:            Episode_Termination/time_out: 0.0000
2026-08-18 16:03:02:INFO:            Episode_Reward/dof_pos_limit: -0.0121
2026-08-18 16:03:02:INFO:       Episode_Reward/body_global_linvel: 0.0207
2026-08-18 16:03:02:INFO: Episode_Reward/undesired_ground_contact: 0.0000
2026-08-18 16:03:02:INFO:    Episode_Reward/torso_height_tracking: 0.1256
2026-08-18 16:03:02:INFO:          Metrics/motion/error_joint_pos: 1.3106
2026-08-18 16:03:02:INFO:           Episode_Reward/penalty_torque: -0.0041
2026-08-18 16:03:02:INFO:           Episode_Reward/body_local_pos: 0.0722
2026-08-18 16:03:02:INFO:     Episode_Reward/residual_action_rate: -0.0397
2026-08-18 16:03:02:INFO:       Episode_Termination/body_position: 7.5000
2026-08-18 16:03:02:INFO:         Metrics/motion/error_anchor_pos: 0.4865
2026-08-18 16:03:02:INFO:           Metrics/motion/error_body_rot: 0.9995
2026-08-18 16:03:02:INFO:       Metrics/motion/error_body_lin_vel: 2.3538
2026-08-18 16:03:02:INFO:       Metrics/motion/error_body_ang_vel: 9.5968
2026-08-18 16:03:02:INFO:         Episode_Termination/root_height: 56.1500
2026-08-18 16:03:02:INFO: --------------------------------------------------------------------------------
2026-08-18 16:03:02:INFO:                          Iteration time: 7.63s
2026-08-18 16:03:02:INFO:                            Time elapsed: 0:02:28
2026-08-18 16:03:02:INFO:                                     ETA: 21:39:42
2026-08-18 16:03:02:INFO: 
2026-08-18 16:03:10:INFO: ################################################################################
2026-08-18 16:03:10:INFO: [1m                          Learning iteration 19/10000                           [0m
2026-08-18 16:03:10:INFO: 
2026-08-18 16:03:10:INFO:                                Run name: teacher_8gpu_4096env_90_06_stageii
2026-08-18 16:03:10:INFO:                             Total steps: 13107200
2026-08-18 16:03:10:INFO:                        Steps per second: 86426
2026-08-18 16:03:10:INFO:                         Collection time: 5.163s
2026-08-18 16:03:10:INFO:                           Learning time: 2.420s
2026-08-18 16:03:10:INFO:                         Mean value loss: 0.3958
2026-08-18 16:03:10:INFO:                     Mean surrogate loss: -0.0093
2026-08-18 16:03:10:INFO:                       Mean entropy loss: 12.9635
2026-08-18 16:03:10:INFO:                             Mean reward: 5.83
2026-08-18 16:03:10:INFO:                     Mean episode length: 39.07
2026-08-18 16:03:10:INFO:                         Mean action std: 0.55
2026-08-18 16:03:10:INFO:     Metrics/motion/error_anchor_lin_vel: 2.0275
2026-08-18 16:03:10:INFO:     Metrics/motion/error_anchor_ang_vel: 5.1390
2026-08-18 16:03:10:INFO:        Metrics/motion/sampling_top1_bin: 0.6667
2026-08-18 16:03:10:INFO:         Episode_Reward/root_orientation: 0.0178
2026-08-18 16:03:10:INFO:            Episode_Reward/dof_vel_limit: -0.0919
2026-08-18 16:03:10:INFO:           Episode_Reward/body_local_rot: 0.0144
2026-08-18 16:03:10:INFO:         Metrics/motion/sampling_entropy: 0.9326
2026-08-18 16:03:10:INFO:    Metrics/motion/sampling_uniform_mass: 0.2500
2026-08-18 16:03:10:INFO:         Episode_Reward/smoothness_joint: -0.0488
2026-08-18 16:03:10:INFO:       Episode_Reward/joint_vel_tracking: 0.0040
2026-08-18 16:03:10:INFO:     Episode_Termination/shoulder_height: 58.4500
2026-08-18 16:03:10:INFO:          Metrics/motion/error_joint_vel: 29.6368
2026-08-18 16:03:10:INFO:  Episode_Reward/torso_world_orientation: 0.0915
2026-08-18 16:03:10:INFO: Episode_Termination/torso_ground_contact_too_long: 0.0000
2026-08-18 16:03:10:INFO:                Episode_Reward/feet_slip: -0.0118
2026-08-18 16:03:10:INFO:     Episode_Reward/feet_height_tracking: 0.0601
2026-08-18 16:03:10:INFO:       Episode_Reward/joint_pos_tracking: 0.0195
2026-08-18 16:03:10:INFO:       Episode_Reward/torso_world_angvel: 0.1397
2026-08-18 16:03:10:INFO:       Episode_Reward/body_global_angvel: 0.0045
2026-08-18 16:03:10:INFO:           Metrics/motion/error_body_pos: 0.3828
2026-08-18 16:03:10:INFO:       Metrics/motion/sampling_top1_prob: 0.1198
2026-08-18 16:03:10:INFO: Episode_Reward/undesired_self_collision: -0.0052
2026-08-18 16:03:10:INFO:       Episode_Termination/invalid_state: 0.0000
2026-08-18 16:03:10:INFO:        Episode_Reward/feet_pos_tracking: 0.0582
2026-08-18 16:03:10:INFO:              Episode_Reward/termination: -0.1000
2026-08-18 16:03:10:INFO:         Metrics/motion/error_anchor_rot: 1.1327
2026-08-18 16:03:10:INFO:            Episode_Termination/time_out: 0.0000
2026-08-18 16:03:10:INFO:            Episode_Reward/dof_pos_limit: -0.0125
2026-08-18 16:03:10:INFO:       Episode_Reward/body_global_linvel: 0.0213
2026-08-18 16:03:10:INFO: Episode_Reward/undesired_ground_contact: 0.0000
2026-08-18 16:03:10:INFO:    Episode_Reward/torso_height_tracking: 0.1284
2026-08-18 16:03:10:INFO:          Metrics/motion/error_joint_pos: 1.3030
2026-08-18 16:03:10:INFO:           Episode_Reward/penalty_torque: -0.0042
2026-08-18 16:03:10:INFO:           Episode_Reward/body_local_pos: 0.0739
2026-08-18 16:03:10:INFO:     Episode_Reward/residual_action_rate: -0.0401
2026-08-18 16:03:10:INFO:       Episode_Termination/body_position: 7.1000
2026-08-18 16:03:10:INFO:         Metrics/motion/error_anchor_pos: 0.4834
2026-08-18 16:03:10:INFO:           Metrics/motion/error_body_rot: 0.9837
2026-08-18 16:03:10:INFO:       Metrics/motion/error_body_lin_vel: 2.3310
2026-08-18 16:03:10:INFO:       Metrics/motion/error_body_ang_vel: 9.4718
2026-08-18 16:03:10:INFO:         Episode_Termination/root_height: 54.8500
2026-08-18 16:03:10:INFO: --------------------------------------------------------------------------------
2026-08-18 16:03:10:INFO:                          Iteration time: 7.58s
2026-08-18 16:03:10:INFO:                            Time elapsed: 0:02:36
2026-08-18 16:03:10:INFO:                                     ETA: 21:37:39
2026-08-18 16:03:10:INFO: 
2026-08-18 16:03:19:INFO: ################################################################################
2026-08-18 16:03:19:INFO: [1m                          Learning iteration 20/10000                           [0m
2026-08-18 16:03:19:INFO: 
2026-08-18 16:03:19:INFO:                                Run name: teacher_8gpu_4096env_90_06_stageii
2026-08-18 16:03:19:INFO:                             Total steps: 13762560
2026-08-18 16:03:19:INFO:                        Steps per second: 85635
2026-08-18 16:03:19:INFO:                         Collection time: 5.279s
2026-08-18 16:03:19:INFO:                           Learning time: 2.374s
2026-08-18 16:03:19:INFO:                         Mean value loss: 0.4065
2026-08-18 16:03:19:INFO:                     Mean surrogate loss: -0.0087
2026-08-18 16:03:19:INFO:                       Mean entropy loss: 12.7793
2026-08-18 16:03:19:INFO:                             Mean reward: 6.47
2026-08-18 16:03:19:INFO:                     Mean episode length: 39.52
2026-08-18 16:03:19:INFO:                         Mean action std: 0.54
2026-08-18 16:03:19:INFO:     Metrics/motion/error_anchor_lin_vel: 2.0277
2026-08-18 16:03:19:INFO:     Metrics/motion/error_anchor_ang_vel: 5.2105
2026-08-18 16:03:19:INFO:        Metrics/motion/sampling_top1_bin: 0.6667
2026-08-18 16:03:19:INFO:         Episode_Reward/root_orientation: 0.0175
2026-08-18 16:03:19:INFO:            Episode_Reward/dof_vel_limit: -0.0831
2026-08-18 16:03:19:INFO:           Episode_Reward/body_local_rot: 0.0141
2026-08-18 16:03:19:INFO:         Metrics/motion/sampling_entropy: 0.9309
2026-08-18 16:03:19:INFO:    Metrics/motion/sampling_uniform_mass: 0.2500
2026-08-18 16:03:19:INFO:         Episode_Reward/smoothness_joint: -0.0474
2026-08-18 16:03:19:INFO:       Episode_Reward/joint_vel_tracking: 0.0040
2026-08-18 16:03:19:INFO:     Episode_Termination/shoulder_height: 56.2500
2026-08-18 16:03:19:INFO:          Metrics/motion/error_joint_vel: 29.4763
2026-08-18 16:03:19:INFO:  Episode_Reward/torso_world_orientation: 0.0900
2026-08-18 16:03:19:INFO: Episode_Termination/torso_ground_contact_too_long: 0.0000
2026-08-18 16:03:19:INFO:                Episode_Reward/feet_slip: -0.0116
2026-08-18 16:03:19:INFO:     Episode_Reward/feet_height_tracking: 0.0587
2026-08-18 16:03:19:INFO:       Episode_Reward/joint_pos_tracking: 0.0192
2026-08-18 16:03:19:INFO:       Episode_Reward/torso_world_angvel: 0.1374
2026-08-18 16:03:19:INFO:       Episode_Reward/body_global_angvel: 0.0046
2026-08-18 16:03:19:INFO:           Metrics/motion/error_body_pos: 0.3836
2026-08-18 16:03:19:INFO:       Metrics/motion/sampling_top1_prob: 0.1227
2026-08-18 16:03:19:INFO: Episode_Reward/undesired_self_collision: -0.0041
2026-08-18 16:03:19:INFO:       Episode_Termination/invalid_state: 0.0000
2026-08-18 16:03:19:INFO:        Episode_Reward/feet_pos_tracking: 0.0576
2026-08-18 16:03:19:INFO:              Episode_Reward/termination: -0.1000
2026-08-18 16:03:19:INFO:         Metrics/motion/error_anchor_rot: 1.1287
2026-08-18 16:03:19:INFO:            Episode_Termination/time_out: 0.0000
2026-08-18 16:03:19:INFO:            Episode_Reward/dof_pos_limit: -0.0117
2026-08-18 16:03:19:INFO:       Episode_Reward/body_global_linvel: 0.0209
2026-08-18 16:03:19:INFO: Episode_Reward/undesired_ground_contact: 0.0000
2026-08-18 16:03:19:INFO:    Episode_Reward/torso_height_tracking: 0.1262
2026-08-18 16:03:19:INFO:          Metrics/motion/error_joint_pos: 1.2980
2026-08-18 16:03:19:INFO:           Episode_Reward/penalty_torque: -0.0040
2026-08-18 16:03:19:INFO:           Episode_Reward/body_local_pos: 0.0727
2026-08-18 16:03:19:INFO:     Episode_Reward/residual_action_rate: -0.0388
2026-08-18 16:03:19:INFO:       Episode_Termination/body_position: 6.0500
2026-08-18 16:03:19:INFO:         Metrics/motion/error_anchor_pos: 0.4810
2026-08-18 16:03:19:INFO:           Metrics/motion/error_body_rot: 0.9811
2026-08-18 16:03:19:INFO:       Metrics/motion/error_body_lin_vel: 2.3369
2026-08-18 16:03:19:INFO:       Metrics/motion/error_body_ang_vel: 9.4313
2026-08-18 16:03:19:INFO:         Episode_Termination/root_height: 54.4000
2026-08-18 16:03:19:INFO: --------------------------------------------------------------------------------
2026-08-18 16:03:19:INFO:                          Iteration time: 7.65s
2026-08-18 16:03:19:INFO:                            Time elapsed: 0:02:43
2026-08-18 16:03:19:INFO:                                     ETA: 21:36:21
2026-08-18 16:03:19:INFO: 
2026-08-18 16:03:27:INFO: ################################################################################
2026-08-18 16:03:27:INFO: [1m                          Learning iteration 21/10000                           [0m
2026-08-18 16:03:27:INFO: 
2026-08-18 16:03:27:INFO:                                Run name: teacher_8gpu_4096env_90_06_stageii
2026-08-18 16:03:27:INFO:                             Total steps: 14417920
2026-08-18 16:03:27:INFO:                        Steps per second: 81268
2026-08-18 16:03:27:INFO:                         Collection time: 5.286s
2026-08-18 16:03:27:INFO:                           Learning time: 2.778s
2026-08-18 16:03:27:INFO:                         Mean value loss: 0.3924
2026-08-18 16:03:27:INFO:                     Mean surrogate loss: -0.0080
2026-08-18 16:03:27:INFO:                       Mean entropy loss: 12.5726
2026-08-18 16:03:27:INFO:                             Mean reward: 6.96
2026-08-18 16:03:27:INFO:                     Mean episode length: 40.44
2026-08-18 16:03:27:INFO:                         Mean action std: 0.54
2026-08-18 16:03:27:INFO:     Metrics/motion/error_anchor_lin_vel: 2.0412
2026-08-18 16:03:27:INFO:     Metrics/motion/error_anchor_ang_vel: 5.2132
2026-08-18 16:03:27:INFO:        Metrics/motion/sampling_top1_bin: 0.6667
2026-08-18 16:03:27:INFO:         Episode_Reward/root_orientation: 0.0183
2026-08-18 16:03:27:INFO:            Episode_Reward/dof_vel_limit: -0.0818
2026-08-18 16:03:27:INFO:           Episode_Reward/body_local_rot: 0.0147
2026-08-18 16:03:27:INFO:         Metrics/motion/sampling_entropy: 0.9293
2026-08-18 16:03:27:INFO:    Metrics/motion/sampling_uniform_mass: 0.2500
2026-08-18 16:03:27:INFO:         Episode_Reward/smoothness_joint: -0.0483
2026-08-18 16:03:27:INFO:       Episode_Reward/joint_vel_tracking: 0.0043
2026-08-18 16:03:27:INFO:     Episode_Termination/shoulder_height: 54.9500
2026-08-18 16:03:27:INFO:          Metrics/motion/error_joint_vel: 29.2617
2026-08-18 16:03:27:INFO:  Episode_Reward/torso_world_orientation: 0.0946
2026-08-18 16:03:27:INFO: Episode_Termination/torso_ground_contact_too_long: 0.0000
2026-08-18 16:03:27:INFO:                Episode_Reward/feet_slip: -0.0119
2026-08-18 16:03:27:INFO:     Episode_Reward/feet_height_tracking: 0.0614
2026-08-18 16:03:27:INFO:       Episode_Reward/joint_pos_tracking: 0.0200
2026-08-18 16:03:27:INFO:       Episode_Reward/torso_world_angvel: 0.1439
2026-08-18 16:03:27:INFO:       Episode_Reward/body_global_angvel: 0.0049
2026-08-18 16:03:27:INFO:           Metrics/motion/error_body_pos: 0.3846
2026-08-18 16:03:27:INFO:       Metrics/motion/sampling_top1_prob: 0.1258
2026-08-18 16:03:27:INFO: Episode_Reward/undesired_self_collision: -0.0050
2026-08-18 16:03:27:INFO:       Episode_Termination/invalid_state: 0.0000
2026-08-18 16:03:27:INFO:        Episode_Reward/feet_pos_tracking: 0.0601
2026-08-18 16:03:27:INFO:              Episode_Reward/termination: -0.1000
2026-08-18 16:03:27:INFO:         Metrics/motion/error_anchor_rot: 1.1285
2026-08-18 16:03:27:INFO:            Episode_Termination/time_out: 0.0000
2026-08-18 16:03:27:INFO:            Episode_Reward/dof_pos_limit: -0.0119
2026-08-18 16:03:27:INFO:       Episode_Reward/body_global_linvel: 0.0220
2026-08-18 16:03:27:INFO: Episode_Reward/undesired_ground_contact: 0.0000
2026-08-18 16:03:27:INFO:    Episode_Reward/torso_height_tracking: 0.1320
2026-08-18 16:03:27:INFO:          Metrics/motion/error_joint_pos: 1.3029
2026-08-18 16:03:27:INFO:           Episode_Reward/penalty_torque: -0.0041
2026-08-18 16:03:27:INFO:           Episode_Reward/body_local_pos: 0.0756
2026-08-18 16:03:27:INFO:     Episode_Reward/residual_action_rate: -0.0397
2026-08-18 16:03:27:INFO:       Episode_Termination/body_position: 6.3000
2026-08-18 16:03:27:INFO:         Metrics/motion/error_anchor_pos: 0.4916
2026-08-18 16:03:27:INFO:           Metrics/motion/error_body_rot: 0.9849
2026-08-18 16:03:27:INFO:       Metrics/motion/error_body_lin_vel: 2.3554
2026-08-18 16:03:27:INFO:       Metrics/motion/error_body_ang_vel: 9.4431
2026-08-18 16:03:27:INFO:         Episode_Termination/root_height: 55.4000
2026-08-18 16:03:27:INFO: --------------------------------------------------------------------------------
2026-08-18 16:03:27:INFO:                          Iteration time: 8.06s
2026-08-18 16:03:27:INFO:                            Time elapsed: 0:02:51
2026-08-18 16:03:27:INFO:                                     ETA: 21:38:15
2026-08-18 16:03:27:INFO: 
2026-08-18 16:03:35:INFO: ################################################################################
2026-08-18 16:03:35:INFO: [1m                          Learning iteration 22/10000                           [0m
2026-08-18 16:03:35:INFO: 
2026-08-18 16:03:35:INFO:                                Run name: teacher_8gpu_4096env_90_06_stageii
2026-08-18 16:03:35:INFO:                             Total steps: 15073280
2026-08-18 16:03:35:INFO:                        Steps per second: 85898
2026-08-18 16:03:35:INFO:                         Collection time: 5.283s
2026-08-18 16:03:35:INFO:                           Learning time: 2.346s
2026-08-18 16:03:35:INFO:                         Mean value loss: 0.4011
2026-08-18 16:03:35:INFO:                     Mean surrogate loss: -0.0070
2026-08-18 16:03:35:INFO:                       Mean entropy loss: 12.4324
2026-08-18 16:03:35:INFO:                             Mean reward: 8.43
2026-08-18 16:03:35:INFO:                     Mean episode length: 44.15
2026-08-18 16:03:35:INFO:                         Mean action std: 0.53
2026-08-18 16:03:35:INFO:     Metrics/motion/error_anchor_lin_vel: 2.0204
2026-08-18 16:03:35:INFO:     Metrics/motion/error_anchor_ang_vel: 5.1131
2026-08-18 16:03:35:INFO:        Metrics/motion/sampling_top1_bin: 0.6667
2026-08-18 16:03:35:INFO:         Episode_Reward/root_orientation: 0.0189
2026-08-18 16:03:35:INFO:            Episode_Reward/dof_vel_limit: -0.0768
2026-08-18 16:03:35:INFO:           Episode_Reward/body_local_rot: 0.0151
2026-08-18 16:03:35:INFO:         Metrics/motion/sampling_entropy: 0.9280
2026-08-18 16:03:35:INFO:    Metrics/motion/sampling_uniform_mass: 0.2500
2026-08-18 16:03:35:INFO:         Episode_Reward/smoothness_joint: -0.0488
2026-08-18 16:03:35:INFO:       Episode_Reward/joint_vel_tracking: 0.0044
2026-08-18 16:03:35:INFO:     Episode_Termination/shoulder_height: 53.5500
2026-08-18 16:03:35:INFO:          Metrics/motion/error_joint_vel: 28.7073
2026-08-18 16:03:35:INFO:  Episode_Reward/torso_world_orientation: 0.0978
2026-08-18 16:03:35:INFO: Episode_Termination/torso_ground_contact_too_long: 0.0000
2026-08-18 16:03:35:INFO:                Episode_Reward/feet_slip: -0.0120
2026-08-18 16:03:35:INFO:     Episode_Reward/feet_height_tracking: 0.0627
2026-08-18 16:03:35:INFO:       Episode_Reward/joint_pos_tracking: 0.0204
2026-08-18 16:03:35:INFO:       Episode_Reward/torso_world_angvel: 0.1478
2026-08-18 16:03:35:INFO:       Episode_Reward/body_global_angvel: 0.0052
2026-08-18 16:03:35:INFO:           Metrics/motion/error_body_pos: 0.3832
2026-08-18 16:03:35:INFO:       Metrics/motion/sampling_top1_prob: 0.1270
2026-08-18 16:03:35:INFO: Episode_Reward/undesired_self_collision: -0.0045
2026-08-18 16:03:35:INFO:       Episode_Termination/invalid_state: 0.0000
2026-08-18 16:03:35:INFO:        Episode_Reward/feet_pos_tracking: 0.0615
2026-08-18 16:03:35:INFO:              Episode_Reward/termination: -0.1000
2026-08-18 16:03:35:INFO:         Metrics/motion/error_anchor_rot: 1.1088
2026-08-18 16:03:35:INFO:            Episode_Termination/time_out: 0.0000
2026-08-18 16:03:35:INFO:            Episode_Reward/dof_pos_limit: -0.0120
2026-08-18 16:03:35:INFO:       Episode_Reward/body_global_linvel: 0.0227
2026-08-18 16:03:35:INFO: Episode_Reward/undesired_ground_contact: 0.0000
2026-08-18 16:03:35:INFO:    Episode_Reward/torso_height_tracking: 0.1349
2026-08-18 16:03:35:INFO:          Metrics/motion/error_joint_pos: 1.3074
2026-08-18 16:03:35:INFO:           Episode_Reward/penalty_torque: -0.0042
2026-08-18 16:03:35:INFO:           Episode_Reward/body_local_pos: 0.0772
2026-08-18 16:03:35:INFO:     Episode_Reward/residual_action_rate: -0.0400
2026-08-18 16:03:35:INFO:       Episode_Termination/body_position: 6.1500
2026-08-18 16:03:35:INFO:         Metrics/motion/error_anchor_pos: 0.4864
2026-08-18 16:03:35:INFO:           Metrics/motion/error_body_rot: 0.9778
2026-08-18 16:03:35:INFO:       Metrics/motion/error_body_lin_vel: 2.3135
2026-08-18 16:03:35:INFO:       Metrics/motion/error_body_ang_vel: 9.2521
2026-08-18 16:03:35:INFO:         Episode_Termination/root_height: 56.7500
2026-08-18 16:03:35:INFO: --------------------------------------------------------------------------------
2026-08-18 16:03:35:INFO:                          Iteration time: 7.63s
2026-08-18 16:03:35:INFO:                            Time elapsed: 0:02:59
2026-08-18 16:03:35:INFO:                                     ETA: 21:36:51
2026-08-18 16:03:35:INFO: 
2026-08-18 16:03:44:INFO: ################################################################################
2026-08-18 16:03:44:INFO: [1m                          Learning iteration 23/10000                           [0m
2026-08-18 16:03:44:INFO: 
2026-08-18 16:03:44:INFO:                                Run name: teacher_8gpu_4096env_90_06_stageii
2026-08-18 16:03:44:INFO:                             Total steps: 15728640
2026-08-18 16:03:44:INFO:                        Steps per second: 82884
2026-08-18 16:03:44:INFO:                         Collection time: 5.610s
2026-08-18 16:03:44:INFO:                           Learning time: 2.297s
2026-08-18 16:03:44:INFO:                         Mean value loss: 0.3854
2026-08-18 16:03:44:INFO:                     Mean surrogate loss: -0.0074
2026-08-18 16:03:44:INFO:                       Mean entropy loss: 12.2596
2026-08-18 16:03:44:INFO:                             Mean reward: 7.31
2026-08-18 16:03:44:INFO:                     Mean episode length: 39.43
2026-08-18 16:03:44:INFO:                         Mean action std: 0.52
2026-08-18 16:03:44:INFO:     Metrics/motion/error_anchor_lin_vel: 2.0454
2026-08-18 16:03:44:INFO:     Metrics/motion/error_anchor_ang_vel: 5.1023
2026-08-18 16:03:44:INFO:        Metrics/motion/sampling_top1_bin: 0.6667
2026-08-18 16:03:44:INFO:         Episode_Reward/root_orientation: 0.0193
2026-08-18 16:03:44:INFO:            Episode_Reward/dof_vel_limit: -0.0736
2026-08-18 16:03:44:INFO:           Episode_Reward/body_local_rot: 0.0152
2026-08-18 16:03:44:INFO:         Metrics/motion/sampling_entropy: 0.9270
2026-08-18 16:03:44:INFO:    Metrics/motion/sampling_uniform_mass: 0.2500
2026-08-18 16:03:44:INFO:         Episode_Reward/smoothness_joint: -0.0475
2026-08-18 16:03:44:INFO:       Episode_Reward/joint_vel_tracking: 0.0046
2026-08-18 16:03:44:INFO:     Episode_Termination/shoulder_height: 54.5500
2026-08-18 16:03:44:INFO:          Metrics/motion/error_joint_vel: 28.4983
2026-08-18 16:03:44:INFO:  Episode_Reward/torso_world_orientation: 0.0998
2026-08-18 16:03:44:INFO: Episode_Termination/torso_ground_contact_too_long: 0.0000
2026-08-18 16:03:44:INFO:                Episode_Reward/feet_slip: -0.0120
2026-08-18 16:03:44:INFO:     Episode_Reward/feet_height_tracking: 0.0635
2026-08-18 16:03:44:INFO:       Episode_Reward/joint_pos_tracking: 0.0207
2026-08-18 16:03:44:INFO:       Episode_Reward/torso_world_angvel: 0.1504
2026-08-18 16:03:44:INFO:       Episode_Reward/body_global_angvel: 0.0055
2026-08-18 16:03:44:INFO:           Metrics/motion/error_body_pos: 0.3851
2026-08-18 16:03:44:INFO:       Metrics/motion/sampling_top1_prob: 0.1279
2026-08-18 16:03:44:INFO: Episode_Reward/undesired_self_collision: -0.0035
2026-08-18 16:03:44:INFO:       Episode_Termination/invalid_state: 0.0000
2026-08-18 16:03:44:INFO:        Episode_Reward/feet_pos_tracking: 0.0624
2026-08-18 16:03:44:INFO:              Episode_Reward/termination: -0.1000
2026-08-18 16:03:44:INFO:         Metrics/motion/error_anchor_rot: 1.1193
2026-08-18 16:03:44:INFO:            Episode_Termination/time_out: 0.0000
2026-08-18 16:03:44:INFO:            Episode_Reward/dof_pos_limit: -0.0118
2026-08-18 16:03:44:INFO:       Episode_Reward/body_global_linvel: 0.0231
2026-08-18 16:03:44:INFO: Episode_Reward/undesired_ground_contact: 0.0000
2026-08-18 16:03:44:INFO:    Episode_Reward/torso_height_tracking: 0.1376
2026-08-18 16:03:44:INFO:          Metrics/motion/error_joint_pos: 1.2989
2026-08-18 16:03:44:INFO:           Episode_Reward/penalty_torque: -0.0041
2026-08-18 16:03:44:INFO:           Episode_Reward/body_local_pos: 0.0781
2026-08-18 16:03:44:INFO:     Episode_Reward/residual_action_rate: -0.0398
2026-08-18 16:03:44:INFO:       Episode_Termination/body_position: 5.6000
2026-08-18 16:03:44:INFO:         Metrics/motion/error_anchor_pos: 0.4961
2026-08-18 16:03:44:INFO:           Metrics/motion/error_body_rot: 0.9908
2026-08-18 16:03:44:INFO:       Metrics/motion/error_body_lin_vel: 2.3428
2026-08-18 16:03:44:INFO:       Metrics/motion/error_body_ang_vel: 9.2684
2026-08-18 16:03:44:INFO:         Episode_Termination/root_height: 57.7000
2026-08-18 16:03:44:INFO: --------------------------------------------------------------------------------
2026-08-18 16:03:44:INFO:                          Iteration time: 7.91s
2026-08-18 16:03:44:INFO:                            Time elapsed: 0:03:07
2026-08-18 16:03:44:INFO:                                     ETA: 21:37:28
2026-08-18 16:03:44:INFO: 
2026-08-18 16:03:52:INFO: ################################################################################
2026-08-18 16:03:52:INFO: [1m                          Learning iteration 24/10000                           [0m
2026-08-18 16:03:52:INFO: 
2026-08-18 16:03:52:INFO:                                Run name: teacher_8gpu_4096env_90_06_stageii
2026-08-18 16:03:52:INFO:                             Total steps: 16384000
2026-08-18 16:03:52:INFO:                        Steps per second: 86320
2026-08-18 16:03:52:INFO:                         Collection time: 5.250s
2026-08-18 16:03:52:INFO:                           Learning time: 2.342s
2026-08-18 16:03:52:INFO:                         Mean value loss: 0.3979
2026-08-18 16:03:52:INFO:                     Mean surrogate loss: -0.0068
2026-08-18 16:03:52:INFO:                       Mean entropy loss: 12.0528
2026-08-18 16:03:52:INFO:                             Mean reward: 7.33
2026-08-18 16:03:52:INFO:                     Mean episode length: 39.31
2026-08-18 16:03:52:INFO:                         Mean action std: 0.52
2026-08-18 16:03:52:INFO:     Metrics/motion/error_anchor_lin_vel: 2.0394
2026-08-18 16:03:52:INFO:     Metrics/motion/error_anchor_ang_vel: 4.9236
2026-08-18 16:03:52:INFO:        Metrics/motion/sampling_top1_bin: 0.6667
2026-08-18 16:03:52:INFO:         Episode_Reward/root_orientation: 0.0191
2026-08-18 16:03:52:INFO:            Episode_Reward/dof_vel_limit: -0.0680
2026-08-18 16:03:52:INFO:           Episode_Reward/body_local_rot: 0.0151
2026-08-18 16:03:52:INFO:         Metrics/motion/sampling_entropy: 0.9261
2026-08-18 16:03:52:INFO:    Metrics/motion/sampling_uniform_mass: 0.2500
2026-08-18 16:03:52:INFO:         Episode_Reward/smoothness_joint: -0.0462
2026-08-18 16:03:52:INFO:       Episode_Reward/joint_vel_tracking: 0.0046
2026-08-18 16:03:52:INFO:     Episode_Termination/shoulder_height: 54.7500
2026-08-18 16:03:52:INFO:          Metrics/motion/error_joint_vel: 28.2474
2026-08-18 16:03:52:INFO:  Episode_Reward/torso_world_orientation: 0.0993
2026-08-18 16:03:52:INFO: Episode_Termination/torso_ground_contact_too_long: 0.0000
2026-08-18 16:03:52:INFO:                Episode_Reward/feet_slip: -0.0118
2026-08-18 16:03:52:INFO:     Episode_Reward/feet_height_tracking: 0.0628
2026-08-18 16:03:52:INFO:       Episode_Reward/joint_pos_tracking: 0.0205
2026-08-18 16:03:52:INFO:       Episode_Reward/torso_world_angvel: 0.1503
2026-08-18 16:03:52:INFO:       Episode_Reward/body_global_angvel: 0.0057
2026-08-18 16:03:52:INFO:           Metrics/motion/error_body_pos: 0.3828
2026-08-18 16:03:52:INFO:       Metrics/motion/sampling_top1_prob: 0.1279
2026-08-18 16:03:52:INFO: Episode_Reward/undesired_self_collision: -0.0038
2026-08-18 16:03:52:INFO:       Episode_Termination/invalid_state: 0.0000
2026-08-18 16:03:52:INFO:        Episode_Reward/feet_pos_tracking: 0.0621
2026-08-18 16:03:52:INFO:              Episode_Reward/termination: -0.1000
2026-08-18 16:03:52:INFO:         Metrics/motion/error_anchor_rot: 1.0915
2026-08-18 16:03:52:INFO:            Episode_Termination/time_out: 0.0000
2026-08-18 16:03:52:INFO:            Episode_Reward/dof_pos_limit: -0.0116
2026-08-18 16:03:52:INFO:       Episode_Reward/body_global_linvel: 0.0230
2026-08-18 16:03:52:INFO: Episode_Reward/undesired_ground_contact: 0.0000
2026-08-18 16:03:52:INFO:    Episode_Reward/torso_height_tracking: 0.1353
2026-08-18 16:03:52:INFO:          Metrics/motion/error_joint_pos: 1.2856
2026-08-18 16:03:52:INFO:           Episode_Reward/penalty_torque: -0.0041
2026-08-18 16:03:52:INFO:           Episode_Reward/body_local_pos: 0.0774
2026-08-18 16:03:52:INFO:     Episode_Reward/residual_action_rate: -0.0388
2026-08-18 16:03:52:INFO:       Episode_Termination/body_position: 5.9000
2026-08-18 16:03:52:INFO:         Metrics/motion/error_anchor_pos: 0.4926
2026-08-18 16:03:52:INFO:           Metrics/motion/error_body_rot: 0.9724
2026-08-18 16:03:52:INFO:       Metrics/motion/error_body_lin_vel: 2.3115
2026-08-18 16:03:52:INFO:       Metrics/motion/error_body_ang_vel: 9.0996
2026-08-18 16:03:52:INFO:         Episode_Termination/root_height: 55.1000
2026-08-18 16:03:52:INFO: --------------------------------------------------------------------------------
2026-08-18 16:03:52:INFO:                          Iteration time: 7.59s
2026-08-18 16:03:52:INFO:                            Time elapsed: 0:03:14
2026-08-18 16:03:52:INFO:                                     ETA: 21:35:56
2026-08-18 16:03:52:INFO: 
2026-08-18 16:04:00:INFO: ################################################################################
2026-08-18 16:04:00:INFO: [1m                          Learning iteration 25/10000                           [0m
2026-08-18 16:04:00:INFO: 
2026-08-18 16:04:00:INFO:                                Run name: teacher_8gpu_4096env_90_06_stageii
2026-08-18 16:04:00:INFO:                             Total steps: 17039360
2026-08-18 16:04:00:INFO:                        Steps per second: 90908
2026-08-18 16:04:00:INFO:                         Collection time: 4.853s
2026-08-18 16:04:00:INFO:                           Learning time: 2.356s
2026-08-18 16:04:00:INFO:                         Mean value loss: 0.4036
2026-08-18 16:04:00:INFO:                     Mean surrogate loss: -0.0068
2026-08-18 16:04:00:INFO:                       Mean entropy loss: 11.9040
2026-08-18 16:04:00:INFO:                             Mean reward: 7.48
2026-08-18 16:04:00:INFO:                     Mean episode length: 38.70
2026-08-18 16:04:00:INFO:                         Mean action std: 0.51
2026-08-18 16:04:00:INFO:     Metrics/motion/error_anchor_lin_vel: 2.0348
2026-08-18 16:04:00:INFO:     Metrics/motion/error_anchor_ang_vel: 4.9173
2026-08-18 16:04:00:INFO:        Metrics/motion/sampling_top1_bin: 0.6667
2026-08-18 16:04:00:INFO:         Episode_Reward/root_orientation: 0.0192
2026-08-18 16:04:00:INFO:            Episode_Reward/dof_vel_limit: -0.0634
2026-08-18 16:04:00:INFO:           Episode_Reward/body_local_rot: 0.0150
2026-08-18 16:04:00:INFO:         Metrics/motion/sampling_entropy: 0.9252
2026-08-18 16:04:00:INFO:    Metrics/motion/sampling_uniform_mass: 0.2500
2026-08-18 16:04:00:INFO:         Episode_Reward/smoothness_joint: -0.0452
2026-08-18 16:04:00:INFO:       Episode_Reward/joint_vel_tracking: 0.0046
2026-08-18 16:04:00:INFO:     Episode_Termination/shoulder_height: 53.0000
2026-08-18 16:04:00:INFO:          Metrics/motion/error_joint_vel: 27.9948
2026-08-18 16:04:00:INFO:  Episode_Reward/torso_world_orientation: 0.0996
2026-08-18 16:04:00:INFO: Episode_Termination/torso_ground_contact_too_long: 0.0000
2026-08-18 16:04:00:INFO:                Episode_Reward/feet_slip: -0.0115
2026-08-18 16:04:00:INFO:     Episode_Reward/feet_height_tracking: 0.0620
2026-08-18 16:04:00:INFO:       Episode_Reward/joint_pos_tracking: 0.0203
2026-08-18 16:04:00:INFO:       Episode_Reward/torso_world_angvel: 0.1495
2026-08-18 16:04:00:INFO:       Episode_Reward/body_global_angvel: 0.0058
2026-08-18 16:04:00:INFO:           Metrics/motion/error_body_pos: 0.3834
2026-08-18 16:04:00:INFO:       Metrics/motion/sampling_top1_prob: 0.1306
2026-08-18 16:04:00:INFO: Episode_Reward/undesired_self_collision: -0.0043
2026-08-18 16:04:00:INFO:       Episode_Termination/invalid_state: 0.0000
2026-08-18 16:04:00:INFO:        Episode_Reward/feet_pos_tracking: 0.0616
2026-08-18 16:04:00:INFO:              Episode_Reward/termination: -0.1000
2026-08-18 16:04:00:INFO:         Metrics/motion/error_anchor_rot: 1.0570
2026-08-18 16:04:00:INFO:            Episode_Termination/time_out: 0.0000
2026-08-18 16:04:00:INFO:            Episode_Reward/dof_pos_limit: -0.0114
2026-08-18 16:04:00:INFO:       Episode_Reward/body_global_linvel: 0.0228
2026-08-18 16:04:00:INFO: Episode_Reward/undesired_ground_contact: 0.0000
2026-08-18 16:04:00:INFO:    Episode_Reward/torso_height_tracking: 0.1342
2026-08-18 16:04:00:INFO:          Metrics/motion/error_joint_pos: 1.2836
2026-08-18 16:04:00:INFO:           Episode_Reward/penalty_torque: -0.0040
2026-08-18 16:04:00:INFO:           Episode_Reward/body_local_pos: 0.0767
2026-08-18 16:04:00:INFO:     Episode_Reward/residual_action_rate: -0.0380
2026-08-18 16:04:00:INFO:       Episode_Termination/body_position: 4.8500
2026-08-18 16:04:00:INFO:         Metrics/motion/error_anchor_pos: 0.4901
2026-08-18 16:04:00:INFO:           Metrics/motion/error_body_rot: 0.9678
2026-08-18 16:04:00:INFO:       Metrics/motion/error_body_lin_vel: 2.3072
2026-08-18 16:04:00:INFO:       Metrics/motion/error_body_ang_vel: 8.9751
2026-08-18 16:04:00:INFO:         Episode_Termination/root_height: 58.1000
2026-08-18 16:04:00:INFO: --------------------------------------------------------------------------------
2026-08-18 16:04:00:INFO:                          Iteration time: 7.21s
2026-08-18 16:04:00:INFO:                            Time elapsed: 0:03:22
2026-08-18 16:04:00:INFO:                                     ETA: 21:32:03
2026-08-18 16:04:00:INFO: 
2026-08-18 16:04:08:INFO: ################################################################################
2026-08-18 16:04:08:INFO: [1m                          Learning iteration 26/10000                           [0m
2026-08-18 16:04:08:INFO: 
2026-08-18 16:04:08:INFO:                                Run name: teacher_8gpu_4096env_90_06_stageii
2026-08-18 16:04:08:INFO:                             Total steps: 17694720
2026-08-18 16:04:08:INFO:                        Steps per second: 86713
2026-08-18 16:04:08:INFO:                         Collection time: 5.167s
2026-08-18 16:04:08:INFO:                           Learning time: 2.391s
2026-08-18 16:04:08:INFO:                         Mean value loss: 0.3888
2026-08-18 16:04:08:INFO:                     Mean surrogate loss: -0.0074
2026-08-18 16:04:08:INFO:                       Mean entropy loss: 11.7021
2026-08-18 16:04:08:INFO:                             Mean reward: 9.00
2026-08-18 16:04:08:INFO:                     Mean episode length: 44.56
2026-08-18 16:04:08:INFO:                         Mean action std: 0.51
2026-08-18 16:04:08:INFO:     Metrics/motion/error_anchor_lin_vel: 2.0478
2026-08-18 16:04:08:INFO:     Metrics/motion/error_anchor_ang_vel: 5.0289
2026-08-18 16:04:08:INFO:        Metrics/motion/sampling_top1_bin: 0.6667
2026-08-18 16:04:08:INFO:         Episode_Reward/root_orientation: 0.0197
2026-08-18 16:04:08:INFO:            Episode_Reward/dof_vel_limit: -0.0608
2026-08-18 16:04:08:INFO:           Episode_Reward/body_local_rot: 0.0155
2026-08-18 16:04:08:INFO:         Metrics/motion/sampling_entropy: 0.9249
2026-08-18 16:04:08:INFO:    Metrics/motion/sampling_uniform_mass: 0.2500
2026-08-18 16:04:08:INFO:         Episode_Reward/smoothness_joint: -0.0466
2026-08-18 16:04:08:INFO:       Episode_Reward/joint_vel_tracking: 0.0049
2026-08-18 16:04:08:INFO:     Episode_Termination/shoulder_height: 52.6500
2026-08-18 16:04:08:INFO:          Metrics/motion/error_joint_vel: 27.8880
2026-08-18 16:04:08:INFO:  Episode_Reward/torso_world_orientation: 0.1030
2026-08-18 16:04:08:INFO: Episode_Termination/torso_ground_contact_too_long: 0.0000
2026-08-18 16:04:08:INFO:                Episode_Reward/feet_slip: -0.0118
2026-08-18 16:04:08:INFO:     Episode_Reward/feet_height_tracking: 0.0639
2026-08-18 16:04:08:INFO:       Episode_Reward/joint_pos_tracking: 0.0210
2026-08-18 16:04:08:INFO:       Episode_Reward/torso_world_angvel: 0.1543
2026-08-18 16:04:08:INFO:       Episode_Reward/body_global_angvel: 0.0061
2026-08-18 16:04:08:INFO:           Metrics/motion/error_body_pos: 0.3842
2026-08-18 16:04:08:INFO:       Metrics/motion/sampling_top1_prob: 0.1315
2026-08-18 16:04:08:INFO: Episode_Reward/undesired_self_collision: -0.0031
2026-08-18 16:04:08:INFO:       Episode_Termination/invalid_state: 0.0000
2026-08-18 16:04:08:INFO:        Episode_Reward/feet_pos_tracking: 0.0639
2026-08-18 16:04:08:INFO:              Episode_Reward/termination: -0.1000
2026-08-18 16:04:08:INFO:         Metrics/motion/error_anchor_rot: 1.0993
2026-08-18 16:04:08:INFO:            Episode_Termination/time_out: 0.0000
2026-08-18 16:04:08:INFO:            Episode_Reward/dof_pos_limit: -0.0112
2026-08-18 16:04:08:INFO:       Episode_Reward/body_global_linvel: 0.0238
2026-08-18 16:04:08:INFO: Episode_Reward/undesired_ground_contact: 0.0000
2026-08-18 16:04:08:INFO:    Episode_Reward/torso_height_tracking: 0.1394
2026-08-18 16:04:08:INFO:          Metrics/motion/error_joint_pos: 1.2770
2026-08-18 16:04:08:INFO:           Episode_Reward/penalty_torque: -0.0041
2026-08-18 16:04:08:INFO:           Episode_Reward/body_local_pos: 0.0791
2026-08-18 16:04:08:INFO:     Episode_Reward/residual_action_rate: -0.0387
2026-08-18 16:04:08:INFO:       Episode_Termination/body_position: 4.6000
2026-08-18 16:04:08:INFO:         Metrics/motion/error_anchor_pos: 0.4930
2026-08-18 16:04:08:INFO:           Metrics/motion/error_body_rot: 0.9786
2026-08-18 16:04:08:INFO:       Metrics/motion/error_body_lin_vel: 2.3395
2026-08-18 16:04:08:INFO:       Metrics/motion/error_body_ang_vel: 9.0540
2026-08-18 16:04:08:INFO:         Episode_Termination/root_height: 54.4000
2026-08-18 16:04:08:INFO: --------------------------------------------------------------------------------
2026-08-18 16:04:08:INFO:                          Iteration time: 7.56s
2026-08-18 16:04:08:INFO:                            Time elapsed: 0:03:29
2026-08-18 16:04:08:INFO:                                     ETA: 21:30:36
2026-08-18 16:04:08:INFO: 
2026-08-18 16:04:17:INFO: ################################################################################
2026-08-18 16:04:17:INFO: [1m                          Learning iteration 27/10000                           [0m
2026-08-18 16:04:17:INFO: 
2026-08-18 16:04:17:INFO:                                Run name: teacher_8gpu_4096env_90_06_stageii
2026-08-18 16:04:17:INFO:                             Total steps: 18350080
2026-08-18 16:04:17:INFO:                        Steps per second: 83687
2026-08-18 16:04:17:INFO:                         Collection time: 5.313s
2026-08-18 16:04:17:INFO:                           Learning time: 2.518s
2026-08-18 16:04:17:INFO:                         Mean value loss: 0.3750
2026-08-18 16:04:17:INFO:                     Mean surrogate loss: -0.0072
2026-08-18 16:04:17:INFO:                       Mean entropy loss: 11.5560
2026-08-18 16:04:17:INFO:                             Mean reward: 8.52
2026-08-18 16:04:17:INFO:                     Mean episode length: 42.24
2026-08-18 16:04:17:INFO:                         Mean action std: 0.51
2026-08-18 16:04:17:INFO:     Metrics/motion/error_anchor_lin_vel: 2.0439
2026-08-18 16:04:17:INFO:     Metrics/motion/error_anchor_ang_vel: 4.9486
2026-08-18 16:04:17:INFO:        Metrics/motion/sampling_top1_bin: 0.6667
2026-08-18 16:04:17:INFO:         Episode_Reward/root_orientation: 0.0197
2026-08-18 16:04:17:INFO:            Episode_Reward/dof_vel_limit: -0.0576
2026-08-18 16:04:17:INFO:           Episode_Reward/body_local_rot: 0.0155
2026-08-18 16:04:17:INFO:         Metrics/motion/sampling_entropy: 0.9238
2026-08-18 16:04:17:INFO:    Metrics/motion/sampling_uniform_mass: 0.2500
2026-08-18 16:04:17:INFO:         Episode_Reward/smoothness_joint: -0.0452
2026-08-18 16:04:17:INFO:       Episode_Reward/joint_vel_tracking: 0.0050
2026-08-18 16:04:17:INFO:     Episode_Termination/shoulder_height: 53.5500
2026-08-18 16:04:17:INFO:          Metrics/motion/error_joint_vel: 27.6562
2026-08-18 16:04:17:INFO:  Episode_Reward/torso_world_orientation: 0.1030
2026-08-18 16:04:17:INFO: Episode_Termination/torso_ground_contact_too_long: 0.0000
2026-08-18 16:04:17:INFO:                Episode_Reward/feet_slip: -0.0115
2026-08-18 16:04:17:INFO:     Episode_Reward/feet_height_tracking: 0.0641
2026-08-18 16:04:17:INFO:       Episode_Reward/joint_pos_tracking: 0.0210
2026-08-18 16:04:17:INFO:       Episode_Reward/torso_world_angvel: 0.1547
2026-08-18 16:04:17:INFO:       Episode_Reward/body_global_angvel: 0.0063
2026-08-18 16:04:17:INFO:           Metrics/motion/error_body_pos: 0.3857
2026-08-18 16:04:17:INFO:       Metrics/motion/sampling_top1_prob: 0.1326
2026-08-18 16:04:17:INFO: Episode_Reward/undesired_self_collision: -0.0030
2026-08-18 16:04:17:INFO:       Episode_Termination/invalid_state: 0.0000
2026-08-18 16:04:17:INFO:        Episode_Reward/feet_pos_tracking: 0.0640
2026-08-18 16:04:17:INFO:              Episode_Reward/termination: -0.1000
2026-08-18 16:04:17:INFO:         Metrics/motion/error_anchor_rot: 1.1055
2026-08-18 16:04:17:INFO:            Episode_Termination/time_out: 0.0000
2026-08-18 16:04:17:INFO:            Episode_Reward/dof_pos_limit: -0.0112
2026-08-18 16:04:17:INFO:       Episode_Reward/body_global_linvel: 0.0239
2026-08-18 16:04:17:INFO: Episode_Reward/undesired_ground_contact: 0.0000
2026-08-18 16:04:17:INFO:    Episode_Reward/torso_height_tracking: 0.1401
2026-08-18 16:04:17:INFO:          Metrics/motion/error_joint_pos: 1.2812
2026-08-18 16:04:17:INFO:           Episode_Reward/penalty_torque: -0.0040
2026-08-18 16:04:17:INFO:           Episode_Reward/body_local_pos: 0.0793
2026-08-18 16:04:17:INFO:     Episode_Reward/residual_action_rate: -0.0382
2026-08-18 16:04:17:INFO:       Episode_Termination/body_position: 4.9000
2026-08-18 16:04:17:INFO:         Metrics/motion/error_anchor_pos: 0.4902
2026-08-18 16:04:17:INFO:           Metrics/motion/error_body_rot: 0.9828
2026-08-18 16:04:17:INFO:       Metrics/motion/error_body_lin_vel: 2.3234
2026-08-18 16:04:17:INFO:       Metrics/motion/error_body_ang_vel: 8.9568
2026-08-18 16:04:17:INFO:         Episode_Termination/root_height: 55.5500
2026-08-18 16:04:17:INFO: --------------------------------------------------------------------------------
2026-08-18 16:04:17:INFO:                          Iteration time: 7.83s
2026-08-18 16:04:17:INFO:                            Time elapsed: 0:03:37
2026-08-18 16:04:17:INFO:                                     ETA: 21:30:52
2026-08-18 16:04:17:INFO: 
2026-08-18 16:04:25:INFO: ################################################################################
2026-08-18 16:04:25:INFO: [1m                          Learning iteration 28/10000                           [0m
2026-08-18 16:04:25:INFO: 
2026-08-18 16:04:25:INFO:                                Run name: teacher_8gpu_4096env_90_06_stageii
2026-08-18 16:04:25:INFO:                             Total steps: 19005440
2026-08-18 16:04:25:INFO:                        Steps per second: 88737
2026-08-18 16:04:25:INFO:                         Collection time: 5.062s
2026-08-18 16:04:25:INFO:                           Learning time: 2.324s
2026-08-18 16:04:25:INFO:                         Mean value loss: 0.4099
2026-08-18 16:04:25:INFO:                     Mean surrogate loss: -0.0065
2026-08-18 16:04:25:INFO:                       Mean entropy loss: 11.3963
2026-08-18 16:04:25:INFO:                             Mean reward: 9.23
2026-08-18 16:04:25:INFO:                     Mean episode length: 45.62
2026-08-18 16:04:25:INFO:                         Mean action std: 0.50
2026-08-18 16:04:25:INFO:     Metrics/motion/error_anchor_lin_vel: 2.0431
2026-08-18 16:04:25:INFO:     Metrics/motion/error_anchor_ang_vel: 4.9288
2026-08-18 16:04:25:INFO:        Metrics/motion/sampling_top1_bin: 0.6667
2026-08-18 16:04:25:INFO:         Episode_Reward/root_orientation: 0.0202
2026-08-18 16:04:25:INFO:            Episode_Reward/dof_vel_limit: -0.0563
2026-08-18 16:04:25:INFO:           Episode_Reward/body_local_rot: 0.0159
2026-08-18 16:04:25:INFO:         Metrics/motion/sampling_entropy: 0.9231
2026-08-18 16:04:25:INFO:    Metrics/motion/sampling_uniform_mass: 0.2500
2026-08-18 16:04:25:INFO:         Episode_Reward/smoothness_joint: -0.0451
2026-08-18 16:04:25:INFO:       Episode_Reward/joint_vel_tracking: 0.0051
2026-08-18 16:04:25:INFO:     Episode_Termination/shoulder_height: 51.2000
2026-08-18 16:04:25:INFO:          Metrics/motion/error_joint_vel: 27.3398
2026-08-18 16:04:25:INFO:  Episode_Reward/torso_world_orientation: 0.1059
2026-08-18 16:04:25:INFO: Episode_Termination/torso_ground_contact_too_long: 0.0000
2026-08-18 16:04:25:INFO:                Episode_Reward/feet_slip: -0.0116
2026-08-18 16:04:25:INFO:     Episode_Reward/feet_height_tracking: 0.0654
2026-08-18 16:04:25:INFO:       Episode_Reward/joint_pos_tracking: 0.0215
2026-08-18 16:04:25:INFO:       Episode_Reward/torso_world_angvel: 0.1589
2026-08-18 16:04:25:INFO:       Episode_Reward/body_global_angvel: 0.0066
2026-08-18 16:04:25:INFO:           Metrics/motion/error_body_pos: 0.3866
2026-08-18 16:04:25:INFO:       Metrics/motion/sampling_top1_prob: 0.1343
2026-08-18 16:04:25:INFO: Episode_Reward/undesired_self_collision: -0.0026
2026-08-18 16:04:25:INFO:       Episode_Termination/invalid_state: 0.0000
2026-08-18 16:04:25:INFO:        Episode_Reward/feet_pos_tracking: 0.0656
2026-08-18 16:04:25:INFO:              Episode_Reward/termination: -0.1000
2026-08-18 16:04:25:INFO:         Metrics/motion/error_anchor_rot: 1.1093
2026-08-18 16:04:25:INFO:            Episode_Termination/time_out: 0.0000
2026-08-18 16:04:25:INFO:            Episode_Reward/dof_pos_limit: -0.0112
2026-08-18 16:04:25:INFO:       Episode_Reward/body_global_linvel: 0.0245
2026-08-18 16:04:25:INFO: Episode_Reward/undesired_ground_contact: 0.0000
2026-08-18 16:04:25:INFO:    Episode_Reward/torso_height_tracking: 0.1428
2026-08-18 16:04:25:INFO:          Metrics/motion/error_joint_pos: 1.2679
2026-08-18 16:04:25:INFO:           Episode_Reward/penalty_torque: -0.0041
2026-08-18 16:04:25:INFO:           Episode_Reward/body_local_pos: 0.0811
2026-08-18 16:04:25:INFO:     Episode_Reward/residual_action_rate: -0.0386
2026-08-18 16:04:25:INFO:       Episode_Termination/body_position: 3.7500
2026-08-18 16:04:25:INFO:         Metrics/motion/error_anchor_pos: 0.4962
2026-08-18 16:04:25:INFO:           Metrics/motion/error_body_rot: 0.9832
2026-08-18 16:04:25:INFO:       Metrics/motion/error_body_lin_vel: 2.3157
2026-08-18 16:04:25:INFO:       Metrics/motion/error_body_ang_vel: 8.8792
2026-08-18 16:04:25:INFO:         Episode_Termination/root_height: 53.8000
2026-08-18 16:04:25:INFO: --------------------------------------------------------------------------------
2026-08-18 16:04:25:INFO:                          Iteration time: 7.39s
2026-08-18 16:04:25:INFO:                            Time elapsed: 0:03:44
2026-08-18 16:04:25:INFO:                                     ETA: 21:28:33
2026-08-18 16:04:25:INFO: 
2026-08-18 16:04:33:INFO: ################################################################################
2026-08-18 16:04:33:INFO: [1m                          Learning iteration 29/10000                           [0m
2026-08-18 16:04:33:INFO: 
2026-08-18 16:04:33:INFO:                                Run name: teacher_8gpu_4096env_90_06_stageii
2026-08-18 16:04:33:INFO:                             Total steps: 19660800
2026-08-18 16:04:33:INFO:                        Steps per second: 83476
2026-08-18 16:04:33:INFO:                         Collection time: 5.535s
2026-08-18 16:04:33:INFO:                           Learning time: 2.316s
2026-08-18 16:04:33:INFO:                         Mean value loss: 0.3794
2026-08-18 16:04:33:INFO:                     Mean surrogate loss: -0.0070
2026-08-18 16:04:33:INFO:                       Mean entropy loss: 11.2132
2026-08-18 16:04:33:INFO:                             Mean reward: 9.67
2026-08-18 16:04:33:INFO:                     Mean episode length: 45.87
2026-08-18 16:04:33:INFO:                         Mean action std: 0.50
2026-08-18 16:04:33:INFO:     Metrics/motion/error_anchor_lin_vel: 2.0380
2026-08-18 16:04:33:INFO:     Metrics/motion/error_anchor_ang_vel: 4.9216
2026-08-18 16:04:33:INFO:        Metrics/motion/sampling_top1_bin: 0.6667
2026-08-18 16:04:33:INFO:         Episode_Reward/root_orientation: 0.0202
2026-08-18 16:04:33:INFO:            Episode_Reward/dof_vel_limit: -0.0530
2026-08-18 16:04:33:INFO:           Episode_Reward/body_local_rot: 0.0158
2026-08-18 16:04:33:INFO:         Metrics/motion/sampling_entropy: 0.9223
2026-08-18 16:04:33:INFO:    Metrics/motion/sampling_uniform_mass: 0.2500
2026-08-18 16:04:33:INFO:         Episode_Reward/smoothness_joint: -0.0450
2026-08-18 16:04:33:INFO:       Episode_Reward/joint_vel_tracking: 0.0052
2026-08-18 16:04:33:INFO:     Episode_Termination/shoulder_height: 53.1000
2026-08-18 16:04:33:INFO:          Metrics/motion/error_joint_vel: 27.1766
2026-08-18 16:04:33:INFO:  Episode_Reward/torso_world_orientation: 0.1058
2026-08-18 16:04:33:INFO: Episode_Termination/torso_ground_contact_too_long: 0.0000
2026-08-18 16:04:33:INFO:                Episode_Reward/feet_slip: -0.0116
2026-08-18 16:04:33:INFO:     Episode_Reward/feet_height_tracking: 0.0649
2026-08-18 16:04:33:INFO:       Episode_Reward/joint_pos_tracking: 0.0214
2026-08-18 16:04:33:INFO:       Episode_Reward/torso_world_angvel: 0.1589
2026-08-18 16:04:33:INFO:       Episode_Reward/body_global_angvel: 0.0067
2026-08-18 16:04:33:INFO:           Metrics/motion/error_body_pos: 0.3864
2026-08-18 16:04:33:INFO:       Metrics/motion/sampling_top1_prob: 0.1357
2026-08-18 16:04:33:INFO: Episode_Reward/undesired_self_collision: -0.0027
2026-08-18 16:04:33:INFO:       Episode_Termination/invalid_state: 0.0000
2026-08-18 16:04:33:INFO:        Episode_Reward/feet_pos_tracking: 0.0653
2026-08-18 16:04:33:INFO:              Episode_Reward/termination: -0.1000
2026-08-18 16:04:33:INFO:         Metrics/motion/error_anchor_rot: 1.0882
2026-08-18 16:04:33:INFO:            Episode_Termination/time_out: 0.0000
2026-08-18 16:04:33:INFO:            Episode_Reward/dof_pos_limit: -0.0111
2026-08-18 16:04:33:INFO:       Episode_Reward/body_global_linvel: 0.0244
2026-08-18 16:04:33:INFO: Episode_Reward/undesired_ground_contact: 0.0000
2026-08-18 16:04:33:INFO:    Episode_Reward/torso_height_tracking: 0.1424
2026-08-18 16:04:33:INFO:          Metrics/motion/error_joint_pos: 1.2757
2026-08-18 16:04:33:INFO:           Episode_Reward/penalty_torque: -0.0040
2026-08-18 16:04:33:INFO:           Episode_Reward/body_local_pos: 0.0806
2026-08-18 16:04:33:INFO:     Episode_Reward/residual_action_rate: -0.0379
2026-08-18 16:04:33:INFO:       Episode_Termination/body_position: 4.6500
2026-08-18 16:04:33:INFO:         Metrics/motion/error_anchor_pos: 0.4983
2026-08-18 16:04:33:INFO:           Metrics/motion/error_body_rot: 0.9895
2026-08-18 16:04:33:INFO:       Metrics/motion/error_body_lin_vel: 2.2950
2026-08-18 16:04:33:INFO:       Metrics/motion/error_body_ang_vel: 8.8020
2026-08-18 16:04:33:INFO:         Episode_Termination/root_height: 57.8000
2026-08-18 16:04:33:INFO: --------------------------------------------------------------------------------
2026-08-18 16:04:33:INFO:                          Iteration time: 7.85s
2026-08-18 16:04:33:INFO:                            Time elapsed: 0:03:52
2026-08-18 16:04:33:INFO:                                     ETA: 21:28:57
2026-08-18 16:04:33:INFO: 
2026-08-18 16:04:41:INFO: ################################################################################
2026-08-18 16:04:41:INFO: [1m                          Learning iteration 30/10000                           [0m
2026-08-18 16:04:41:INFO: 
2026-08-18 16:04:41:INFO:                                Run name: teacher_8gpu_4096env_90_06_stageii
2026-08-18 16:04:41:INFO:                             Total steps: 20316160
2026-08-18 16:04:41:INFO:                        Steps per second: 86313
2026-08-18 16:04:41:INFO:                         Collection time: 5.264s
2026-08-18 16:04:41:INFO:                           Learning time: 2.329s
2026-08-18 16:04:41:INFO:                         Mean value loss: 0.4015
2026-08-18 16:04:41:INFO:                     Mean surrogate loss: -0.0065
2026-08-18 16:04:41:INFO:                       Mean entropy loss: 11.0078
2026-08-18 16:04:41:INFO:                             Mean reward: 9.33
2026-08-18 16:04:41:INFO:                     Mean episode length: 43.62
2026-08-18 16:04:41:INFO:                         Mean action std: 0.49
2026-08-18 16:04:41:INFO:     Metrics/motion/error_anchor_lin_vel: 2.0493
2026-08-18 16:04:41:INFO:     Metrics/motion/error_anchor_ang_vel: 4.9375
2026-08-18 16:04:41:INFO:        Metrics/motion/sampling_top1_bin: 0.6667
2026-08-18 16:04:41:INFO:         Episode_Reward/root_orientation: 0.0201
2026-08-18 16:04:41:INFO:            Episode_Reward/dof_vel_limit: -0.0504
2026-08-18 16:04:41:INFO:           Episode_Reward/body_local_rot: 0.0157
2026-08-18 16:04:41:INFO:         Metrics/motion/sampling_entropy: 0.9223
2026-08-18 16:04:41:INFO:    Metrics/motion/sampling_uniform_mass: 0.2500
2026-08-18 16:04:41:INFO:         Episode_Reward/smoothness_joint: -0.0439
2026-08-18 16:04:41:INFO:       Episode_Reward/joint_vel_tracking: 0.0052
2026-08-18 16:04:41:INFO:     Episode_Termination/shoulder_height: 50.1500
2026-08-18 16:04:41:INFO:          Metrics/motion/error_joint_vel: 26.9398
2026-08-18 16:04:41:INFO:  Episode_Reward/torso_world_orientation: 0.1055
2026-08-18 16:04:41:INFO: Episode_Termination/torso_ground_contact_too_long: 0.0000
2026-08-18 16:04:41:INFO:                Episode_Reward/feet_slip: -0.0116
2026-08-18 16:04:41:INFO:     Episode_Reward/feet_height_tracking: 0.0646
2026-08-18 16:04:41:INFO:       Episode_Reward/joint_pos_tracking: 0.0213
2026-08-18 16:04:41:INFO:       Episode_Reward/torso_world_angvel: 0.1586
2026-08-18 16:04:41:INFO:       Episode_Reward/body_global_angvel: 0.0068
2026-08-18 16:04:41:INFO:           Metrics/motion/error_body_pos: 0.3867
2026-08-18 16:04:41:INFO:       Metrics/motion/sampling_top1_prob: 0.1363
2026-08-18 16:04:41:INFO: Episode_Reward/undesired_self_collision: -0.0028
2026-08-18 16:04:41:INFO:       Episode_Termination/invalid_state: 0.0000
2026-08-18 16:04:41:INFO:        Episode_Reward/feet_pos_tracking: 0.0652
2026-08-18 16:04:41:INFO:              Episode_Reward/termination: -0.1000
2026-08-18 16:04:41:INFO:         Metrics/motion/error_anchor_rot: 1.0827
2026-08-18 16:04:41:INFO:            Episode_Termination/time_out: 0.0000
2026-08-18 16:04:41:INFO:            Episode_Reward/dof_pos_limit: -0.0110
2026-08-18 16:04:41:INFO:       Episode_Reward/body_global_linvel: 0.0241
2026-08-18 16:04:41:INFO: Episode_Reward/undesired_ground_contact: 0.0000
2026-08-18 16:04:41:INFO:    Episode_Reward/torso_height_tracking: 0.1411
2026-08-18 16:04:41:INFO:          Metrics/motion/error_joint_pos: 1.2710
2026-08-18 16:04:41:INFO:           Episode_Reward/penalty_torque: -0.0040
2026-08-18 16:04:41:INFO:           Episode_Reward/body_local_pos: 0.0803
2026-08-18 16:04:41:INFO:     Episode_Reward/residual_action_rate: -0.0372
2026-08-18 16:04:41:INFO:       Episode_Termination/body_position: 3.7500
2026-08-18 16:04:41:INFO:         Metrics/motion/error_anchor_pos: 0.5011
2026-08-18 16:04:41:INFO:           Metrics/motion/error_body_rot: 0.9813
2026-08-18 16:04:41:INFO:       Metrics/motion/error_body_lin_vel: 2.3118
2026-08-18 16:04:41:INFO:       Metrics/motion/error_body_ang_vel: 8.7543
2026-08-18 16:04:41:INFO:         Episode_Termination/root_height: 55.4000
2026-08-18 16:04:41:INFO: --------------------------------------------------------------------------------
2026-08-18 16:04:41:INFO:                          Iteration time: 7.59s
2026-08-18 16:04:41:INFO:                            Time elapsed: 0:04:00
2026-08-18 16:04:41:INFO:                                     ETA: 21:27:57
2026-08-18 16:04:41:INFO: 
2026-08-18 16:04:49:INFO: ################################################################################
2026-08-18 16:04:49:INFO: [1m                          Learning iteration 31/10000                           [0m
2026-08-18 16:04:49:INFO: 
2026-08-18 16:04:49:INFO:                                Run name: teacher_8gpu_4096env_90_06_stageii
2026-08-18 16:04:49:INFO:                             Total steps: 20971520
2026-08-18 16:04:49:INFO:                        Steps per second: 87005
2026-08-18 16:04:49:INFO:                         Collection time: 5.222s
2026-08-18 16:04:49:INFO:                           Learning time: 2.310s
2026-08-18 16:04:49:INFO:                         Mean value loss: 0.3964
2026-08-18 16:04:49:INFO:                     Mean surrogate loss: -0.0066
2026-08-18 16:04:49:INFO:                       Mean entropy loss: 10.8588
2026-08-18 16:04:49:INFO:                             Mean reward: 11.11
2026-08-18 16:04:49:INFO:                     Mean episode length: 49.52
2026-08-18 16:04:49:INFO:                         Mean action std: 0.49
2026-08-18 16:04:49:INFO:     Metrics/motion/error_anchor_lin_vel: 2.0780
2026-08-18 16:04:49:INFO:     Metrics/motion/error_anchor_ang_vel: 4.9332
2026-08-18 16:04:49:INFO:        Metrics/motion/sampling_top1_bin: 0.6667
2026-08-18 16:04:49:INFO:         Episode_Reward/root_orientation: 0.0206
2026-08-18 16:04:49:INFO:            Episode_Reward/dof_vel_limit: -0.0486
2026-08-18 16:04:49:INFO:           Episode_Reward/body_local_rot: 0.0163
2026-08-18 16:04:49:INFO:         Metrics/motion/sampling_entropy: 0.9214
2026-08-18 16:04:49:INFO:    Metrics/motion/sampling_uniform_mass: 0.2500
2026-08-18 16:04:49:INFO:         Episode_Reward/smoothness_joint: -0.0438
2026-08-18 16:04:49:INFO:       Episode_Reward/joint_vel_tracking: 0.0055
2026-08-18 16:04:49:INFO:     Episode_Termination/shoulder_height: 48.6500
2026-08-18 16:04:49:INFO:          Metrics/motion/error_joint_vel: 26.5315
2026-08-18 16:04:49:INFO:  Episode_Reward/torso_world_orientation: 0.1084
2026-08-18 16:04:49:INFO: Episode_Termination/torso_ground_contact_too_long: 0.0000
2026-08-18 16:04:49:INFO:                Episode_Reward/feet_slip: -0.0114
2026-08-18 16:04:49:INFO:     Episode_Reward/feet_height_tracking: 0.0673
2026-08-18 16:04:49:INFO:       Episode_Reward/joint_pos_tracking: 0.0221
2026-08-18 16:04:49:INFO:       Episode_Reward/torso_world_angvel: 0.1646
2026-08-18 16:04:49:INFO:       Episode_Reward/body_global_angvel: 0.0073
2026-08-18 16:04:49:INFO:           Metrics/motion/error_body_pos: 0.3871
2026-08-18 16:04:49:INFO:       Metrics/motion/sampling_top1_prob: 0.1377
2026-08-18 16:04:49:INFO: Episode_Reward/undesired_self_collision: -0.0023
2026-08-18 16:04:49:INFO:       Episode_Termination/invalid_state: 0.0000
2026-08-18 16:04:49:INFO:        Episode_Reward/feet_pos_tracking: 0.0679
2026-08-18 16:04:49:INFO:              Episode_Reward/termination: -0.1000
2026-08-18 16:04:49:INFO:         Metrics/motion/error_anchor_rot: 1.1207
2026-08-18 16:04:49:INFO:            Episode_Termination/time_out: 0.0000
2026-08-18 16:04:49:INFO:            Episode_Reward/dof_pos_limit: -0.0110
2026-08-18 16:04:49:INFO:       Episode_Reward/body_global_linvel: 0.0254
2026-08-18 16:04:49:INFO: Episode_Reward/undesired_ground_contact: 0.0000
2026-08-18 16:04:49:INFO:    Episode_Reward/torso_height_tracking: 0.1484
2026-08-18 16:04:49:INFO:          Metrics/motion/error_joint_pos: 1.2636
2026-08-18 16:04:49:INFO:           Episode_Reward/penalty_torque: -0.0040
2026-08-18 16:04:49:INFO:           Episode_Reward/body_local_pos: 0.0832
2026-08-18 16:04:49:INFO:     Episode_Reward/residual_action_rate: -0.0381
2026-08-18 16:04:49:INFO:       Episode_Termination/body_position: 4.8000
2026-08-18 16:04:49:INFO:         Metrics/motion/error_anchor_pos: 0.5087
2026-08-18 16:04:49:INFO:           Metrics/motion/error_body_rot: 0.9935
2026-08-18 16:04:49:INFO:       Metrics/motion/error_body_lin_vel: 2.3385
2026-08-18 16:04:49:INFO:       Metrics/motion/error_body_ang_vel: 8.7019
2026-08-18 16:04:49:INFO:         Episode_Termination/root_height: 55.0500
2026-08-18 16:04:49:INFO: --------------------------------------------------------------------------------
2026-08-18 16:04:49:INFO:                          Iteration time: 7.53s
2026-08-18 16:04:49:INFO:                            Time elapsed: 0:04:07
2026-08-18 16:04:49:INFO:                                     ETA: 21:26:41
2026-08-18 16:04:49:INFO: 
2026-08-18 16:04:58:INFO: ################################################################################
2026-08-18 16:04:58:INFO: [1m                          Learning iteration 32/10000                           [0m
2026-08-18 16:04:58:INFO: 
2026-08-18 16:04:58:INFO:                                Run name: teacher_8gpu_4096env_90_06_stageii
2026-08-18 16:04:58:INFO:                             Total steps: 21626880
2026-08-18 16:04:58:INFO:                        Steps per second: 84523
2026-08-18 16:04:58:INFO:                         Collection time: 5.214s
2026-08-18 16:04:58:INFO:                           Learning time: 2.540s
2026-08-18 16:04:58:INFO:                         Mean value loss: 0.4032
2026-08-18 16:04:58:INFO:                     Mean surrogate loss: -0.0064
2026-08-18 16:04:58:INFO:                       Mean entropy loss: 10.6487
2026-08-18 16:04:58:INFO:                             Mean reward: 9.13
2026-08-18 16:04:58:INFO:                     Mean episode length: 41.14
2026-08-18 16:04:58:INFO:                         Mean action std: 0.48
2026-08-18 16:04:58:INFO:     Metrics/motion/error_anchor_lin_vel: 2.0711
2026-08-18 16:04:58:INFO:     Metrics/motion/error_anchor_ang_vel: 4.8793
2026-08-18 16:04:58:INFO:        Metrics/motion/sampling_top1_bin: 0.6667
2026-08-18 16:04:58:INFO:         Episode_Reward/root_orientation: 0.0209
2026-08-18 16:04:58:INFO:            Episode_Reward/dof_vel_limit: -0.0454
2026-08-18 16:04:58:INFO:           Episode_Reward/body_local_rot: 0.0162
2026-08-18 16:04:58:INFO:         Metrics/motion/sampling_entropy: 0.9205
2026-08-18 16:04:58:INFO:    Metrics/motion/sampling_uniform_mass: 0.2500
2026-08-18 16:04:58:INFO:         Episode_Reward/smoothness_joint: -0.0434
2026-08-18 16:04:58:INFO:       Episode_Reward/joint_vel_tracking: 0.0056
2026-08-18 16:04:58:INFO:     Episode_Termination/shoulder_height: 50.2000
2026-08-18 16:04:58:INFO:          Metrics/motion/error_joint_vel: 26.3751
2026-08-18 16:04:58:INFO:  Episode_Reward/torso_world_orientation: 0.1106
2026-08-18 16:04:58:INFO: Episode_Termination/torso_ground_contact_too_long: 0.0000
2026-08-18 16:04:58:INFO:                Episode_Reward/feet_slip: -0.0116
2026-08-18 16:04:58:INFO:     Episode_Reward/feet_height_tracking: 0.0665
2026-08-18 16:04:58:INFO:       Episode_Reward/joint_pos_tracking: 0.0220
2026-08-18 16:04:58:INFO:       Episode_Reward/torso_world_angvel: 0.1648
2026-08-18 16:04:58:INFO:       Episode_Reward/body_global_angvel: 0.0075
2026-08-18 16:04:58:INFO:           Metrics/motion/error_body_pos: 0.3851
2026-08-18 16:04:58:INFO:       Metrics/motion/sampling_top1_prob: 0.1398
2026-08-18 16:04:58:INFO: Episode_Reward/undesired_self_collision: -0.0020
2026-08-18 16:04:58:INFO:       Episode_Termination/invalid_state: 0.0000
2026-08-18 16:04:58:INFO:        Episode_Reward/feet_pos_tracking: 0.0677
2026-08-18 16:04:58:INFO:              Episode_Reward/termination: -0.1000
2026-08-18 16:04:58:INFO:         Metrics/motion/error_anchor_rot: 1.0981
2026-08-18 16:04:58:INFO:            Episode_Termination/time_out: 0.0000
2026-08-18 16:04:58:INFO:            Episode_Reward/dof_pos_limit: -0.0107
2026-08-18 16:04:58:INFO:       Episode_Reward/body_global_linvel: 0.0252
2026-08-18 16:04:58:INFO: Episode_Reward/undesired_ground_contact: 0.0000
2026-08-18 16:04:58:INFO:    Episode_Reward/torso_height_tracking: 0.1476
2026-08-18 16:04:58:INFO:          Metrics/motion/error_joint_pos: 1.2706
2026-08-18 16:04:58:INFO:           Episode_Reward/penalty_torque: -0.0040
2026-08-18 16:04:58:INFO:           Episode_Reward/body_local_pos: 0.0828
2026-08-18 16:04:58:INFO:     Episode_Reward/residual_action_rate: -0.0373
2026-08-18 16:04:58:INFO:       Episode_Termination/body_position: 4.2000
2026-08-18 16:04:58:INFO:         Metrics/motion/error_anchor_pos: 0.5131
2026-08-18 16:04:58:INFO:           Metrics/motion/error_body_rot: 0.9771
2026-08-18 16:04:58:INFO:       Metrics/motion/error_body_lin_vel: 2.3242
2026-08-18 16:04:58:INFO:       Metrics/motion/error_body_ang_vel: 8.7378
2026-08-18 16:04:58:INFO:         Episode_Termination/root_height: 54.5500
2026-08-18 16:04:58:INFO: --------------------------------------------------------------------------------
2026-08-18 16:04:58:INFO:                          Iteration time: 7.75s
2026-08-18 16:04:58:INFO:                            Time elapsed: 0:04:15
2026-08-18 16:04:58:INFO:                                     ETA: 21:26:35
2026-08-18 16:04:58:INFO: 
2026-08-18 16:05:06:INFO: ################################################################################
2026-08-18 16:05:06:INFO: [1m                          Learning iteration 33/10000                           [0m
2026-08-18 16:05:06:INFO: 
2026-08-18 16:05:06:INFO:                                Run name: teacher_8gpu_4096env_90_06_stageii
2026-08-18 16:05:06:INFO:                             Total steps: 22282240
2026-08-18 16:05:06:INFO:                        Steps per second: 87425
2026-08-18 16:05:06:INFO:                         Collection time: 5.143s
2026-08-18 16:05:06:INFO:                           Learning time: 2.353s
2026-08-18 16:05:06:INFO:                         Mean value loss: 0.4059
2026-08-18 16:05:06:INFO:                     Mean surrogate loss: -0.0060
2026-08-18 16:05:06:INFO:                       Mean entropy loss: 10.4717
2026-08-18 16:05:06:INFO:                             Mean reward: 10.89
2026-08-18 16:05:06:INFO:                     Mean episode length: 48.00
2026-08-18 16:05:06:INFO:                         Mean action std: 0.48
2026-08-18 16:05:06:INFO:     Metrics/motion/error_anchor_lin_vel: 2.0658
2026-08-18 16:05:06:INFO:     Metrics/motion/error_anchor_ang_vel: 4.8473
2026-08-18 16:05:06:INFO:        Metrics/motion/sampling_top1_bin: 0.6667
2026-08-18 16:05:06:INFO:         Episode_Reward/root_orientation: 0.0213
2026-08-18 16:05:06:INFO:            Episode_Reward/dof_vel_limit: -0.0431
2026-08-18 16:05:06:INFO:           Episode_Reward/body_local_rot: 0.0166
2026-08-18 16:05:06:INFO:         Metrics/motion/sampling_entropy: 0.9190
2026-08-18 16:05:06:INFO:    Metrics/motion/sampling_uniform_mass: 0.2500
2026-08-18 16:05:06:INFO:         Episode_Reward/smoothness_joint: -0.0436
2026-08-18 16:05:06:INFO:       Episode_Reward/joint_vel_tracking: 0.0058
2026-08-18 16:05:06:INFO:     Episode_Termination/shoulder_height: 49.2000
2026-08-18 16:05:06:INFO:          Metrics/motion/error_joint_vel: 26.2084
2026-08-18 16:05:06:INFO:  Episode_Reward/torso_world_orientation: 0.1127
2026-08-18 16:05:06:INFO: Episode_Termination/torso_ground_contact_too_long: 0.0000
2026-08-18 16:05:06:INFO:                Episode_Reward/feet_slip: -0.0114
2026-08-18 16:05:06:INFO:     Episode_Reward/feet_height_tracking: 0.0680
2026-08-18 16:05:06:INFO:       Episode_Reward/joint_pos_tracking: 0.0226
2026-08-18 16:05:06:INFO:       Episode_Reward/torso_world_angvel: 0.1688
2026-08-18 16:05:06:INFO:       Episode_Reward/body_global_angvel: 0.0078
2026-08-18 16:05:06:INFO:           Metrics/motion/error_body_pos: 0.3885
2026-08-18 16:05:06:INFO:       Metrics/motion/sampling_top1_prob: 0.1428
2026-08-18 16:05:06:INFO: Episode_Reward/undesired_self_collision: -0.0019
2026-08-18 16:05:06:INFO:       Episode_Termination/invalid_state: 0.0000
2026-08-18 16:05:06:INFO:        Episode_Reward/feet_pos_tracking: 0.0694
2026-08-18 16:05:06:INFO:              Episode_Reward/termination: -0.1000
2026-08-18 16:05:06:INFO:         Metrics/motion/error_anchor_rot: 1.0952
2026-08-18 16:05:06:INFO:            Episode_Termination/time_out: 0.0000
2026-08-18 16:05:06:INFO:            Episode_Reward/dof_pos_limit: -0.0110
2026-08-18 16:05:06:INFO:       Episode_Reward/body_global_linvel: 0.0259
2026-08-18 16:05:06:INFO: Episode_Reward/undesired_ground_contact: 0.0000
2026-08-18 16:05:06:INFO:    Episode_Reward/torso_height_tracking: 0.1518
2026-08-18 16:05:06:INFO:          Metrics/motion/error_joint_pos: 1.2704
2026-08-18 16:05:06:INFO:           Episode_Reward/penalty_torque: -0.0040
2026-08-18 16:05:06:INFO:           Episode_Reward/body_local_pos: 0.0848
2026-08-18 16:05:06:INFO:     Episode_Reward/residual_action_rate: -0.0378
2026-08-18 16:05:06:INFO:       Episode_Termination/body_position: 3.5000
2026-08-18 16:05:06:INFO:         Metrics/motion/error_anchor_pos: 0.5196
2026-08-18 16:05:06:INFO:           Metrics/motion/error_body_rot: 0.9985
2026-08-18 16:05:06:INFO:       Metrics/motion/error_body_lin_vel: 2.3203
2026-08-18 16:05:06:INFO:       Metrics/motion/error_body_ang_vel: 8.6038
2026-08-18 16:05:06:INFO:         Episode_Termination/root_height: 52.5500
2026-08-18 16:05:06:INFO: --------------------------------------------------------------------------------
2026-08-18 16:05:06:INFO:                          Iteration time: 7.50s
2026-08-18 16:05:06:INFO:                            Time elapsed: 0:04:23
2026-08-18 16:05:06:INFO:                                     ETA: 21:25:15
2026-08-18 16:05:06:INFO: 
2026-08-18 16:05:14:INFO: ################################################################################
2026-08-18 16:05:14:INFO: [1m                          Learning iteration 34/10000                           [0m
2026-08-18 16:05:14:INFO: 
2026-08-18 16:05:14:INFO:                                Run name: teacher_8gpu_4096env_90_06_stageii
2026-08-18 16:05:14:INFO:                             Total steps: 22937600
2026-08-18 16:05:14:INFO:                        Steps per second: 86927
2026-08-18 16:05:14:INFO:                         Collection time: 5.192s
2026-08-18 16:05:14:INFO:                           Learning time: 2.347s
2026-08-18 16:05:14:INFO:                         Mean value loss: 0.4453
2026-08-18 16:05:14:INFO:                     Mean surrogate loss: -0.0048
2026-08-18 16:05:14:INFO:                       Mean entropy loss: 10.2709
2026-08-18 16:05:14:INFO:                             Mean reward: 10.14
2026-08-18 16:05:14:INFO:                     Mean episode length: 44.91
2026-08-18 16:05:14:INFO:                         Mean action std: 0.47
2026-08-18 16:05:14:INFO:     Metrics/motion/error_anchor_lin_vel: 2.0635
2026-08-18 16:05:14:INFO:     Metrics/motion/error_anchor_ang_vel: 4.8859
2026-08-18 16:05:14:INFO:        Metrics/motion/sampling_top1_bin: 0.6667
2026-08-18 16:05:14:INFO:         Episode_Reward/root_orientation: 0.0217
2026-08-18 16:05:14:INFO:            Episode_Reward/dof_vel_limit: -0.0430
2026-08-18 16:05:14:INFO:           Episode_Reward/body_local_rot: 0.0170
2026-08-18 16:05:14:INFO:         Metrics/motion/sampling_entropy: 0.9183
2026-08-18 16:05:14:INFO:    Metrics/motion/sampling_uniform_mass: 0.2500
2026-08-18 16:05:14:INFO:         Episode_Reward/smoothness_joint: -0.0440
2026-08-18 16:05:14:INFO:       Episode_Reward/joint_vel_tracking: 0.0059
2026-08-18 16:05:14:INFO:     Episode_Termination/shoulder_height: 48.6000
2026-08-18 16:05:14:INFO:          Metrics/motion/error_joint_vel: 25.7877
2026-08-18 16:05:14:INFO:  Episode_Reward/torso_world_orientation: 0.1152
2026-08-18 16:05:14:INFO: Episode_Termination/torso_ground_contact_too_long: 0.0000
2026-08-18 16:05:14:INFO:                Episode_Reward/feet_slip: -0.0117
2026-08-18 16:05:14:INFO:     Episode_Reward/feet_height_tracking: 0.0694
2026-08-18 16:05:14:INFO:       Episode_Reward/joint_pos_tracking: 0.0230
2026-08-18 16:05:14:INFO:       Episode_Reward/torso_world_angvel: 0.1726
2026-08-18 16:05:14:INFO:       Episode_Reward/body_global_angvel: 0.0081
2026-08-18 16:05:14:INFO:           Metrics/motion/error_body_pos: 0.3877
2026-08-18 16:05:14:INFO:       Metrics/motion/sampling_top1_prob: 0.1439
2026-08-18 16:05:14:INFO: Episode_Reward/undesired_self_collision: -0.0021
2026-08-18 16:05:14:INFO:       Episode_Termination/invalid_state: 0.0000
2026-08-18 16:05:14:INFO:        Episode_Reward/feet_pos_tracking: 0.0708
2026-08-18 16:05:14:INFO:              Episode_Reward/termination: -0.1000
2026-08-18 16:05:14:INFO:         Metrics/motion/error_anchor_rot: 1.1041
2026-08-18 16:05:14:INFO:            Episode_Termination/time_out: 0.0000
2026-08-18 16:05:14:INFO:            Episode_Reward/dof_pos_limit: -0.0114
2026-08-18 16:05:14:INFO:       Episode_Reward/body_global_linvel: 0.0265
2026-08-18 16:05:14:INFO: Episode_Reward/undesired_ground_contact: 0.0000
2026-08-18 16:05:14:INFO:    Episode_Reward/torso_height_tracking: 0.1548
2026-08-18 16:05:14:INFO:          Metrics/motion/error_joint_pos: 1.2584
2026-08-18 16:05:14:INFO:           Episode_Reward/penalty_torque: -0.0041
2026-08-18 16:05:14:INFO:           Episode_Reward/body_local_pos: 0.0864
2026-08-18 16:05:14:INFO:     Episode_Reward/residual_action_rate: -0.0381
2026-08-18 16:05:14:INFO:       Episode_Termination/body_position: 3.3500
2026-08-18 16:05:14:INFO:         Metrics/motion/error_anchor_pos: 0.5216
2026-08-18 16:05:14:INFO:           Metrics/motion/error_body_rot: 0.9911
2026-08-18 16:05:14:INFO:       Metrics/motion/error_body_lin_vel: 2.3086
2026-08-18 16:05:14:INFO:       Metrics/motion/error_body_ang_vel: 8.5891
2026-08-18 16:05:14:INFO:         Episode_Termination/root_height: 52.2500
2026-08-18 16:05:14:INFO: --------------------------------------------------------------------------------
2026-08-18 16:05:14:INFO:                          Iteration time: 7.54s
2026-08-18 16:05:14:INFO:                            Time elapsed: 0:04:30
2026-08-18 16:05:14:INFO:                                     ETA: 21:24:10
2026-08-18 16:05:14:INFO: 
2026-08-18 16:05:22:INFO: ################################################################################
2026-08-18 16:05:22:INFO: [1m                          Learning iteration 35/10000                           [0m
2026-08-18 16:05:22:INFO: 
2026-08-18 16:05:22:INFO:                                Run name: teacher_8gpu_4096env_90_06_stageii
2026-08-18 16:05:22:INFO:                             Total steps: 23592960
2026-08-18 16:05:22:INFO:                        Steps per second: 86373
2026-08-18 16:05:22:INFO:                         Collection time: 5.223s
2026-08-18 16:05:22:INFO:                           Learning time: 2.365s
2026-08-18 16:05:22:INFO:                         Mean value loss: 0.4408
2026-08-18 16:05:22:INFO:                     Mean surrogate loss: -0.0046
2026-08-18 16:05:22:INFO:                       Mean entropy loss: 10.0797
2026-08-18 16:05:22:INFO:                             Mean reward: 9.65
2026-08-18 16:05:22:INFO:                     Mean episode length: 43.32
2026-08-18 16:05:22:INFO:                         Mean action std: 0.47
2026-08-18 16:05:22:INFO:     Metrics/motion/error_anchor_lin_vel: 2.0829
2026-08-18 16:05:22:INFO:     Metrics/motion/error_anchor_ang_vel: 4.7886
2026-08-18 16:05:22:INFO:        Metrics/motion/sampling_top1_bin: 0.6667
2026-08-18 16:05:22:INFO:         Episode_Reward/root_orientation: 0.0218
2026-08-18 16:05:22:INFO:            Episode_Reward/dof_vel_limit: -0.0392
2026-08-18 16:05:22:INFO:           Episode_Reward/body_local_rot: 0.0169
2026-08-18 16:05:22:INFO:         Metrics/motion/sampling_entropy: 0.9176
2026-08-18 16:05:22:INFO:    Metrics/motion/sampling_uniform_mass: 0.2500
2026-08-18 16:05:22:INFO:         Episode_Reward/smoothness_joint: -0.0426
2026-08-18 16:05:22:INFO:       Episode_Reward/joint_vel_tracking: 0.0060
2026-08-18 16:05:22:INFO:     Episode_Termination/shoulder_height: 47.2000
2026-08-18 16:05:22:INFO:          Metrics/motion/error_joint_vel: 25.4815
2026-08-18 16:05:22:INFO:  Episode_Reward/torso_world_orientation: 0.1156
2026-08-18 16:05:22:INFO: Episode_Termination/torso_ground_contact_too_long: 0.0000
2026-08-18 16:05:22:INFO:                Episode_Reward/feet_slip: -0.0113
2026-08-18 16:05:22:INFO:     Episode_Reward/feet_height_tracking: 0.0688
2026-08-18 16:05:22:INFO:       Episode_Reward/joint_pos_tracking: 0.0229
2026-08-18 16:05:22:INFO:       Episode_Reward/torso_world_angvel: 0.1720
2026-08-18 16:05:22:INFO:       Episode_Reward/body_global_angvel: 0.0083
2026-08-18 16:05:22:INFO:           Metrics/motion/error_body_pos: 0.3867
2026-08-18 16:05:22:INFO:       Metrics/motion/sampling_top1_prob: 0.1445
2026-08-18 16:05:22:INFO: Episode_Reward/undesired_self_collision: -0.0017
2026-08-18 16:05:22:INFO:       Episode_Termination/invalid_state: 0.0000
2026-08-18 16:05:22:INFO:        Episode_Reward/feet_pos_tracking: 0.0705
2026-08-18 16:05:22:INFO:              Episode_Reward/termination: -0.1000
2026-08-18 16:05:22:INFO:         Metrics/motion/error_anchor_rot: 1.0951
2026-08-18 16:05:22:INFO:            Episode_Termination/time_out: 0.0000
2026-08-18 16:05:22:INFO:            Episode_Reward/dof_pos_limit: -0.0113
2026-08-18 16:05:22:INFO:       Episode_Reward/body_global_linvel: 0.0264
2026-08-18 16:05:22:INFO: Episode_Reward/undesired_ground_contact: 0.0000
2026-08-18 16:05:22:INFO:    Episode_Reward/torso_height_tracking: 0.1544
2026-08-18 16:05:22:INFO:          Metrics/motion/error_joint_pos: 1.2672
2026-08-18 16:05:22:INFO:           Episode_Reward/penalty_torque: -0.0040
2026-08-18 16:05:22:INFO:           Episode_Reward/body_local_pos: 0.0860
2026-08-18 16:05:22:INFO:     Episode_Reward/residual_action_rate: -0.0371
2026-08-18 16:05:22:INFO:       Episode_Termination/body_position: 2.7500
2026-08-18 16:05:22:INFO:         Metrics/motion/error_anchor_pos: 0.5269
2026-08-18 16:05:22:INFO:           Metrics/motion/error_body_rot: 0.9875
2026-08-18 16:05:22:INFO:       Metrics/motion/error_body_lin_vel: 2.3206
2026-08-18 16:05:22:INFO:       Metrics/motion/error_body_ang_vel: 8.4807
2026-08-18 16:05:22:INFO:         Episode_Termination/root_height: 51.1500
2026-08-18 16:05:22:INFO: --------------------------------------------------------------------------------
2026-08-18 16:05:22:INFO:                          Iteration time: 7.59s
2026-08-18 16:05:22:INFO:                            Time elapsed: 0:04:38
2026-08-18 16:05:22:INFO:                                     ETA: 21:23:23
2026-08-18 16:05:22:INFO: 
2026-08-18 16:05:34:INFO: ################################################################################
2026-08-18 16:05:34:INFO: [1m                          Learning iteration 36/10000                           [0m
2026-08-18 16:05:34:INFO: 
2026-08-18 16:05:34:INFO:                                Run name: teacher_8gpu_4096env_90_06_stageii
2026-08-18 16:05:34:INFO:                             Total steps: 24248320
2026-08-18 16:05:34:INFO:                        Steps per second: 60613
2026-08-18 16:05:34:INFO:                         Collection time: 7.342s
2026-08-18 16:05:34:INFO:                           Learning time: 3.470s
2026-08-18 16:05:34:INFO:                         Mean value loss: 0.4587
2026-08-18 16:05:34:INFO:                     Mean surrogate loss: -0.0058
2026-08-18 16:05:34:INFO:                       Mean entropy loss: 9.9174
2026-08-18 16:05:34:INFO:                             Mean reward: 12.24
2026-08-18 16:05:34:INFO:                     Mean episode length: 50.15
2026-08-18 16:05:34:INFO:                         Mean action std: 0.47
2026-08-18 16:05:34:INFO:     Metrics/motion/error_anchor_lin_vel: 2.0752
2026-08-18 16:05:34:INFO:     Metrics/motion/error_anchor_ang_vel: 4.8984
2026-08-18 16:05:34:INFO:        Metrics/motion/sampling_top1_bin: 0.6667
2026-08-18 16:05:34:INFO:         Episode_Reward/root_orientation: 0.0226
2026-08-18 16:05:34:INFO:            Episode_Reward/dof_vel_limit: -0.0389
2026-08-18 16:05:34:INFO:           Episode_Reward/body_local_rot: 0.0176
2026-08-18 16:05:34:INFO:         Metrics/motion/sampling_entropy: 0.9164
2026-08-18 16:05:34:INFO:    Metrics/motion/sampling_uniform_mass: 0.2500
2026-08-18 16:05:34:INFO:         Episode_Reward/smoothness_joint: -0.0440
2026-08-18 16:05:34:INFO:       Episode_Reward/joint_vel_tracking: 0.0064
2026-08-18 16:05:34:INFO:     Episode_Termination/shoulder_height: 44.9500
2026-08-18 16:05:34:INFO:          Metrics/motion/error_joint_vel: 25.3472
2026-08-18 16:05:34:INFO:  Episode_Reward/torso_world_orientation: 0.1204
2026-08-18 16:05:34:INFO: Episode_Termination/torso_ground_contact_too_long: 0.0000
2026-08-18 16:05:34:INFO:                Episode_Reward/feet_slip: -0.0117
2026-08-18 16:05:34:INFO:     Episode_Reward/feet_height_tracking: 0.0720
2026-08-18 16:05:34:INFO:       Episode_Reward/joint_pos_tracking: 0.0239
2026-08-18 16:05:34:INFO:       Episode_Reward/torso_world_angvel: 0.1798
2026-08-18 16:05:34:INFO:       Episode_Reward/body_global_angvel: 0.0088
2026-08-18 16:05:34:INFO:           Metrics/motion/error_body_pos: 0.3884
2026-08-18 16:05:34:INFO:       Metrics/motion/sampling_top1_prob: 0.1466
2026-08-18 16:05:34:INFO: Episode_Reward/undesired_self_collision: -0.0017
2026-08-18 16:05:34:INFO:       Episode_Termination/invalid_state: 0.0000
2026-08-18 16:05:34:INFO:        Episode_Reward/feet_pos_tracking: 0.0736
2026-08-18 16:05:34:INFO:              Episode_Reward/termination: -0.1000
2026-08-18 16:05:34:INFO:         Metrics/motion/error_anchor_rot: 1.1182
2026-08-18 16:05:34:INFO:            Episode_Termination/time_out: 0.0000
2026-08-18 16:05:34:INFO:            Episode_Reward/dof_pos_limit: -0.0115
2026-08-18 16:05:34:INFO:       Episode_Reward/body_global_linvel: 0.0277
2026-08-18 16:05:34:INFO: Episode_Reward/undesired_ground_contact: 0.0000
2026-08-18 16:05:34:INFO:    Episode_Reward/torso_height_tracking: 0.1622
2026-08-18 16:05:34:INFO:          Metrics/motion/error_joint_pos: 1.2679
2026-08-18 16:05:34:INFO:           Episode_Reward/penalty_torque: -0.0042
2026-08-18 16:05:34:INFO:           Episode_Reward/body_local_pos: 0.0895
2026-08-18 16:05:34:INFO:     Episode_Reward/residual_action_rate: -0.0382
2026-08-18 16:05:34:INFO:       Episode_Termination/body_position: 2.9500
2026-08-18 16:05:34:INFO:         Metrics/motion/error_anchor_pos: 0.5350
2026-08-18 16:05:34:INFO:           Metrics/motion/error_body_rot: 1.0016
2026-08-18 16:05:34:INFO:       Metrics/motion/error_body_lin_vel: 2.3135
2026-08-18 16:05:34:INFO:       Metrics/motion/error_body_ang_vel: 8.4494
2026-08-18 16:05:34:INFO:         Episode_Termination/root_height: 51.2000
2026-08-18 16:05:34:INFO: --------------------------------------------------------------------------------
2026-08-18 16:05:34:INFO:                          Iteration time: 10.81s
2026-08-18 16:05:34:INFO:                            Time elapsed: 0:04:49
2026-08-18 16:05:34:INFO:                                     ETA: 21:37:05
2026-08-18 16:05:34:INFO: 
2026-08-18 16:05:49:INFO: ################################################################################
2026-08-18 16:05:49:INFO: [1m                          Learning iteration 37/10000                           [0m
2026-08-18 16:05:49:INFO: 
2026-08-18 16:05:49:INFO:                                Run name: teacher_8gpu_4096env_90_06_stageii
2026-08-18 16:05:49:INFO:                             Total steps: 24903680
2026-08-18 16:05:49:INFO:                        Steps per second: 48445
2026-08-18 16:05:49:INFO:                         Collection time: 10.703s
2026-08-18 16:05:49:INFO:                           Learning time: 2.825s
2026-08-18 16:05:49:INFO:                         Mean value loss: 0.4633
2026-08-18 16:05:49:INFO:                     Mean surrogate loss: -0.0051
2026-08-18 16:05:49:INFO:                       Mean entropy loss: 9.7538
2026-08-18 16:05:49:INFO:                             Mean reward: 12.34
2026-08-18 16:05:49:INFO:                     Mean episode length: 50.97
2026-08-18 16:05:49:INFO:                         Mean action std: 0.46
2026-08-18 16:05:49:INFO:     Metrics/motion/error_anchor_lin_vel: 2.0673
2026-08-18 16:05:49:INFO:     Metrics/motion/error_anchor_ang_vel: 4.8230
2026-08-18 16:05:49:INFO:        Metrics/motion/sampling_top1_bin: 0.6667
2026-08-18 16:05:49:INFO:         Episode_Reward/root_orientation: 0.0226
2026-08-18 16:05:49:INFO:            Episode_Reward/dof_vel_limit: -0.0381
2026-08-18 16:05:49:INFO:           Episode_Reward/body_local_rot: 0.0176
2026-08-18 16:05:49:INFO:         Metrics/motion/sampling_entropy: 0.9156
2026-08-18 16:05:49:INFO:    Metrics/motion/sampling_uniform_mass: 0.2500
2026-08-18 16:05:49:INFO:         Episode_Reward/smoothness_joint: -0.0435
2026-08-18 16:05:49:INFO:       Episode_Reward/joint_vel_tracking: 0.0064
2026-08-18 16:05:49:INFO:     Episode_Termination/shoulder_height: 46.4500
2026-08-18 16:05:49:INFO:          Metrics/motion/error_joint_vel: 25.0669
2026-08-18 16:05:49:INFO:  Episode_Reward/torso_world_orientation: 0.1211
2026-08-18 16:05:49:INFO: Episode_Termination/torso_ground_contact_too_long: 0.0000
2026-08-18 16:05:49:INFO:                Episode_Reward/feet_slip: -0.0117
2026-08-18 16:05:49:INFO:     Episode_Reward/feet_height_tracking: 0.0721
2026-08-18 16:05:49:INFO:       Episode_Reward/joint_pos_tracking: 0.0239
2026-08-18 16:05:49:INFO:       Episode_Reward/torso_world_angvel: 0.1806
2026-08-18 16:05:49:INFO:       Episode_Reward/body_global_angvel: 0.0089
2026-08-18 16:05:49:INFO:           Metrics/motion/error_body_pos: 0.3887
2026-08-18 16:05:49:INFO:       Metrics/motion/sampling_top1_prob: 0.1476
2026-08-18 16:05:49:INFO: Episode_Reward/undesired_self_collision: -0.0016
2026-08-18 16:05:49:INFO:       Episode_Termination/invalid_state: 0.0000
2026-08-18 16:05:49:INFO:        Episode_Reward/feet_pos_tracking: 0.0739
2026-08-18 16:05:49:INFO:              Episode_Reward/termination: -0.1000
2026-08-18 16:05:49:INFO:         Metrics/motion/error_anchor_rot: 1.1028
2026-08-18 16:05:49:INFO:            Episode_Termination/time_out: 0.0000
2026-08-18 16:05:49:INFO:            Episode_Reward/dof_pos_limit: -0.0112
2026-08-18 16:05:49:INFO:       Episode_Reward/body_global_linvel: 0.0278
2026-08-18 16:05:49:INFO: Episode_Reward/undesired_ground_contact: 0.0000
2026-08-18 16:05:49:INFO:    Episode_Reward/torso_height_tracking: 0.1626
2026-08-18 16:05:49:INFO:          Metrics/motion/error_joint_pos: 1.2799
2026-08-18 16:05:49:INFO:           Episode_Reward/penalty_torque: -0.0041
2026-08-18 16:05:49:INFO:           Episode_Reward/body_local_pos: 0.0898
2026-08-18 16:05:49:INFO:     Episode_Reward/residual_action_rate: -0.0379
2026-08-18 16:05:49:INFO:       Episode_Termination/body_position: 2.6500
2026-08-18 16:05:49:INFO:         Metrics/motion/error_anchor_pos: 0.5304
2026-08-18 16:05:49:INFO:           Metrics/motion/error_body_rot: 1.0040
2026-08-18 16:05:49:INFO:       Metrics/motion/error_body_lin_vel: 2.3219
2026-08-18 16:05:49:INFO:       Metrics/motion/error_body_ang_vel: 8.4570
2026-08-18 16:05:49:INFO:         Episode_Termination/root_height: 49.7500
2026-08-18 16:05:49:INFO: --------------------------------------------------------------------------------
2026-08-18 16:05:49:INFO:                          Iteration time: 13.53s
2026-08-18 16:05:49:INFO:                            Time elapsed: 0:05:02
2026-08-18 16:05:49:INFO:                                     ETA: 22:01:56
2026-08-18 16:05:49:INFO: 
2026-08-18 16:06:04:INFO: ################################################################################
2026-08-18 16:06:04:INFO: [1m                          Learning iteration 38/10000                           [0m
2026-08-18 16:06:04:INFO: 
2026-08-18 16:06:04:INFO:                                Run name: teacher_8gpu_4096env_90_06_stageii
2026-08-18 16:06:04:INFO:                             Total steps: 25559040
2026-08-18 16:06:04:INFO:                        Steps per second: 50557
2026-08-18 16:06:04:INFO:                         Collection time: 9.845s
2026-08-18 16:06:04:INFO:                           Learning time: 3.118s
2026-08-18 16:06:04:INFO:                         Mean value loss: 0.4499
2026-08-18 16:06:04:INFO:                     Mean surrogate loss: -0.0050
2026-08-18 16:06:04:INFO:                       Mean entropy loss: 9.5495
2026-08-18 16:06:04:INFO:                             Mean reward: 11.97
2026-08-18 16:06:04:INFO:                     Mean episode length: 48.87
2026-08-18 16:06:04:INFO:                         Mean action std: 0.46
2026-08-18 16:06:04:INFO:     Metrics/motion/error_anchor_lin_vel: 2.0593
2026-08-18 16:06:04:INFO:     Metrics/motion/error_anchor_ang_vel: 4.7829
2026-08-18 16:06:04:INFO:        Metrics/motion/sampling_top1_bin: 0.6667
2026-08-18 16:06:04:INFO:         Episode_Reward/root_orientation: 0.0228
2026-08-18 16:06:04:INFO:            Episode_Reward/dof_vel_limit: -0.0348
2026-08-18 16:06:04:INFO:           Episode_Reward/body_local_rot: 0.0176
2026-08-18 16:06:04:INFO:         Metrics/motion/sampling_entropy: 0.9143
2026-08-18 16:06:04:INFO:    Metrics/motion/sampling_uniform_mass: 0.2500
2026-08-18 16:06:04:INFO:         Episode_Reward/smoothness_joint: -0.0425
2026-08-18 16:06:04:INFO:       Episode_Reward/joint_vel_tracking: 0.0065
2026-08-18 16:06:04:INFO:     Episode_Termination/shoulder_height: 46.3500
2026-08-18 16:06:04:INFO:          Metrics/motion/error_joint_vel: 25.1041
2026-08-18 16:06:04:INFO:  Episode_Reward/torso_world_orientation: 0.1218
2026-08-18 16:06:04:INFO: Episode_Termination/torso_ground_contact_too_long: 0.0000
2026-08-18 16:06:04:INFO:                Episode_Reward/feet_slip: -0.0115
2026-08-18 16:06:04:INFO:     Episode_Reward/feet_height_tracking: 0.0715
2026-08-18 16:06:04:INFO:       Episode_Reward/joint_pos_tracking: 0.0239
2026-08-18 16:06:04:INFO:       Episode_Reward/torso_world_angvel: 0.1811
2026-08-18 16:06:04:INFO:       Episode_Reward/body_global_angvel: 0.0092
2026-08-18 16:06:04:INFO:           Metrics/motion/error_body_pos: 0.3908
2026-08-18 16:06:04:INFO:       Metrics/motion/sampling_top1_prob: 0.1489
2026-08-18 16:06:04:INFO: Episode_Reward/undesired_self_collision: -0.0014
2026-08-18 16:06:04:INFO:       Episode_Termination/invalid_state: 0.0000
2026-08-18 16:06:04:INFO:        Episode_Reward/feet_pos_tracking: 0.0741
2026-08-18 16:06:04:INFO:              Episode_Reward/termination: -0.1000
2026-08-18 16:06:04:INFO:         Metrics/motion/error_anchor_rot: 1.0977
2026-08-18 16:06:04:INFO:            Episode_Termination/time_out: 0.0000
2026-08-18 16:06:04:INFO:            Episode_Reward/dof_pos_limit: -0.0110
2026-08-18 16:06:04:INFO:       Episode_Reward/body_global_linvel: 0.0277
2026-08-18 16:06:04:INFO: Episode_Reward/undesired_ground_contact: 0.0000
2026-08-18 16:06:04:INFO:    Episode_Reward/torso_height_tracking: 0.1613
2026-08-18 16:06:04:INFO:          Metrics/motion/error_joint_pos: 1.2761
2026-08-18 16:06:04:INFO:           Episode_Reward/penalty_torque: -0.0041
2026-08-18 16:06:04:INFO:           Episode_Reward/body_local_pos: 0.0897
2026-08-18 16:06:04:INFO:     Episode_Reward/residual_action_rate: -0.0373
2026-08-18 16:06:04:INFO:       Episode_Termination/body_position: 2.6000
2026-08-18 16:06:04:INFO:         Metrics/motion/error_anchor_pos: 0.5290
2026-08-18 16:06:04:INFO:           Metrics/motion/error_body_rot: 1.0093
2026-08-18 16:06:04:INFO:       Metrics/motion/error_body_lin_vel: 2.3204
2026-08-18 16:06:04:INFO:       Metrics/motion/error_body_ang_vel: 8.4272
2026-08-18 16:06:04:INFO:         Episode_Termination/root_height: 53.1000
2026-08-18 16:06:04:INFO: --------------------------------------------------------------------------------
2026-08-18 16:06:04:INFO:                          Iteration time: 12.96s
2026-08-18 16:06:04:INFO:                            Time elapsed: 0:05:15
2026-08-18 16:06:04:INFO:                                     ETA: 22:23:05
2026-08-18 16:06:04:INFO: 
2026-08-18 16:06:18:INFO: ################################################################################
2026-08-18 16:06:18:INFO: [1m                          Learning iteration 39/10000                           [0m
2026-08-18 16:06:18:INFO: 
2026-08-18 16:06:18:INFO:                                Run name: teacher_8gpu_4096env_90_06_stageii
2026-08-18 16:06:18:INFO:                             Total steps: 26214400
2026-08-18 16:06:18:INFO:                        Steps per second: 50641
2026-08-18 16:06:18:INFO:                         Collection time: 9.325s
2026-08-18 16:06:18:INFO:                           Learning time: 3.616s
2026-08-18 16:06:18:INFO:                         Mean value loss: 0.4998
2026-08-18 16:06:18:INFO:                     Mean surrogate loss: -0.0054
2026-08-18 16:06:18:INFO:                       Mean entropy loss: 9.4092
2026-08-18 16:06:18:INFO:                             Mean reward: 12.19
2026-08-18 16:06:18:INFO:                     Mean episode length: 50.37
2026-08-18 16:06:18:INFO:                         Mean action std: 0.45
2026-08-18 16:06:18:INFO:     Metrics/motion/error_anchor_lin_vel: 2.0884
2026-08-18 16:06:18:INFO:     Metrics/motion/error_anchor_ang_vel: 4.8362
2026-08-18 16:06:18:INFO:        Metrics/motion/sampling_top1_bin: 0.6667
2026-08-18 16:06:18:INFO:         Episode_Reward/root_orientation: 0.0233
2026-08-18 16:06:18:INFO:            Episode_Reward/dof_vel_limit: -0.0333
2026-08-18 16:06:18:INFO:           Episode_Reward/body_local_rot: 0.0182
2026-08-18 16:06:18:INFO:         Metrics/motion/sampling_entropy: 0.9132
2026-08-18 16:06:18:INFO:    Metrics/motion/sampling_uniform_mass: 0.2500
2026-08-18 16:06:18:INFO:         Episode_Reward/smoothness_joint: -0.0437
2026-08-18 16:06:18:INFO:       Episode_Reward/joint_vel_tracking: 0.0068
2026-08-18 16:06:18:INFO:     Episode_Termination/shoulder_height: 43.6000
2026-08-18 16:06:18:INFO:          Metrics/motion/error_joint_vel: 24.8693
2026-08-18 16:06:18:INFO:  Episode_Reward/torso_world_orientation: 0.1257
2026-08-18 16:06:18:INFO: Episode_Termination/torso_ground_contact_too_long: 0.0000
2026-08-18 16:06:18:INFO:                Episode_Reward/feet_slip: -0.0115
2026-08-18 16:06:18:INFO:     Episode_Reward/feet_height_tracking: 0.0745
2026-08-18 16:06:18:INFO:       Episode_Reward/joint_pos_tracking: 0.0247
2026-08-18 16:06:18:INFO:       Episode_Reward/torso_world_angvel: 0.1871
2026-08-18 16:06:18:INFO:       Episode_Reward/body_global_angvel: 0.0097
2026-08-18 16:06:18:INFO:           Metrics/motion/error_body_pos: 0.3913
2026-08-18 16:06:18:INFO:       Metrics/motion/sampling_top1_prob: 0.1505
2026-08-18 16:06:18:INFO: Episode_Reward/undesired_self_collision: -0.0012
2026-08-18 16:06:18:INFO:       Episode_Termination/invalid_state: 0.0000
2026-08-18 16:06:18:INFO:        Episode_Reward/feet_pos_tracking: 0.0766
2026-08-18 16:06:18:INFO:              Episode_Reward/termination: -0.1000
2026-08-18 16:06:18:INFO:         Metrics/motion/error_anchor_rot: 1.1518
2026-08-18 16:06:18:INFO:            Episode_Termination/time_out: 0.0000
2026-08-18 16:06:18:INFO:            Episode_Reward/dof_pos_limit: -0.0113
2026-08-18 16:06:18:INFO:       Episode_Reward/body_global_linvel: 0.0290
2026-08-18 16:06:18:INFO: Episode_Reward/undesired_ground_contact: 0.0000
2026-08-18 16:06:18:INFO:    Episode_Reward/torso_height_tracking: 0.1687
2026-08-18 16:06:18:INFO:          Metrics/motion/error_joint_pos: 1.2866
2026-08-18 16:06:18:INFO:           Episode_Reward/penalty_torque: -0.0042
2026-08-18 16:06:18:INFO:           Episode_Reward/body_local_pos: 0.0926
2026-08-18 16:06:18:INFO:     Episode_Reward/residual_action_rate: -0.0379
2026-08-18 16:06:18:INFO:       Episode_Termination/body_position: 2.7000
2026-08-18 16:06:18:INFO:         Metrics/motion/error_anchor_pos: 0.5425
2026-08-18 16:06:18:INFO:           Metrics/motion/error_body_rot: 1.0241
2026-08-18 16:06:18:INFO:       Metrics/motion/error_body_lin_vel: 2.3422
2026-08-18 16:06:18:INFO:       Metrics/motion/error_body_ang_vel: 8.4902
2026-08-18 16:06:18:INFO:         Episode_Termination/root_height: 46.5000
2026-08-18 16:06:18:INFO: --------------------------------------------------------------------------------
2026-08-18 16:06:18:INFO:                          Iteration time: 12.94s
2026-08-18 16:06:18:INFO:                            Time elapsed: 0:05:28
2026-08-18 16:06:18:INFO:                                     ETA: 22:43:05
2026-08-18 16:06:18:INFO: 
2026-08-18 16:06:32:INFO: ################################################################################
2026-08-18 16:06:32:INFO: [1m                          Learning iteration 40/10000                           [0m
2026-08-18 16:06:32:INFO: 
2026-08-18 16:06:32:INFO:                                Run name: teacher_8gpu_4096env_90_06_stageii
2026-08-18 16:06:32:INFO:                             Total steps: 26869760
2026-08-18 16:06:32:INFO:                        Steps per second: 49994
2026-08-18 16:06:32:INFO:                         Collection time: 9.816s
2026-08-18 16:06:32:INFO:                           Learning time: 3.293s
2026-08-18 16:06:32:INFO:                         Mean value loss: 0.4971
2026-08-18 16:06:32:INFO:                     Mean surrogate loss: -0.0055
2026-08-18 16:06:32:INFO:                       Mean entropy loss: 9.2480
2026-08-18 16:06:32:INFO:                             Mean reward: 12.82
2026-08-18 16:06:32:INFO:                     Mean episode length: 51.25
2026-08-18 16:06:32:INFO:                         Mean action std: 0.45
2026-08-18 16:06:32:INFO:     Metrics/motion/error_anchor_lin_vel: 2.0953
2026-08-18 16:06:32:INFO:     Metrics/motion/error_anchor_ang_vel: 4.9017
2026-08-18 16:06:32:INFO:        Metrics/motion/sampling_top1_bin: 0.6667
2026-08-18 16:06:32:INFO:         Episode_Reward/root_orientation: 0.0243
2026-08-18 16:06:32:INFO:            Episode_Reward/dof_vel_limit: -0.0331
2026-08-18 16:06:32:INFO:           Episode_Reward/body_local_rot: 0.0186
2026-08-18 16:06:32:INFO:         Metrics/motion/sampling_entropy: 0.9127
2026-08-18 16:06:32:INFO:    Metrics/motion/sampling_uniform_mass: 0.2500
2026-08-18 16:06:32:INFO:         Episode_Reward/smoothness_joint: -0.0434
2026-08-18 16:06:32:INFO:       Episode_Reward/joint_vel_tracking: 0.0071
2026-08-18 16:06:32:INFO:     Episode_Termination/shoulder_height: 47.0000
2026-08-18 16:06:32:INFO:          Metrics/motion/error_joint_vel: 24.6518
2026-08-18 16:06:32:INFO:  Episode_Reward/torso_world_orientation: 0.1311
2026-08-18 16:06:32:INFO: Episode_Termination/torso_ground_contact_too_long: 0.0000
2026-08-18 16:06:32:INFO:                Episode_Reward/feet_slip: -0.0117
2026-08-18 16:06:32:INFO:     Episode_Reward/feet_height_tracking: 0.0765
2026-08-18 16:06:32:INFO:       Episode_Reward/joint_pos_tracking: 0.0253
2026-08-18 16:06:32:INFO:       Episode_Reward/torso_world_angvel: 0.1928
2026-08-18 16:06:32:INFO:       Episode_Reward/body_global_angvel: 0.0102
2026-08-18 16:06:32:INFO:           Metrics/motion/error_body_pos: 0.3911
2026-08-18 16:06:32:INFO:       Metrics/motion/sampling_top1_prob: 0.1498
2026-08-18 16:06:32:INFO: Episode_Reward/undesired_self_collision: -0.0015
2026-08-18 16:06:32:INFO:       Episode_Termination/invalid_state: 0.0000
2026-08-18 16:06:32:INFO:        Episode_Reward/feet_pos_tracking: 0.0786
2026-08-18 16:06:32:INFO:              Episode_Reward/termination: -0.1000
2026-08-18 16:06:32:INFO:         Metrics/motion/error_anchor_rot: 1.1271
2026-08-18 16:06:32:INFO:            Episode_Termination/time_out: 0.0000
2026-08-18 16:06:32:INFO:            Episode_Reward/dof_pos_limit: -0.0112
2026-08-18 16:06:32:INFO:       Episode_Reward/body_global_linvel: 0.0300
2026-08-18 16:06:32:INFO: Episode_Reward/undesired_ground_contact: 0.0000
2026-08-18 16:06:32:INFO:    Episode_Reward/torso_height_tracking: 0.1734
2026-08-18 16:06:32:INFO:          Metrics/motion/error_joint_pos: 1.2874
2026-08-18 16:06:32:INFO:           Episode_Reward/penalty_torque: -0.0042
2026-08-18 16:06:32:INFO:           Episode_Reward/body_local_pos: 0.0947
2026-08-18 16:06:32:INFO:     Episode_Reward/residual_action_rate: -0.0385
2026-08-18 16:06:32:INFO:       Episode_Termination/body_position: 2.7500
2026-08-18 16:06:32:INFO:         Metrics/motion/error_anchor_pos: 0.5525
2026-08-18 16:06:32:INFO:           Metrics/motion/error_body_rot: 1.0194
2026-08-18 16:06:32:INFO:       Metrics/motion/error_body_lin_vel: 2.3432
2026-08-18 16:06:32:INFO:       Metrics/motion/error_body_ang_vel: 8.4276
2026-08-18 16:06:32:INFO:         Episode_Termination/root_height: 49.9500
2026-08-18 16:06:32:INFO: --------------------------------------------------------------------------------
2026-08-18 16:06:32:INFO:                          Iteration time: 13.11s
2026-08-18 16:06:32:INFO:                            Time elapsed: 0:05:41
2026-08-18 16:06:32:INFO:                                     ETA: 23:02:47
2026-08-18 16:06:32:INFO: 
2026-08-18 16:06:47:INFO: ################################################################################
2026-08-18 16:06:47:INFO: [1m                          Learning iteration 41/10000                           [0m
2026-08-18 16:06:47:INFO: 
2026-08-18 16:06:47:INFO:                                Run name: teacher_8gpu_4096env_90_06_stageii
2026-08-18 16:06:47:INFO:                             Total steps: 27525120
2026-08-18 16:06:47:INFO:                        Steps per second: 48721
2026-08-18 16:06:47:INFO:                         Collection time: 10.526s
2026-08-18 16:06:47:INFO:                           Learning time: 2.926s
2026-08-18 16:06:47:INFO:                         Mean value loss: 0.5117
2026-08-18 16:06:47:INFO:                     Mean surrogate loss: -0.0051
2026-08-18 16:06:47:INFO:                       Mean entropy loss: 9.0922
2026-08-18 16:06:47:INFO:                             Mean reward: 14.05
2026-08-18 16:06:47:INFO:                     Mean episode length: 54.38
2026-08-18 16:06:47:INFO:                         Mean action std: 0.45
2026-08-18 16:06:47:INFO:     Metrics/motion/error_anchor_lin_vel: 2.0660
2026-08-18 16:06:47:INFO:     Metrics/motion/error_anchor_ang_vel: 4.6912
2026-08-18 16:06:47:INFO:        Metrics/motion/sampling_top1_bin: 0.6667
2026-08-18 16:06:47:INFO:         Episode_Reward/root_orientation: 0.0246
2026-08-18 16:06:47:INFO:            Episode_Reward/dof_vel_limit: -0.0326
2026-08-18 16:06:47:INFO:           Episode_Reward/body_local_rot: 0.0187
2026-08-18 16:06:47:INFO:         Metrics/motion/sampling_entropy: 0.9121
2026-08-18 16:06:47:INFO:    Metrics/motion/sampling_uniform_mass: 0.2500
2026-08-18 16:06:47:INFO:         Episode_Reward/smoothness_joint: -0.0431
2026-08-18 16:06:47:INFO:       Episode_Reward/joint_vel_tracking: 0.0071
2026-08-18 16:06:47:INFO:     Episode_Termination/shoulder_height: 44.9500
2026-08-18 16:06:47:INFO:          Metrics/motion/error_joint_vel: 24.4505
2026-08-18 16:06:47:INFO:  Episode_Reward/torso_world_orientation: 0.1317
2026-08-18 16:06:47:INFO: Episode_Termination/torso_ground_contact_too_long: 0.0000
2026-08-18 16:06:47:INFO:                Episode_Reward/feet_slip: -0.0116
2026-08-18 16:06:47:INFO:     Episode_Reward/feet_height_tracking: 0.0762
2026-08-18 16:06:47:INFO:       Episode_Reward/joint_pos_tracking: 0.0254
2026-08-18 16:06:47:INFO:       Episode_Reward/torso_world_angvel: 0.1950
2026-08-18 16:06:47:INFO:       Episode_Reward/body_global_angvel: 0.0103
2026-08-18 16:06:47:INFO:           Metrics/motion/error_body_pos: 0.3911
2026-08-18 16:06:47:INFO:       Metrics/motion/sampling_top1_prob: 0.1520
2026-08-18 16:06:47:INFO: Episode_Reward/undesired_self_collision: -0.0014
2026-08-18 16:06:47:INFO:       Episode_Termination/invalid_state: 0.0000
2026-08-18 16:06:47:INFO:        Episode_Reward/feet_pos_tracking: 0.0789
2026-08-18 16:06:47:INFO:              Episode_Reward/termination: -0.1000
2026-08-18 16:06:47:INFO:         Metrics/motion/error_anchor_rot: 1.0710
2026-08-18 16:06:47:INFO:            Episode_Termination/time_out: 0.0000
2026-08-18 16:06:47:INFO:            Episode_Reward/dof_pos_limit: -0.0112
2026-08-18 16:06:47:INFO:       Episode_Reward/body_global_linvel: 0.0301
2026-08-18 16:06:47:INFO: Episode_Reward/undesired_ground_contact: 0.0000
2026-08-18 16:06:47:INFO:    Episode_Reward/torso_height_tracking: 0.1743
2026-08-18 16:06:47:INFO:          Metrics/motion/error_joint_pos: 1.2749
2026-08-18 16:06:47:INFO:           Episode_Reward/penalty_torque: -0.0042
2026-08-18 16:06:47:INFO:           Episode_Reward/body_local_pos: 0.0952
2026-08-18 16:06:47:INFO:     Episode_Reward/residual_action_rate: -0.0383
2026-08-18 16:06:47:INFO:       Episode_Termination/body_position: 1.8500
2026-08-18 16:06:47:INFO:         Metrics/motion/error_anchor_pos: 0.5427
2026-08-18 16:06:47:INFO:           Metrics/motion/error_body_rot: 1.0087
2026-08-18 16:06:47:INFO:       Metrics/motion/error_body_lin_vel: 2.3007
2026-08-18 16:06:47:INFO:       Metrics/motion/error_body_ang_vel: 8.2061
2026-08-18 16:06:47:INFO:         Episode_Termination/root_height: 50.4500
2026-08-18 16:06:47:INFO: --------------------------------------------------------------------------------
2026-08-18 16:06:47:INFO:                          Iteration time: 13.45s
2026-08-18 16:06:47:INFO:                            Time elapsed: 0:05:55
2026-08-18 16:06:47:INFO:                                     ETA: 23:22:52
2026-08-18 16:06:47:INFO: 
2026-08-18 16:07:02:INFO: ################################################################################
2026-08-18 16:07:02:INFO: [1m                          Learning iteration 42/10000                           [0m
2026-08-18 16:07:02:INFO: 
2026-08-18 16:07:02:INFO:                                Run name: teacher_8gpu_4096env_90_06_stageii
2026-08-18 16:07:02:INFO:                             Total steps: 28180480
2026-08-18 16:07:02:INFO:                        Steps per second: 50254
2026-08-18 16:07:02:INFO:                         Collection time: 9.894s
2026-08-18 16:07:02:INFO:                           Learning time: 3.147s
2026-08-18 16:07:02:INFO:                         Mean value loss: 0.4821
2026-08-18 16:07:02:INFO:                     Mean surrogate loss: -0.0044
2026-08-18 16:07:02:INFO:                       Mean entropy loss: 8.8770
2026-08-18 16:07:02:INFO:                             Mean reward: 11.34
2026-08-18 16:07:02:INFO:                     Mean episode length: 46.42
2026-08-18 16:07:02:INFO:                         Mean action std: 0.44
2026-08-18 16:07:02:INFO:     Metrics/motion/error_anchor_lin_vel: 2.0902
2026-08-18 16:07:02:INFO:     Metrics/motion/error_anchor_ang_vel: 4.7239
2026-08-18 16:07:02:INFO:        Metrics/motion/sampling_top1_bin: 0.6667
2026-08-18 16:07:02:INFO:         Episode_Reward/root_orientation: 0.0240
2026-08-18 16:07:02:INFO:            Episode_Reward/dof_vel_limit: -0.0312
2026-08-18 16:07:02:INFO:           Episode_Reward/body_local_rot: 0.0186
2026-08-18 16:07:02:INFO:         Metrics/motion/sampling_entropy: 0.9108
2026-08-18 16:07:02:INFO:    Metrics/motion/sampling_uniform_mass: 0.2500
2026-08-18 16:07:02:INFO:         Episode_Reward/smoothness_joint: -0.0422
2026-08-18 16:07:02:INFO:       Episode_Reward/joint_vel_tracking: 0.0071
2026-08-18 16:07:02:INFO:     Episode_Termination/shoulder_height: 43.7000
2026-08-18 16:07:02:INFO:          Metrics/motion/error_joint_vel: 24.2924
2026-08-18 16:07:02:INFO:  Episode_Reward/torso_world_orientation: 0.1297
2026-08-18 16:07:02:INFO: Episode_Termination/torso_ground_contact_too_long: 0.0000
2026-08-18 16:07:02:INFO:                Episode_Reward/feet_slip: -0.0116
2026-08-18 16:07:02:INFO:     Episode_Reward/feet_height_tracking: 0.0752
2026-08-18 16:07:02:INFO:       Episode_Reward/joint_pos_tracking: 0.0252
2026-08-18 16:07:02:INFO:       Episode_Reward/torso_world_angvel: 0.1925
2026-08-18 16:07:02:INFO:       Episode_Reward/body_global_angvel: 0.0102
2026-08-18 16:07:02:INFO:           Metrics/motion/error_body_pos: 0.3929
2026-08-18 16:07:02:INFO:       Metrics/motion/sampling_top1_prob: 0.1544
2026-08-18 16:07:02:INFO: Episode_Reward/undesired_self_collision: -0.0011
2026-08-18 16:07:02:INFO:       Episode_Termination/invalid_state: 0.0000
2026-08-18 16:07:02:INFO:        Episode_Reward/feet_pos_tracking: 0.0782
2026-08-18 16:07:02:INFO:              Episode_Reward/termination: -0.1000
2026-08-18 16:07:02:INFO:         Metrics/motion/error_anchor_rot: 1.1129
2026-08-18 16:07:02:INFO:            Episode_Termination/time_out: 0.0000
2026-08-18 16:07:02:INFO:            Episode_Reward/dof_pos_limit: -0.0111
2026-08-18 16:07:02:INFO:       Episode_Reward/body_global_linvel: 0.0295
2026-08-18 16:07:02:INFO: Episode_Reward/undesired_ground_contact: 0.0000
2026-08-18 16:07:02:INFO:    Episode_Reward/torso_height_tracking: 0.1727
2026-08-18 16:07:02:INFO:          Metrics/motion/error_joint_pos: 1.2916
2026-08-18 16:07:02:INFO:           Episode_Reward/penalty_torque: -0.0042
2026-08-18 16:07:02:INFO:           Episode_Reward/body_local_pos: 0.0945
2026-08-18 16:07:02:INFO:     Episode_Reward/residual_action_rate: -0.0376
2026-08-18 16:07:02:INFO:       Episode_Termination/body_position: 1.9500
2026-08-18 16:07:02:INFO:         Metrics/motion/error_anchor_pos: 0.5503
2026-08-18 16:07:02:INFO:           Metrics/motion/error_body_rot: 1.0203
2026-08-18 16:07:02:INFO:       Metrics/motion/error_body_lin_vel: 2.3355
2026-08-18 16:07:02:INFO:       Metrics/motion/error_body_ang_vel: 8.2933
2026-08-18 16:07:02:INFO:         Episode_Termination/root_height: 46.7500
2026-08-18 16:07:02:INFO: --------------------------------------------------------------------------------
2026-08-18 16:07:02:INFO:                          Iteration time: 13.04s
2026-08-18 16:07:02:INFO:                            Time elapsed: 0:06:08
2026-08-18 16:07:02:INFO:                                     ETA: 23:40:26
2026-08-18 16:07:02:INFO: 
2026-08-18 16:07:16:INFO: ################################################################################
2026-08-18 16:07:16:INFO: [1m                          Learning iteration 43/10000                           [0m
2026-08-18 16:07:16:INFO: 
2026-08-18 16:07:16:INFO:                                Run name: teacher_8gpu_4096env_90_06_stageii
2026-08-18 16:07:16:INFO:                             Total steps: 28835840
2026-08-18 16:07:16:INFO:                        Steps per second: 51243
2026-08-18 16:07:16:INFO:                         Collection time: 9.274s
2026-08-18 16:07:16:INFO:                           Learning time: 3.515s
2026-08-18 16:07:16:INFO:                         Mean value loss: 0.4810
2026-08-18 16:07:16:INFO:                     Mean surrogate loss: -0.0045
2026-08-18 16:07:16:INFO:                       Mean entropy loss: 8.6652
2026-08-18 16:07:16:INFO:                             Mean reward: 14.65
2026-08-18 16:07:16:INFO:                     Mean episode length: 57.87
2026-08-18 16:07:16:INFO:                         Mean action std: 0.44
2026-08-18 16:07:16:INFO:     Metrics/motion/error_anchor_lin_vel: 2.1050
2026-08-18 16:07:16:INFO:     Metrics/motion/error_anchor_ang_vel: 4.6807
2026-08-18 16:07:16:INFO:        Metrics/motion/sampling_top1_bin: 0.6667
2026-08-18 16:07:16:INFO:         Episode_Reward/root_orientation: 0.0251
2026-08-18 16:07:16:INFO:            Episode_Reward/dof_vel_limit: -0.0297
2026-08-18 16:07:16:INFO:           Episode_Reward/body_local_rot: 0.0191
2026-08-18 16:07:16:INFO:         Metrics/motion/sampling_entropy: 0.9095
2026-08-18 16:07:16:INFO:    Metrics/motion/sampling_uniform_mass: 0.2500
2026-08-18 16:07:16:INFO:         Episode_Reward/smoothness_joint: -0.0427
2026-08-18 16:07:16:INFO:       Episode_Reward/joint_vel_tracking: 0.0075
2026-08-18 16:07:16:INFO:     Episode_Termination/shoulder_height: 45.9500
2026-08-18 16:07:16:INFO:          Metrics/motion/error_joint_vel: 24.1553
2026-08-18 16:07:16:INFO:  Episode_Reward/torso_world_orientation: 0.1359
2026-08-18 16:07:16:INFO: Episode_Termination/torso_ground_contact_too_long: 0.0000
2026-08-18 16:07:16:INFO:                Episode_Reward/feet_slip: -0.0116
2026-08-18 16:07:16:INFO:     Episode_Reward/feet_height_tracking: 0.0778
2026-08-18 16:07:16:INFO:       Episode_Reward/joint_pos_tracking: 0.0260
2026-08-18 16:07:16:INFO:       Episode_Reward/torso_world_angvel: 0.1996
2026-08-18 16:07:16:INFO:       Episode_Reward/body_global_angvel: 0.0109
2026-08-18 16:07:16:INFO:           Metrics/motion/error_body_pos: 0.3917
2026-08-18 16:07:16:INFO:       Metrics/motion/sampling_top1_prob: 0.1563
2026-08-18 16:07:16:INFO: Episode_Reward/undesired_self_collision: -0.0011
2026-08-18 16:07:16:INFO:       Episode_Termination/invalid_state: 0.0000
2026-08-18 16:07:16:INFO:        Episode_Reward/feet_pos_tracking: 0.0811
2026-08-18 16:07:16:INFO:              Episode_Reward/termination: -0.1000
2026-08-18 16:07:16:INFO:         Metrics/motion/error_anchor_rot: 1.1114
2026-08-18 16:07:16:INFO:            Episode_Termination/time_out: 0.0000
2026-08-18 16:07:16:INFO:            Episode_Reward/dof_pos_limit: -0.0110
2026-08-18 16:07:16:INFO:       Episode_Reward/body_global_linvel: 0.0310
2026-08-18 16:07:16:INFO: Episode_Reward/undesired_ground_contact: 0.0000
2026-08-18 16:07:16:INFO:    Episode_Reward/torso_height_tracking: 0.1794
2026-08-18 16:07:16:INFO:          Metrics/motion/error_joint_pos: 1.2801
2026-08-18 16:07:16:INFO:           Episode_Reward/penalty_torque: -0.0042
2026-08-18 16:07:16:INFO:           Episode_Reward/body_local_pos: 0.0973
2026-08-18 16:07:16:INFO:     Episode_Reward/residual_action_rate: -0.0380
2026-08-18 16:07:16:INFO:       Episode_Termination/body_position: 1.6500
2026-08-18 16:07:16:INFO:         Metrics/motion/error_anchor_pos: 0.5575
2026-08-18 16:07:16:INFO:           Metrics/motion/error_body_rot: 1.0209
2026-08-18 16:07:16:INFO:       Metrics/motion/error_body_lin_vel: 2.3422
2026-08-18 16:07:16:INFO:       Metrics/motion/error_body_ang_vel: 8.2772
2026-08-18 16:07:16:INFO:         Episode_Termination/root_height: 48.0500
2026-08-18 16:07:16:INFO: --------------------------------------------------------------------------------
2026-08-18 16:07:16:INFO:                          Iteration time: 12.79s
2026-08-18 16:07:16:INFO:                            Time elapsed: 0:06:20
2026-08-18 16:07:16:INFO:                                     ETA: 23:56:15
2026-08-18 16:07:16:INFO: 
2026-08-18 16:07:30:INFO: ################################################################################
2026-08-18 16:07:30:INFO: [1m                          Learning iteration 44/10000                           [0m
2026-08-18 16:07:30:INFO: 
2026-08-18 16:07:30:INFO:                                Run name: teacher_8gpu_4096env_90_06_stageii
2026-08-18 16:07:30:INFO:                             Total steps: 29491200
2026-08-18 16:07:30:INFO:                        Steps per second: 49870
2026-08-18 16:07:30:INFO:                         Collection time: 9.805s
2026-08-18 16:07:30:INFO:                           Learning time: 3.336s
2026-08-18 16:07:30:INFO:                         Mean value loss: 0.4920
2026-08-18 16:07:30:INFO:                     Mean surrogate loss: -0.0044
2026-08-18 16:07:30:INFO:                       Mean entropy loss: 8.5208
2026-08-18 16:07:30:INFO:                             Mean reward: 14.44
2026-08-18 16:07:30:INFO:                     Mean episode length: 55.53
2026-08-18 16:07:30:INFO:                         Mean action std: 0.44
2026-08-18 16:07:30:INFO:     Metrics/motion/error_anchor_lin_vel: 2.1150
2026-08-18 16:07:30:INFO:     Metrics/motion/error_anchor_ang_vel: 4.8060
2026-08-18 16:07:30:INFO:        Metrics/motion/sampling_top1_bin: 0.6667
2026-08-18 16:07:30:INFO:         Episode_Reward/root_orientation: 0.0244
2026-08-18 16:07:30:INFO:            Episode_Reward/dof_vel_limit: -0.0282
2026-08-18 16:07:30:INFO:           Episode_Reward/body_local_rot: 0.0188
2026-08-18 16:07:30:INFO:         Metrics/motion/sampling_entropy: 0.9084
2026-08-18 16:07:30:INFO:    Metrics/motion/sampling_uniform_mass: 0.2500
2026-08-18 16:07:30:INFO:         Episode_Reward/smoothness_joint: -0.0417
2026-08-18 16:07:30:INFO:       Episode_Reward/joint_vel_tracking: 0.0074
2026-08-18 16:07:30:INFO:     Episode_Termination/shoulder_height: 43.9000
2026-08-18 16:07:30:INFO:          Metrics/motion/error_joint_vel: 23.7984
2026-08-18 16:07:30:INFO:  Episode_Reward/torso_world_orientation: 0.1329
2026-08-18 16:07:30:INFO: Episode_Termination/torso_ground_contact_too_long: 0.0000
2026-08-18 16:07:30:INFO:                Episode_Reward/feet_slip: -0.0111
2026-08-18 16:07:30:INFO:     Episode_Reward/feet_height_tracking: 0.0760
2026-08-18 16:07:30:INFO:       Episode_Reward/joint_pos_tracking: 0.0255
2026-08-18 16:07:30:INFO:       Episode_Reward/torso_world_angvel: 0.1956
2026-08-18 16:07:30:INFO:       Episode_Reward/body_global_angvel: 0.0108
2026-08-18 16:07:30:INFO:           Metrics/motion/error_body_pos: 0.3928
2026-08-18 16:07:30:INFO:       Metrics/motion/sampling_top1_prob: 0.1580
2026-08-18 16:07:30:INFO: Episode_Reward/undesired_self_collision: -0.0009
2026-08-18 16:07:30:INFO:       Episode_Termination/invalid_state: 0.0000
2026-08-18 16:07:30:INFO:        Episode_Reward/feet_pos_tracking: 0.0795
2026-08-18 16:07:30:INFO:              Episode_Reward/termination: -0.1000
2026-08-18 16:07:30:INFO:         Metrics/motion/error_anchor_rot: 1.1319
2026-08-18 16:07:30:INFO:            Episode_Termination/time_out: 0.0000
2026-08-18 16:07:30:INFO:            Episode_Reward/dof_pos_limit: -0.0107
2026-08-18 16:07:30:INFO:       Episode_Reward/body_global_linvel: 0.0301
2026-08-18 16:07:30:INFO: Episode_Reward/undesired_ground_contact: 0.0000
2026-08-18 16:07:30:INFO:    Episode_Reward/torso_height_tracking: 0.1760
2026-08-18 16:07:30:INFO:          Metrics/motion/error_joint_pos: 1.2858
2026-08-18 16:07:30:INFO:           Episode_Reward/penalty_torque: -0.0041
2026-08-18 16:07:30:INFO:           Episode_Reward/body_local_pos: 0.0954
2026-08-18 16:07:30:INFO:     Episode_Reward/residual_action_rate: -0.0368
2026-08-18 16:07:30:INFO:       Episode_Termination/body_position: 1.8500
2026-08-18 16:07:30:INFO:         Metrics/motion/error_anchor_pos: 0.5575
2026-08-18 16:07:30:INFO:           Metrics/motion/error_body_rot: 1.0312
2026-08-18 16:07:30:INFO:       Metrics/motion/error_body_lin_vel: 2.3661
2026-08-18 16:07:30:INFO:       Metrics/motion/error_body_ang_vel: 8.2916
2026-08-18 16:07:30:INFO:         Episode_Termination/root_height: 46.8500
2026-08-18 16:07:30:INFO: --------------------------------------------------------------------------------
2026-08-18 16:07:30:INFO:                          Iteration time: 13.14s
2026-08-18 16:07:30:INFO:                            Time elapsed: 0:06:33
2026-08-18 16:07:30:INFO:                                     ETA: 1 day, 0:12:38
2026-08-18 16:07:30:INFO: 
2026-08-18 16:07:45:INFO: ################################################################################
2026-08-18 16:07:45:INFO: [1m                          Learning iteration 45/10000                           [0m
2026-08-18 16:07:45:INFO: 
2026-08-18 16:07:45:INFO:                                Run name: teacher_8gpu_4096env_90_06_stageii
2026-08-18 16:07:45:INFO:                             Total steps: 30146560
2026-08-18 16:07:45:INFO:                        Steps per second: 48383
2026-08-18 16:07:45:INFO:                         Collection time: 10.674s
2026-08-18 16:07:45:INFO:                           Learning time: 2.871s
2026-08-18 16:07:45:INFO:                         Mean value loss: 0.5005
2026-08-18 16:07:45:INFO:                     Mean surrogate loss: -0.0043
2026-08-18 16:07:45:INFO:                       Mean entropy loss: 8.3711
2026-08-18 16:07:45:INFO:                             Mean reward: 11.99
2026-08-18 16:07:45:INFO:                     Mean episode length: 47.72
2026-08-18 16:07:45:INFO:                         Mean action std: 0.43
2026-08-18 16:07:45:INFO:     Metrics/motion/error_anchor_lin_vel: 2.0710
2026-08-18 16:07:45:INFO:     Metrics/motion/error_anchor_ang_vel: 4.6968
2026-08-18 16:07:45:INFO:        Metrics/motion/sampling_top1_bin: 0.6667
2026-08-18 16:07:45:INFO:         Episode_Reward/root_orientation: 0.0252
2026-08-18 16:07:45:INFO:            Episode_Reward/dof_vel_limit: -0.0271
2026-08-18 16:07:45:INFO:           Episode_Reward/body_local_rot: 0.0190
2026-08-18 16:07:45:INFO:         Metrics/motion/sampling_entropy: 0.9072
2026-08-18 16:07:45:INFO:    Metrics/motion/sampling_uniform_mass: 0.2500
2026-08-18 16:07:45:INFO:         Episode_Reward/smoothness_joint: -0.0408
2026-08-18 16:07:45:INFO:       Episode_Reward/joint_vel_tracking: 0.0076
2026-08-18 16:07:45:INFO:     Episode_Termination/shoulder_height: 42.3000
2026-08-18 16:07:45:INFO:          Metrics/motion/error_joint_vel: 23.6516
2026-08-18 16:07:45:INFO:  Episode_Reward/torso_world_orientation: 0.1361
2026-08-18 16:07:45:INFO: Episode_Termination/torso_ground_contact_too_long: 0.0000
2026-08-18 16:07:45:INFO:                Episode_Reward/feet_slip: -0.0110
2026-08-18 16:07:45:INFO:     Episode_Reward/feet_height_tracking: 0.0768
2026-08-18 16:07:45:INFO:       Episode_Reward/joint_pos_tracking: 0.0258
2026-08-18 16:07:45:INFO:       Episode_Reward/torso_world_angvel: 0.1992
2026-08-18 16:07:45:INFO:       Episode_Reward/body_global_angvel: 0.0111
2026-08-18 16:07:45:INFO:           Metrics/motion/error_body_pos: 0.3903
2026-08-18 16:07:45:INFO:       Metrics/motion/sampling_top1_prob: 0.1599
2026-08-18 16:07:45:INFO: Episode_Reward/undesired_self_collision: -0.0012
2026-08-18 16:07:45:INFO:       Episode_Termination/invalid_state: 0.0000
2026-08-18 16:07:45:INFO:        Episode_Reward/feet_pos_tracking: 0.0804
2026-08-18 16:07:45:INFO:              Episode_Reward/termination: -0.1000
2026-08-18 16:07:45:INFO:         Metrics/motion/error_anchor_rot: 1.0730
2026-08-18 16:07:45:INFO:            Episode_Termination/time_out: 0.0000
2026-08-18 16:07:45:INFO:            Episode_Reward/dof_pos_limit: -0.0109
2026-08-18 16:07:45:INFO:       Episode_Reward/body_global_linvel: 0.0306
2026-08-18 16:07:45:INFO: Episode_Reward/undesired_ground_contact: 0.0000
2026-08-18 16:07:45:INFO:    Episode_Reward/torso_height_tracking: 0.1782
2026-08-18 16:07:45:INFO:          Metrics/motion/error_joint_pos: 1.2883
2026-08-18 16:07:45:INFO:           Episode_Reward/penalty_torque: -0.0041
2026-08-18 16:07:45:INFO:           Episode_Reward/body_local_pos: 0.0965
2026-08-18 16:07:45:INFO:     Episode_Reward/residual_action_rate: -0.0369
2026-08-18 16:07:45:INFO:       Episode_Termination/body_position: 1.9500
2026-08-18 16:07:45:INFO:         Metrics/motion/error_anchor_pos: 0.5499
2026-08-18 16:07:45:INFO:           Metrics/motion/error_body_rot: 1.0115
2026-08-18 16:07:45:INFO:       Metrics/motion/error_body_lin_vel: 2.3330
2026-08-18 16:07:45:INFO:       Metrics/motion/error_body_ang_vel: 8.1241
2026-08-18 16:07:45:INFO:         Episode_Termination/root_height: 47.2500
2026-08-18 16:07:45:INFO: --------------------------------------------------------------------------------
2026-08-18 16:07:45:INFO:                          Iteration time: 13.55s
2026-08-18 16:07:45:INFO:                            Time elapsed: 0:06:47
2026-08-18 16:07:45:INFO:                                     ETA: 1 day, 0:29:46
2026-08-18 16:07:45:INFO: 
2026-08-18 16:08:00:INFO: ################################################################################
2026-08-18 16:08:00:INFO: [1m                          Learning iteration 46/10000                           [0m
2026-08-18 16:08:00:INFO: 
2026-08-18 16:08:00:INFO:                                Run name: teacher_8gpu_4096env_90_06_stageii
2026-08-18 16:08:00:INFO:                             Total steps: 30801920
2026-08-18 16:08:00:INFO:                        Steps per second: 50459
2026-08-18 16:08:00:INFO:                         Collection time: 9.813s
2026-08-18 16:08:00:INFO:                           Learning time: 3.175s
2026-08-18 16:08:00:INFO:                         Mean value loss: 0.5013
2026-08-18 16:08:00:INFO:                     Mean surrogate loss: -0.0041
2026-08-18 16:08:00:INFO:                       Mean entropy loss: 8.1822
2026-08-18 16:08:00:INFO:                             Mean reward: 12.95
2026-08-18 16:08:00:INFO:                     Mean episode length: 50.56
2026-08-18 16:08:00:INFO:                         Mean action std: 0.43
2026-08-18 16:08:00:INFO:     Metrics/motion/error_anchor_lin_vel: 2.1218
2026-08-18 16:08:00:INFO:     Metrics/motion/error_anchor_ang_vel: 4.8281
2026-08-18 16:08:00:INFO:        Metrics/motion/sampling_top1_bin: 0.6667
2026-08-18 16:08:00:INFO:         Episode_Reward/root_orientation: 0.0258
2026-08-18 16:08:00:INFO:            Episode_Reward/dof_vel_limit: -0.0281
2026-08-18 16:08:00:INFO:           Episode_Reward/body_local_rot: 0.0198
2026-08-18 16:08:00:INFO:         Metrics/motion/sampling_entropy: 0.9051
2026-08-18 16:08:00:INFO:    Metrics/motion/sampling_uniform_mass: 0.2500
2026-08-18 16:08:00:INFO:         Episode_Reward/smoothness_joint: -0.0428
2026-08-18 16:08:00:INFO:       Episode_Reward/joint_vel_tracking: 0.0079
2026-08-18 16:08:00:INFO:     Episode_Termination/shoulder_height: 43.6000
2026-08-18 16:08:00:INFO:          Metrics/motion/error_joint_vel: 23.5093
2026-08-18 16:08:00:INFO:  Episode_Reward/torso_world_orientation: 0.1402
2026-08-18 16:08:00:INFO: Episode_Termination/torso_ground_contact_too_long: 0.0000
2026-08-18 16:08:00:INFO:                Episode_Reward/feet_slip: -0.0116
2026-08-18 16:08:00:INFO:     Episode_Reward/feet_height_tracking: 0.0803
2026-08-18 16:08:00:INFO:       Episode_Reward/joint_pos_tracking: 0.0269
2026-08-18 16:08:00:INFO:       Episode_Reward/torso_world_angvel: 0.2066
2026-08-18 16:08:00:INFO:       Episode_Reward/body_global_angvel: 0.0117
2026-08-18 16:08:00:INFO:           Metrics/motion/error_body_pos: 0.3954
2026-08-18 16:08:00:INFO:       Metrics/motion/sampling_top1_prob: 0.1622
2026-08-18 16:08:00:INFO: Episode_Reward/undesired_self_collision: -0.0011
2026-08-18 16:08:00:INFO:       Episode_Termination/invalid_state: 0.0000
2026-08-18 16:08:00:INFO:        Episode_Reward/feet_pos_tracking: 0.0839
2026-08-18 16:08:00:INFO:              Episode_Reward/termination: -0.1000
2026-08-18 16:08:00:INFO:         Metrics/motion/error_anchor_rot: 1.1294
2026-08-18 16:08:00:INFO:            Episode_Termination/time_out: 0.0000
2026-08-18 16:08:00:INFO:            Episode_Reward/dof_pos_limit: -0.0114
2026-08-18 16:08:00:INFO:       Episode_Reward/body_global_linvel: 0.0318
2026-08-18 16:08:00:INFO: Episode_Reward/undesired_ground_contact: 0.0000
2026-08-18 16:08:00:INFO:    Episode_Reward/torso_height_tracking: 0.1870
2026-08-18 16:08:00:INFO:          Metrics/motion/error_joint_pos: 1.2903
2026-08-18 16:08:00:INFO:           Episode_Reward/penalty_torque: -0.0043
2026-08-18 16:08:00:INFO:           Episode_Reward/body_local_pos: 0.1006
2026-08-18 16:08:00:INFO:     Episode_Reward/residual_action_rate: -0.0381
2026-08-18 16:08:00:INFO:       Episode_Termination/body_position: 1.8000
2026-08-18 16:08:00:INFO:         Metrics/motion/error_anchor_pos: 0.5618
2026-08-18 16:08:00:INFO:           Metrics/motion/error_body_rot: 1.0323
2026-08-18 16:08:00:INFO:       Metrics/motion/error_body_lin_vel: 2.3777
2026-08-18 16:08:00:INFO:       Metrics/motion/error_body_ang_vel: 8.1975
2026-08-18 16:08:00:INFO:         Episode_Termination/root_height: 45.6000
2026-08-18 16:08:00:INFO: --------------------------------------------------------------------------------
2026-08-18 16:08:00:INFO:                          Iteration time: 12.99s
2026-08-18 16:08:00:INFO:                            Time elapsed: 0:07:00
2026-08-18 16:08:00:INFO:                                     ETA: 1 day, 0:44:12
2026-08-18 16:08:00:INFO: 
2026-08-18 16:08:14:INFO: ################################################################################
2026-08-18 16:08:14:INFO: [1m                          Learning iteration 47/10000                           [0m
2026-08-18 16:08:14:INFO: 
2026-08-18 16:08:14:INFO:                                Run name: teacher_8gpu_4096env_90_06_stageii
2026-08-18 16:08:14:INFO:                             Total steps: 31457280
2026-08-18 16:08:14:INFO:                        Steps per second: 51103
2026-08-18 16:08:14:INFO:                         Collection time: 9.310s
2026-08-18 16:08:14:INFO:                           Learning time: 3.514s
2026-08-18 16:08:14:INFO:                         Mean value loss: 0.4830
2026-08-18 16:08:14:INFO:                     Mean surrogate loss: -0.0046
2026-08-18 16:08:14:INFO:                       Mean entropy loss: 8.0226
2026-08-18 16:08:14:INFO:                             Mean reward: 13.29
2026-08-18 16:08:14:INFO:                     Mean episode length: 52.79
2026-08-18 16:08:14:INFO:                         Mean action std: 0.42
2026-08-18 16:08:14:INFO:     Metrics/motion/error_anchor_lin_vel: 2.0919
2026-08-18 16:08:14:INFO:     Metrics/motion/error_anchor_ang_vel: 4.7415
2026-08-18 16:08:14:INFO:        Metrics/motion/sampling_top1_bin: 0.6667
2026-08-18 16:08:14:INFO:         Episode_Reward/root_orientation: 0.0260
2026-08-18 16:08:14:INFO:            Episode_Reward/dof_vel_limit: -0.0277
2026-08-18 16:08:14:INFO:           Episode_Reward/body_local_rot: 0.0199
2026-08-18 16:08:14:INFO:         Metrics/motion/sampling_entropy: 0.9031
2026-08-18 16:08:14:INFO:    Metrics/motion/sampling_uniform_mass: 0.2500
2026-08-18 16:08:14:INFO:         Episode_Reward/smoothness_joint: -0.0426
2026-08-18 16:08:14:INFO:       Episode_Reward/joint_vel_tracking: 0.0081
2026-08-18 16:08:14:INFO:     Episode_Termination/shoulder_height: 40.6000
2026-08-18 16:08:14:INFO:          Metrics/motion/error_joint_vel: 23.4342
2026-08-18 16:08:14:INFO:  Episode_Reward/torso_world_orientation: 0.1417
2026-08-18 16:08:14:INFO: Episode_Termination/torso_ground_contact_too_long: 0.0000
2026-08-18 16:08:14:INFO:                Episode_Reward/feet_slip: -0.0117
2026-08-18 16:08:14:INFO:     Episode_Reward/feet_height_tracking: 0.0806
2026-08-18 16:08:14:INFO:       Episode_Reward/joint_pos_tracking: 0.0270
2026-08-18 16:08:14:INFO:       Episode_Reward/torso_world_angvel: 0.2079
2026-08-18 16:08:14:INFO:       Episode_Reward/body_global_angvel: 0.0118
2026-08-18 16:08:14:INFO:           Metrics/motion/error_body_pos: 0.3962
2026-08-18 16:08:14:INFO:       Metrics/motion/sampling_top1_prob: 0.1632
2026-08-18 16:08:14:INFO: Episode_Reward/undesired_self_collision: -0.0010
2026-08-18 16:08:14:INFO:       Episode_Termination/invalid_state: 0.0000
2026-08-18 16:08:14:INFO:        Episode_Reward/feet_pos_tracking: 0.0847
2026-08-18 16:08:14:INFO:              Episode_Reward/termination: -0.1000
2026-08-18 16:08:14:INFO:         Metrics/motion/error_anchor_rot: 1.1437
2026-08-18 16:08:14:INFO:            Episode_Termination/time_out: 0.0000
2026-08-18 16:08:14:INFO:            Episode_Reward/dof_pos_limit: -0.0112
2026-08-18 16:08:14:INFO:       Episode_Reward/body_global_linvel: 0.0321
2026-08-18 16:08:14:INFO: Episode_Reward/undesired_ground_contact: 0.0000
2026-08-18 16:08:14:INFO:    Episode_Reward/torso_height_tracking: 0.1893
2026-08-18 16:08:14:INFO:          Metrics/motion/error_joint_pos: 1.2993
2026-08-18 16:08:14:INFO:           Episode_Reward/penalty_torque: -0.0043
2026-08-18 16:08:14:INFO:           Episode_Reward/body_local_pos: 0.1014
2026-08-18 16:08:14:INFO:     Episode_Reward/residual_action_rate: -0.0378
2026-08-18 16:08:14:INFO:       Episode_Termination/body_position: 1.7500
2026-08-18 16:08:14:INFO:         Metrics/motion/error_anchor_pos: 0.5648
2026-08-18 16:08:14:INFO:           Metrics/motion/error_body_rot: 1.0396
2026-08-18 16:08:14:INFO:       Metrics/motion/error_body_lin_vel: 2.3661
2026-08-18 16:08:14:INFO:       Metrics/motion/error_body_ang_vel: 8.1542
2026-08-18 16:08:14:INFO:         Episode_Termination/root_height: 43.9500
2026-08-18 16:08:14:INFO: --------------------------------------------------------------------------------
2026-08-18 16:08:14:INFO:                          Iteration time: 12.82s
2026-08-18 16:08:14:INFO:                            Time elapsed: 0:07:13
2026-08-18 16:08:14:INFO:                                     ETA: 1 day, 0:57:26
2026-08-18 16:08:14:INFO: 
2026-08-18 16:08:28:INFO: ################################################################################
2026-08-18 16:08:28:INFO: [1m                          Learning iteration 48/10000                           [0m
2026-08-18 16:08:28:INFO: 
2026-08-18 16:08:28:INFO:                                Run name: teacher_8gpu_4096env_90_06_stageii
2026-08-18 16:08:28:INFO:                             Total steps: 32112640
2026-08-18 16:08:28:INFO:                        Steps per second: 49848
2026-08-18 16:08:28:INFO:                         Collection time: 9.828s
2026-08-18 16:08:28:INFO:                           Learning time: 3.319s
2026-08-18 16:08:28:INFO:                         Mean value loss: 0.5295
2026-08-18 16:08:28:INFO:                     Mean surrogate loss: -0.0032
2026-08-18 16:08:28:INFO:                       Mean entropy loss: 7.8196
2026-08-18 16:08:28:INFO:                             Mean reward: 14.22
2026-08-18 16:08:28:INFO:                     Mean episode length: 55.09
2026-08-18 16:08:28:INFO:                         Mean action std: 0.42
2026-08-18 16:08:28:INFO:     Metrics/motion/error_anchor_lin_vel: 2.1114
2026-08-18 16:08:28:INFO:     Metrics/motion/error_anchor_ang_vel: 4.7402
2026-08-18 16:08:28:INFO:        Metrics/motion/sampling_top1_bin: 0.6667
2026-08-18 16:08:28:INFO:         Episode_Reward/root_orientation: 0.0262
2026-08-18 16:08:28:INFO:            Episode_Reward/dof_vel_limit: -0.0266
2026-08-18 16:08:28:INFO:           Episode_Reward/body_local_rot: 0.0199
2026-08-18 16:08:28:INFO:         Metrics/motion/sampling_entropy: 0.9013
2026-08-18 16:08:28:INFO:    Metrics/motion/sampling_uniform_mass: 0.2500
2026-08-18 16:08:28:INFO:         Episode_Reward/smoothness_joint: -0.0417
2026-08-18 16:08:28:INFO:       Episode_Reward/joint_vel_tracking: 0.0081
2026-08-18 16:08:28:INFO:     Episode_Termination/shoulder_height: 41.2000
2026-08-18 16:08:28:INFO:          Metrics/motion/error_joint_vel: 23.2971
2026-08-18 16:08:28:INFO:  Episode_Reward/torso_world_orientation: 0.1428
2026-08-18 16:08:28:INFO: Episode_Termination/torso_ground_contact_too_long: 0.0000
2026-08-18 16:08:28:INFO:                Episode_Reward/feet_slip: -0.0112
2026-08-18 16:08:28:INFO:     Episode_Reward/feet_height_tracking: 0.0803
2026-08-18 16:08:28:INFO:       Episode_Reward/joint_pos_tracking: 0.0270
2026-08-18 16:08:28:INFO:       Episode_Reward/torso_world_angvel: 0.2087
2026-08-18 16:08:28:INFO:       Episode_Reward/body_global_angvel: 0.0121
2026-08-18 16:08:28:INFO:           Metrics/motion/error_body_pos: 0.3940
2026-08-18 16:08:28:INFO:       Metrics/motion/sampling_top1_prob: 0.1649
2026-08-18 16:08:28:INFO: Episode_Reward/undesired_self_collision: -0.0008
2026-08-18 16:08:28:INFO:       Episode_Termination/invalid_state: 0.0000
2026-08-18 16:08:28:INFO:        Episode_Reward/feet_pos_tracking: 0.0847
2026-08-18 16:08:28:INFO:              Episode_Reward/termination: -0.1000
2026-08-18 16:08:28:INFO:         Metrics/motion/error_anchor_rot: 1.1300
2026-08-18 16:08:28:INFO:            Episode_Termination/time_out: 0.0000
2026-08-18 16:08:28:INFO:            Episode_Reward/dof_pos_limit: -0.0111
2026-08-18 16:08:28:INFO:       Episode_Reward/body_global_linvel: 0.0322
2026-08-18 16:08:28:INFO: Episode_Reward/undesired_ground_contact: 0.0000
2026-08-18 16:08:28:INFO:    Episode_Reward/torso_height_tracking: 0.1887
2026-08-18 16:08:28:INFO:          Metrics/motion/error_joint_pos: 1.2907
2026-08-18 16:08:28:INFO:           Episode_Reward/penalty_torque: -0.0042
2026-08-18 16:08:28:INFO:           Episode_Reward/body_local_pos: 0.1010
2026-08-18 16:08:28:INFO:     Episode_Reward/residual_action_rate: -0.0374
2026-08-18 16:08:28:INFO:       Episode_Termination/body_position: 1.4500
2026-08-18 16:08:28:INFO:         Metrics/motion/error_anchor_pos: 0.5705
2026-08-18 16:08:28:INFO:           Metrics/motion/error_body_rot: 1.0426
2026-08-18 16:08:28:INFO:       Metrics/motion/error_body_lin_vel: 2.3603
2026-08-18 16:08:28:INFO:       Metrics/motion/error_body_ang_vel: 8.1714
2026-08-18 16:08:28:INFO:         Episode_Termination/root_height: 42.1500
2026-08-18 16:08:28:INFO: --------------------------------------------------------------------------------
2026-08-18 16:08:28:INFO:                          Iteration time: 13.15s
2026-08-18 16:08:28:INFO:                            Time elapsed: 0:07:26
2026-08-18 16:08:28:INFO:                                     ETA: 1 day, 1:11:14
2026-08-18 16:08:28:INFO: 
2026-08-18 16:08:43:INFO: ################################################################################
2026-08-18 16:08:43:INFO: [1m                          Learning iteration 49/10000                           [0m
2026-08-18 16:08:43:INFO: 
2026-08-18 16:08:43:INFO:                                Run name: teacher_8gpu_4096env_90_06_stageii
2026-08-18 16:08:43:INFO:                             Total steps: 32768000
2026-08-18 16:08:43:INFO:                        Steps per second: 48320
2026-08-18 16:08:43:INFO:                         Collection time: 10.685s
2026-08-18 16:08:43:INFO:                           Learning time: 2.877s
2026-08-18 16:08:43:INFO:                         Mean value loss: 0.4809
2026-08-18 16:08:43:INFO:                     Mean surrogate loss: -0.0040
2026-08-18 16:08:43:INFO:                       Mean entropy loss: 7.6880
2026-08-18 16:08:43:INFO:                             Mean reward: 15.66
2026-08-18 16:08:43:INFO:                     Mean episode length: 57.87
2026-08-18 16:08:43:INFO:                         Mean action std: 0.42
2026-08-18 16:08:43:INFO:     Metrics/motion/error_anchor_lin_vel: 2.1353
2026-08-18 16:08:43:INFO:     Metrics/motion/error_anchor_ang_vel: 4.8738
2026-08-18 16:08:43:INFO:        Metrics/motion/sampling_top1_bin: 0.6667
2026-08-18 16:08:43:INFO:         Episode_Reward/root_orientation: 0.0274
2026-08-18 16:08:43:INFO:            Episode_Reward/dof_vel_limit: -0.0255
2026-08-18 16:08:43:INFO:           Episode_Reward/body_local_rot: 0.0209
2026-08-18 16:08:43:INFO:         Metrics/motion/sampling_entropy: 0.9002
2026-08-18 16:08:43:INFO:    Metrics/motion/sampling_uniform_mass: 0.2500
2026-08-18 16:08:43:INFO:         Episode_Reward/smoothness_joint: -0.0427
2026-08-18 16:08:43:INFO:       Episode_Reward/joint_vel_tracking: 0.0087
2026-08-18 16:08:43:INFO:     Episode_Termination/shoulder_height: 44.0000
2026-08-18 16:08:43:INFO:          Metrics/motion/error_joint_vel: 23.1629
2026-08-18 16:08:43:INFO:  Episode_Reward/torso_world_orientation: 0.1507
2026-08-18 16:08:43:INFO: Episode_Termination/torso_ground_contact_too_long: 0.0000
2026-08-18 16:08:43:INFO:                Episode_Reward/feet_slip: -0.0117
2026-08-18 16:08:43:INFO:     Episode_Reward/feet_height_tracking: 0.0851
2026-08-18 16:08:43:INFO:       Episode_Reward/joint_pos_tracking: 0.0284
2026-08-18 16:08:43:INFO:       Episode_Reward/torso_world_angvel: 0.2197
2026-08-18 16:08:43:INFO:       Episode_Reward/body_global_angvel: 0.0132
2026-08-18 16:08:43:INFO:           Metrics/motion/error_body_pos: 0.3975
2026-08-18 16:08:43:INFO:       Metrics/motion/sampling_top1_prob: 0.1658
2026-08-18 16:08:43:INFO: Episode_Reward/undesired_self_collision: -0.0009
2026-08-18 16:08:43:INFO:       Episode_Termination/invalid_state: 0.0000
2026-08-18 16:08:43:INFO:        Episode_Reward/feet_pos_tracking: 0.0891
2026-08-18 16:08:43:INFO:              Episode_Reward/termination: -0.1000
2026-08-18 16:08:43:INFO:         Metrics/motion/error_anchor_rot: 1.1676
2026-08-18 16:08:43:INFO:            Episode_Termination/time_out: 0.0000
2026-08-18 16:08:43:INFO:            Episode_Reward/dof_pos_limit: -0.0115
2026-08-18 16:08:43:INFO:       Episode_Reward/body_global_linvel: 0.0342
2026-08-18 16:08:43:INFO: Episode_Reward/undesired_ground_contact: 0.0000
2026-08-18 16:08:43:INFO:    Episode_Reward/torso_height_tracking: 0.2007
2026-08-18 16:08:43:INFO:          Metrics/motion/error_joint_pos: 1.3032
2026-08-18 16:08:43:INFO:           Episode_Reward/penalty_torque: -0.0044
2026-08-18 16:08:43:INFO:           Episode_Reward/body_local_pos: 0.1062
2026-08-18 16:08:43:INFO:     Episode_Reward/residual_action_rate: -0.0388
2026-08-18 16:08:43:INFO:       Episode_Termination/body_position: 1.5500
2026-08-18 16:08:43:INFO:         Metrics/motion/error_anchor_pos: 0.5936
2026-08-18 16:08:43:INFO:           Metrics/motion/error_body_rot: 1.0516
2026-08-18 16:08:43:INFO:       Metrics/motion/error_body_lin_vel: 2.3967
2026-08-18 16:08:43:INFO:       Metrics/motion/error_body_ang_vel: 8.1633
2026-08-18 16:08:43:INFO:         Episode_Termination/root_height: 44.5000
2026-08-18 16:08:43:INFO: --------------------------------------------------------------------------------
2026-08-18 16:08:43:INFO:                          Iteration time: 13.56s
2026-08-18 16:08:43:INFO:                            Time elapsed: 0:07:40
2026-08-18 16:08:43:INFO:                                     ETA: 1 day, 1:25:50
2026-08-18 16:08:43:INFO: 
2026-08-18 16:08:58:INFO: ################################################################################
2026-08-18 16:08:58:INFO: [1m                          Learning iteration 50/10000                           [0m
2026-08-18 16:08:58:INFO: 
2026-08-18 16:08:58:INFO:                                Run name: teacher_8gpu_4096env_90_06_stageii
2026-08-18 16:08:58:INFO:                             Total steps: 33423360
2026-08-18 16:08:58:INFO:                        Steps per second: 50371
2026-08-18 16:08:58:INFO:                         Collection time: 9.777s
2026-08-18 16:08:58:INFO:                           Learning time: 3.234s
2026-08-18 16:08:58:INFO:                         Mean value loss: 0.5165
2026-08-18 16:08:58:INFO:                     Mean surrogate loss: -0.0034
2026-08-18 16:08:58:INFO:                       Mean entropy loss: 7.5290
2026-08-18 16:08:58:INFO:                             Mean reward: 15.76
2026-08-18 16:08:58:INFO:                     Mean episode length: 57.97
2026-08-18 16:08:58:INFO:                         Mean action std: 0.42
2026-08-18 16:08:58:INFO:     Metrics/motion/error_anchor_lin_vel: 2.1377
2026-08-18 16:08:58:INFO:     Metrics/motion/error_anchor_ang_vel: 4.8510
2026-08-18 16:08:58:INFO:        Metrics/motion/sampling_top1_bin: 0.6667
2026-08-18 16:08:58:INFO:         Episode_Reward/root_orientation: 0.0274
2026-08-18 16:08:58:INFO:            Episode_Reward/dof_vel_limit: -0.0248
2026-08-18 16:08:58:INFO:           Episode_Reward/body_local_rot: 0.0209
2026-08-18 16:08:58:INFO:         Metrics/motion/sampling_entropy: 0.8992
2026-08-18 16:08:58:INFO:    Metrics/motion/sampling_uniform_mass: 0.2500
2026-08-18 16:08:58:INFO:         Episode_Reward/smoothness_joint: -0.0428
2026-08-18 16:08:58:INFO:       Episode_Reward/joint_vel_tracking: 0.0088
2026-08-18 16:08:58:INFO:     Episode_Termination/shoulder_height: 41.9500
2026-08-18 16:08:58:INFO:          Metrics/motion/error_joint_vel: 22.7182
2026-08-18 16:08:58:INFO:  Episode_Reward/torso_world_orientation: 0.1509
2026-08-18 16:08:58:INFO: Episode_Termination/torso_ground_contact_too_long: 0.0000
2026-08-18 16:08:58:INFO:                Episode_Reward/feet_slip: -0.0117
2026-08-18 16:08:58:INFO:     Episode_Reward/feet_height_tracking: 0.0850
2026-08-18 16:08:58:INFO:       Episode_Reward/joint_pos_tracking: 0.0284
2026-08-18 16:08:58:INFO:       Episode_Reward/torso_world_angvel: 0.2201
2026-08-18 16:08:58:INFO:       Episode_Reward/body_global_angvel: 0.0132
2026-08-18 16:08:58:INFO:           Metrics/motion/error_body_pos: 0.3974
2026-08-18 16:08:58:INFO:       Metrics/motion/sampling_top1_prob: 0.1668
2026-08-18 16:08:58:INFO: Episode_Reward/undesired_self_collision: -0.0010
2026-08-18 16:08:58:INFO:       Episode_Termination/invalid_state: 0.0000
2026-08-18 16:08:58:INFO:        Episode_Reward/feet_pos_tracking: 0.0892
2026-08-18 16:08:58:INFO:              Episode_Reward/termination: -0.1000
2026-08-18 16:08:58:INFO:         Metrics/motion/error_anchor_rot: 1.1587
2026-08-18 16:08:58:INFO:            Episode_Termination/time_out: 0.0000
2026-08-18 16:08:58:INFO:            Episode_Reward/dof_pos_limit: -0.0113
2026-08-18 16:08:58:INFO:       Episode_Reward/body_global_linvel: 0.0342
2026-08-18 16:08:58:INFO: Episode_Reward/undesired_ground_contact: 0.0000
2026-08-18 16:08:58:INFO:    Episode_Reward/torso_height_tracking: 0.2009
2026-08-18 16:08:58:INFO:          Metrics/motion/error_joint_pos: 1.2972
2026-08-18 16:08:58:INFO:           Episode_Reward/penalty_torque: -0.0044
2026-08-18 16:08:58:INFO:           Episode_Reward/body_local_pos: 0.1062
2026-08-18 16:08:58:INFO:     Episode_Reward/residual_action_rate: -0.0383
2026-08-18 16:08:58:INFO:       Episode_Termination/body_position: 1.3500
2026-08-18 16:08:58:INFO:         Metrics/motion/error_anchor_pos: 0.5861
2026-08-18 16:08:58:INFO:           Metrics/motion/error_body_rot: 1.0558
2026-08-18 16:08:58:INFO:       Metrics/motion/error_body_lin_vel: 2.3948
2026-08-18 16:08:58:INFO:       Metrics/motion/error_body_ang_vel: 8.0838
2026-08-18 16:08:58:INFO:         Episode_Termination/root_height: 42.9500
2026-08-18 16:08:58:INFO: --------------------------------------------------------------------------------
2026-08-18 16:08:58:INFO:                          Iteration time: 13.01s
2026-08-18 16:08:58:INFO:                            Time elapsed: 0:07:53
2026-08-18 16:08:58:INFO:                                     ETA: 1 day, 1:38:04
2026-08-18 16:08:58:INFO: 
2026-08-18 16:09:12:INFO: ################################################################################
2026-08-18 16:09:12:INFO: [1m                          Learning iteration 51/10000                           [0m
2026-08-18 16:09:12:INFO: 
2026-08-18 16:09:12:INFO:                                Run name: teacher_8gpu_4096env_90_06_stageii
2026-08-18 16:09:12:INFO:                             Total steps: 34078720
2026-08-18 16:09:12:INFO:                        Steps per second: 51053
2026-08-18 16:09:12:INFO:                         Collection time: 9.354s
2026-08-18 16:09:12:INFO:                           Learning time: 3.483s
2026-08-18 16:09:12:INFO:                         Mean value loss: 0.5395
2026-08-18 16:09:12:INFO:                     Mean surrogate loss: -0.0039
2026-08-18 16:09:12:INFO:                       Mean entropy loss: 7.3796
2026-08-18 16:09:12:INFO:                             Mean reward: 16.50
2026-08-18 16:09:12:INFO:                     Mean episode length: 61.10
2026-08-18 16:09:12:INFO:                         Mean action std: 0.41
2026-08-18 16:09:12:INFO:     Metrics/motion/error_anchor_lin_vel: 2.1199
2026-08-18 16:09:12:INFO:     Metrics/motion/error_anchor_ang_vel: 4.7639
2026-08-18 16:09:12:INFO:        Metrics/motion/sampling_top1_bin: 0.6667
2026-08-18 16:09:12:INFO:         Episode_Reward/root_orientation: 0.0272
2026-08-18 16:09:12:INFO:            Episode_Reward/dof_vel_limit: -0.0233
2026-08-18 16:09:12:INFO:           Episode_Reward/body_local_rot: 0.0206
2026-08-18 16:09:12:INFO:         Metrics/motion/sampling_entropy: 0.8978
2026-08-18 16:09:12:INFO:    Metrics/motion/sampling_uniform_mass: 0.2500
2026-08-18 16:09:12:INFO:         Episode_Reward/smoothness_joint: -0.0425
2026-08-18 16:09:12:INFO:       Episode_Reward/joint_vel_tracking: 0.0087
2026-08-18 16:09:12:INFO:     Episode_Termination/shoulder_height: 40.8500
2026-08-18 16:09:12:INFO:          Metrics/motion/error_joint_vel: 22.8866
2026-08-18 16:09:12:INFO:  Episode_Reward/torso_world_orientation: 0.1506
2026-08-18 16:09:12:INFO: Episode_Termination/torso_ground_contact_too_long: 0.0000
2026-08-18 16:09:12:INFO:                Episode_Reward/feet_slip: -0.0113
2026-08-18 16:09:12:INFO:     Episode_Reward/feet_height_tracking: 0.0836
2026-08-18 16:09:12:INFO:       Episode_Reward/joint_pos_tracking: 0.0281
2026-08-18 16:09:12:INFO:       Episode_Reward/torso_world_angvel: 0.2182
2026-08-18 16:09:12:INFO:       Episode_Reward/body_global_angvel: 0.0132
2026-08-18 16:09:12:INFO:           Metrics/motion/error_body_pos: 0.3976
2026-08-18 16:09:12:INFO:       Metrics/motion/sampling_top1_prob: 0.1664
2026-08-18 16:09:12:INFO: Episode_Reward/undesired_self_collision: -0.0008
2026-08-18 16:09:12:INFO:       Episode_Termination/invalid_state: 0.0000
2026-08-18 16:09:12:INFO:        Episode_Reward/feet_pos_tracking: 0.0884
2026-08-18 16:09:12:INFO:              Episode_Reward/termination: -0.1000
2026-08-18 16:09:12:INFO:         Metrics/motion/error_anchor_rot: 1.1382
2026-08-18 16:09:12:INFO:            Episode_Termination/time_out: 0.0000
2026-08-18 16:09:12:INFO:            Episode_Reward/dof_pos_limit: -0.0115
2026-08-18 16:09:12:INFO:       Episode_Reward/body_global_linvel: 0.0337
2026-08-18 16:09:12:INFO: Episode_Reward/undesired_ground_contact: 0.0000
2026-08-18 16:09:12:INFO:    Episode_Reward/torso_height_tracking: 0.1991
2026-08-18 16:09:12:INFO:          Metrics/motion/error_joint_pos: 1.3165
2026-08-18 16:09:12:INFO:           Episode_Reward/penalty_torque: -0.0043
2026-08-18 16:09:12:INFO:           Episode_Reward/body_local_pos: 0.1051
2026-08-18 16:09:12:INFO:     Episode_Reward/residual_action_rate: -0.0375
2026-08-18 16:09:12:INFO:       Episode_Termination/body_position: 1.4000
2026-08-18 16:09:12:INFO:         Metrics/motion/error_anchor_pos: 0.5809
2026-08-18 16:09:12:INFO:           Metrics/motion/error_body_rot: 1.0609
2026-08-18 16:09:12:INFO:       Metrics/motion/error_body_lin_vel: 2.3958
2026-08-18 16:09:12:INFO:       Metrics/motion/error_body_ang_vel: 8.0712
2026-08-18 16:09:12:INFO:         Episode_Termination/root_height: 43.5000
2026-08-18 16:09:12:INFO: --------------------------------------------------------------------------------
2026-08-18 16:09:12:INFO:                          Iteration time: 12.84s
2026-08-18 16:09:12:INFO:                            Time elapsed: 0:08:05
2026-08-18 16:09:12:INFO:                                     ETA: 1 day, 1:49:16
2026-08-18 16:09:12:INFO: 
2026-08-18 16:09:26:INFO: ################################################################################
2026-08-18 16:09:26:INFO: [1m                          Learning iteration 52/10000                           [0m
2026-08-18 16:09:26:INFO: 
2026-08-18 16:09:26:INFO:                                Run name: teacher_8gpu_4096env_90_06_stageii
2026-08-18 16:09:26:INFO:                             Total steps: 34734080
2026-08-18 16:09:26:INFO:                        Steps per second: 49838
2026-08-18 16:09:26:INFO:                         Collection time: 9.882s
2026-08-18 16:09:26:INFO:                           Learning time: 3.268s
2026-08-18 16:09:26:INFO:                         Mean value loss: 0.5402
2026-08-18 16:09:26:INFO:                     Mean surrogate loss: -0.0036
2026-08-18 16:09:26:INFO:                       Mean entropy loss: 7.2338
2026-08-18 16:09:26:INFO:                             Mean reward: 15.01
2026-08-18 16:09:26:INFO:                     Mean episode length: 56.08
2026-08-18 16:09:26:INFO:                         Mean action std: 0.41
2026-08-18 16:09:26:INFO:     Metrics/motion/error_anchor_lin_vel: 2.1180
2026-08-18 16:09:26:INFO:     Metrics/motion/error_anchor_ang_vel: 4.5557
2026-08-18 16:09:26:INFO:        Metrics/motion/sampling_top1_bin: 0.6667
2026-08-18 16:09:26:INFO:         Episode_Reward/root_orientation: 0.0273
2026-08-18 16:09:26:INFO:            Episode_Reward/dof_vel_limit: -0.0231
2026-08-18 16:09:26:INFO:           Episode_Reward/body_local_rot: 0.0205
2026-08-18 16:09:26:INFO:         Metrics/motion/sampling_entropy: 0.8960
2026-08-18 16:09:26:INFO:    Metrics/motion/sampling_uniform_mass: 0.2500
2026-08-18 16:09:26:INFO:         Episode_Reward/smoothness_joint: -0.0406
2026-08-18 16:09:26:INFO:       Episode_Reward/joint_vel_tracking: 0.0087
2026-08-18 16:09:26:INFO:     Episode_Termination/shoulder_height: 41.9000
2026-08-18 16:09:26:INFO:          Metrics/motion/error_joint_vel: 22.7541
2026-08-18 16:09:26:INFO:  Episode_Reward/torso_world_orientation: 0.1499
2026-08-18 16:09:26:INFO: Episode_Termination/torso_ground_contact_too_long: 0.0000
2026-08-18 16:09:26:INFO:                Episode_Reward/feet_slip: -0.0111
2026-08-18 16:09:26:INFO:     Episode_Reward/feet_height_tracking: 0.0829
2026-08-18 16:09:26:INFO:       Episode_Reward/joint_pos_tracking: 0.0278
2026-08-18 16:09:26:INFO:       Episode_Reward/torso_world_angvel: 0.2173
2026-08-18 16:09:26:INFO:       Episode_Reward/body_global_angvel: 0.0132
2026-08-18 16:09:26:INFO:           Metrics/motion/error_body_pos: 0.3936
2026-08-18 16:09:26:INFO:       Metrics/motion/sampling_top1_prob: 0.1691
2026-08-18 16:09:26:INFO: Episode_Reward/undesired_self_collision: -0.0006
2026-08-18 16:09:26:INFO:       Episode_Termination/invalid_state: 0.0000
2026-08-18 16:09:26:INFO:        Episode_Reward/feet_pos_tracking: 0.0875
2026-08-18 16:09:26:INFO:              Episode_Reward/termination: -0.1000
2026-08-18 16:09:26:INFO:         Metrics/motion/error_anchor_rot: 1.0914
2026-08-18 16:09:26:INFO:            Episode_Termination/time_out: 0.0000
2026-08-18 16:09:26:INFO:            Episode_Reward/dof_pos_limit: -0.0113
2026-08-18 16:09:26:INFO:       Episode_Reward/body_global_linvel: 0.0334
2026-08-18 16:09:26:INFO: Episode_Reward/undesired_ground_contact: 0.0000
2026-08-18 16:09:26:INFO:    Episode_Reward/torso_height_tracking: 0.1964
2026-08-18 16:09:26:INFO:          Metrics/motion/error_joint_pos: 1.3007
2026-08-18 16:09:26:INFO:           Episode_Reward/penalty_torque: -0.0043
2026-08-18 16:09:26:INFO:           Episode_Reward/body_local_pos: 0.1040
2026-08-18 16:09:26:INFO:     Episode_Reward/residual_action_rate: -0.0368
2026-08-18 16:09:26:INFO:       Episode_Termination/body_position: 1.9500
2026-08-18 16:09:26:INFO:         Metrics/motion/error_anchor_pos: 0.5688
2026-08-18 16:09:26:INFO:           Metrics/motion/error_body_rot: 1.0331
2026-08-18 16:09:26:INFO:       Metrics/motion/error_body_lin_vel: 2.3596
2026-08-18 16:09:26:INFO:       Metrics/motion/error_body_ang_vel: 7.9494
2026-08-18 16:09:26:INFO:         Episode_Termination/root_height: 41.2500
2026-08-18 16:09:26:INFO: --------------------------------------------------------------------------------
2026-08-18 16:09:26:INFO:                          Iteration time: 13.15s
2026-08-18 16:09:26:INFO:                            Time elapsed: 0:08:19
2026-08-18 16:09:26:INFO:                                     ETA: 1 day, 2:01:01
2026-08-18 16:09:26:INFO: 
2026-08-18 16:09:42:INFO: ################################################################################
2026-08-18 16:09:42:INFO: [1m                          Learning iteration 53/10000                           [0m
2026-08-18 16:09:42:INFO: 
2026-08-18 16:09:42:INFO:                                Run name: teacher_8gpu_4096env_90_06_stageii
2026-08-18 16:09:42:INFO:                             Total steps: 35389440
2026-08-18 16:09:42:INFO:                        Steps per second: 48454
2026-08-18 16:09:42:INFO:                         Collection time: 10.621s
2026-08-18 16:09:42:INFO:                           Learning time: 2.904s
2026-08-18 16:09:42:INFO:                         Mean value loss: 0.5301
2026-08-18 16:09:42:INFO:                     Mean surrogate loss: -0.0038
2026-08-18 16:09:42:INFO:                       Mean entropy loss: 7.0461
2026-08-18 16:09:42:INFO:                             Mean reward: 16.89
2026-08-18 16:09:42:INFO:                     Mean episode length: 61.75
2026-08-18 16:09:42:INFO:                         Mean action std: 0.41
2026-08-18 16:09:42:INFO:     Metrics/motion/error_anchor_lin_vel: 2.1088
2026-08-18 16:09:42:INFO:     Metrics/motion/error_anchor_ang_vel: 4.7246
2026-08-18 16:09:42:INFO:        Metrics/motion/sampling_top1_bin: 0.6667
2026-08-18 16:09:42:INFO:         Episode_Reward/root_orientation: 0.0287
2026-08-18 16:09:42:INFO:            Episode_Reward/dof_vel_limit: -0.0236
2026-08-18 16:09:42:INFO:           Episode_Reward/body_local_rot: 0.0216
2026-08-18 16:09:42:INFO:         Metrics/motion/sampling_entropy: 0.8936
2026-08-18 16:09:42:INFO:    Metrics/motion/sampling_uniform_mass: 0.2500
2026-08-18 16:09:42:INFO:         Episode_Reward/smoothness_joint: -0.0417
2026-08-18 16:09:42:INFO:       Episode_Reward/joint_vel_tracking: 0.0093
2026-08-18 16:09:42:INFO:     Episode_Termination/shoulder_height: 37.1000
2026-08-18 16:09:42:INFO:          Metrics/motion/error_joint_vel: 22.4903
2026-08-18 16:09:42:INFO:  Episode_Reward/torso_world_orientation: 0.1583
2026-08-18 16:09:42:INFO: Episode_Termination/torso_ground_contact_too_long: 0.0000
2026-08-18 16:09:42:INFO:                Episode_Reward/feet_slip: -0.0116
2026-08-18 16:09:42:INFO:     Episode_Reward/feet_height_tracking: 0.0880
2026-08-18 16:09:42:INFO:       Episode_Reward/joint_pos_tracking: 0.0294
2026-08-18 16:09:42:INFO:       Episode_Reward/torso_world_angvel: 0.2289
2026-08-18 16:09:42:INFO:       Episode_Reward/body_global_angvel: 0.0142
2026-08-18 16:09:42:INFO:           Metrics/motion/error_body_pos: 0.3972
2026-08-18 16:09:42:INFO:       Metrics/motion/sampling_top1_prob: 0.1715
2026-08-18 16:09:42:INFO: Episode_Reward/undesired_self_collision: -0.0008
2026-08-18 16:09:42:INFO:       Episode_Termination/invalid_state: 0.0000
2026-08-18 16:09:42:INFO:        Episode_Reward/feet_pos_tracking: 0.0924
2026-08-18 16:09:42:INFO:              Episode_Reward/termination: -0.1000
2026-08-18 16:09:42:INFO:         Metrics/motion/error_anchor_rot: 1.1345
2026-08-18 16:09:42:INFO:            Episode_Termination/time_out: 0.0000
2026-08-18 16:09:42:INFO:            Episode_Reward/dof_pos_limit: -0.0118
2026-08-18 16:09:42:INFO:       Episode_Reward/body_global_linvel: 0.0355
2026-08-18 16:09:42:INFO: Episode_Reward/undesired_ground_contact: 0.0000
2026-08-18 16:09:42:INFO:    Episode_Reward/torso_height_tracking: 0.2098
2026-08-18 16:09:42:INFO:          Metrics/motion/error_joint_pos: 1.3245
2026-08-18 16:09:42:INFO:           Episode_Reward/penalty_torque: -0.0045
2026-08-18 16:09:42:INFO:           Episode_Reward/body_local_pos: 0.1099
2026-08-18 16:09:42:INFO:     Episode_Reward/residual_action_rate: -0.0384
2026-08-18 16:09:42:INFO:       Episode_Termination/body_position: 1.2500
2026-08-18 16:09:42:INFO:         Metrics/motion/error_anchor_pos: 0.5931
2026-08-18 16:09:42:INFO:           Metrics/motion/error_body_rot: 1.0503
2026-08-18 16:09:42:INFO:       Metrics/motion/error_body_lin_vel: 2.3781
2026-08-18 16:09:42:INFO:       Metrics/motion/error_body_ang_vel: 7.9826
2026-08-18 16:09:42:INFO:         Episode_Termination/root_height: 40.4000
2026-08-18 16:09:42:INFO: --------------------------------------------------------------------------------
2026-08-18 16:09:42:INFO:                          Iteration time: 13.53s
2026-08-18 16:09:42:INFO:                            Time elapsed: 0:08:32
2026-08-18 16:09:42:INFO:                                     ETA: 1 day, 2:13:29
2026-08-18 16:09:42:INFO: 
2026-08-18 16:09:56:INFO: ################################################################################
2026-08-18 16:09:56:INFO: [1m                          Learning iteration 54/10000                           [0m
2026-08-18 16:09:56:INFO: 
2026-08-18 16:09:56:INFO:                                Run name: teacher_8gpu_4096env_90_06_stageii
2026-08-18 16:09:56:INFO:                             Total steps: 36044800
2026-08-18 16:09:56:INFO:                        Steps per second: 50157
2026-08-18 16:09:56:INFO:                         Collection time: 9.871s
2026-08-18 16:09:56:INFO:                           Learning time: 3.195s
2026-08-18 16:09:56:INFO:                         Mean value loss: 0.5037
2026-08-18 16:09:56:INFO:                     Mean surrogate loss: -0.0040
2026-08-18 16:09:56:INFO:                       Mean entropy loss: 6.8732
2026-08-18 16:09:56:INFO:                             Mean reward: 15.94
2026-08-18 16:09:56:INFO:                     Mean episode length: 58.06
2026-08-18 16:09:56:INFO:                         Mean action std: 0.40
2026-08-18 16:09:56:INFO:     Metrics/motion/error_anchor_lin_vel: 2.1371
2026-08-18 16:09:56:INFO:     Metrics/motion/error_anchor_ang_vel: 4.7665
2026-08-18 16:09:56:INFO:        Metrics/motion/sampling_top1_bin: 0.6667
2026-08-18 16:09:56:INFO:         Episode_Reward/root_orientation: 0.0296
2026-08-18 16:09:56:INFO:            Episode_Reward/dof_vel_limit: -0.0223
2026-08-18 16:09:56:INFO:           Episode_Reward/body_local_rot: 0.0221
2026-08-18 16:09:56:INFO:         Metrics/motion/sampling_entropy: 0.8923
2026-08-18 16:09:56:INFO:    Metrics/motion/sampling_uniform_mass: 0.2500
2026-08-18 16:09:56:INFO:         Episode_Reward/smoothness_joint: -0.0427
2026-08-18 16:09:56:INFO:       Episode_Reward/joint_vel_tracking: 0.0096
2026-08-18 16:09:56:INFO:     Episode_Termination/shoulder_height: 40.3500
2026-08-18 16:09:56:INFO:          Metrics/motion/error_joint_vel: 22.2121
2026-08-18 16:09:56:INFO:  Episode_Reward/torso_world_orientation: 0.1628
2026-08-18 16:09:56:INFO: Episode_Termination/torso_ground_contact_too_long: 0.0000
2026-08-18 16:09:56:INFO:                Episode_Reward/feet_slip: -0.0120
2026-08-18 16:09:56:INFO:     Episode_Reward/feet_height_tracking: 0.0901
2026-08-18 16:09:56:INFO:       Episode_Reward/joint_pos_tracking: 0.0301
2026-08-18 16:09:56:INFO:       Episode_Reward/torso_world_angvel: 0.2349
2026-08-18 16:09:56:INFO:       Episode_Reward/body_global_angvel: 0.0147
2026-08-18 16:09:56:INFO:           Metrics/motion/error_body_pos: 0.3969
2026-08-18 16:09:56:INFO:       Metrics/motion/sampling_top1_prob: 0.1718
2026-08-18 16:09:56:INFO: Episode_Reward/undesired_self_collision: -0.0007
2026-08-18 16:09:56:INFO:       Episode_Termination/invalid_state: 0.0000
2026-08-18 16:09:56:INFO:        Episode_Reward/feet_pos_tracking: 0.0948
2026-08-18 16:09:56:INFO:              Episode_Reward/termination: -0.1000
2026-08-18 16:09:56:INFO:         Metrics/motion/error_anchor_rot: 1.1677
2026-08-18 16:09:56:INFO:            Episode_Termination/time_out: 0.0000
2026-08-18 16:09:56:INFO:            Episode_Reward/dof_pos_limit: -0.0120
2026-08-18 16:09:56:INFO:       Episode_Reward/body_global_linvel: 0.0364
2026-08-18 16:09:56:INFO: Episode_Reward/undesired_ground_contact: 0.0000
2026-08-18 16:09:56:INFO:    Episode_Reward/torso_height_tracking: 0.2157
2026-08-18 16:09:56:INFO:          Metrics/motion/error_joint_pos: 1.3161
2026-08-18 16:09:56:INFO:           Episode_Reward/penalty_torque: -0.0046
2026-08-18 16:09:56:INFO:           Episode_Reward/body_local_pos: 0.1123
2026-08-18 16:09:56:INFO:     Episode_Reward/residual_action_rate: -0.0389
2026-08-18 16:09:56:INFO:       Episode_Termination/body_position: 1.0500
2026-08-18 16:09:56:INFO:         Metrics/motion/error_anchor_pos: 0.6098
2026-08-18 16:09:56:INFO:           Metrics/motion/error_body_rot: 1.0529
2026-08-18 16:09:56:INFO:       Metrics/motion/error_body_lin_vel: 2.3893
2026-08-18 16:09:56:INFO:       Metrics/motion/error_body_ang_vel: 8.0252
2026-08-18 16:09:56:INFO:         Episode_Termination/root_height: 41.7000
2026-08-18 16:09:56:INFO: --------------------------------------------------------------------------------
2026-08-18 16:09:56:INFO:                          Iteration time: 13.07s
2026-08-18 16:09:56:INFO:                            Time elapsed: 0:08:45
2026-08-18 16:09:56:INFO:                                     ETA: 1 day, 2:24:05
2026-08-18 16:09:56:INFO: 
2026-08-18 16:10:10:INFO: ################################################################################
2026-08-18 16:10:10:INFO: [1m                          Learning iteration 55/10000                           [0m
2026-08-18 16:10:10:INFO: 
2026-08-18 16:10:10:INFO:                                Run name: teacher_8gpu_4096env_90_06_stageii
2026-08-18 16:10:10:INFO:                             Total steps: 36700160
2026-08-18 16:10:10:INFO:                        Steps per second: 51132
2026-08-18 16:10:10:INFO:                         Collection time: 9.313s
2026-08-18 16:10:10:INFO:                           Learning time: 3.503s
2026-08-18 16:10:10:INFO:                         Mean value loss: 0.5384
2026-08-18 16:10:10:INFO:                     Mean surrogate loss: -0.0021
2026-08-18 16:10:10:INFO:                       Mean entropy loss: 6.7182
2026-08-18 16:10:10:INFO:                             Mean reward: 16.69
2026-08-18 16:10:10:INFO:                     Mean episode length: 59.38
2026-08-18 16:10:10:INFO:                         Mean action std: 0.40
2026-08-18 16:10:10:INFO:     Metrics/motion/error_anchor_lin_vel: 2.0699
2026-08-18 16:10:10:INFO:     Metrics/motion/error_anchor_ang_vel: 4.7631
2026-08-18 16:10:10:INFO:        Metrics/motion/sampling_top1_bin: 0.6667
2026-08-18 16:10:10:INFO:         Episode_Reward/root_orientation: 0.0291
2026-08-18 16:10:10:INFO:            Episode_Reward/dof_vel_limit: -0.0220
2026-08-18 16:10:10:INFO:           Episode_Reward/body_local_rot: 0.0216
2026-08-18 16:10:10:INFO:         Metrics/motion/sampling_entropy: 0.8904
2026-08-18 16:10:10:INFO:    Metrics/motion/sampling_uniform_mass: 0.2500
2026-08-18 16:10:10:INFO:         Episode_Reward/smoothness_joint: -0.0411
2026-08-18 16:10:10:INFO:       Episode_Reward/joint_vel_tracking: 0.0095
2026-08-18 16:10:10:INFO:     Episode_Termination/shoulder_height: 39.2500
2026-08-18 16:10:10:INFO:          Metrics/motion/error_joint_vel: 22.3413
2026-08-18 16:10:10:INFO:  Episode_Reward/torso_world_orientation: 0.1609
2026-08-18 16:10:10:INFO: Episode_Termination/torso_ground_contact_too_long: 0.0000
2026-08-18 16:10:10:INFO:                Episode_Reward/feet_slip: -0.0114
2026-08-18 16:10:10:INFO:     Episode_Reward/feet_height_tracking: 0.0875
2026-08-18 16:10:10:INFO:       Episode_Reward/joint_pos_tracking: 0.0295
2026-08-18 16:10:10:INFO:       Episode_Reward/torso_world_angvel: 0.2305
2026-08-18 16:10:10:INFO:       Episode_Reward/body_global_angvel: 0.0146
2026-08-18 16:10:10:INFO:           Metrics/motion/error_body_pos: 0.3968
2026-08-18 16:10:10:INFO:       Metrics/motion/sampling_top1_prob: 0.1744
2026-08-18 16:10:10:INFO: Episode_Reward/undesired_self_collision: -0.0006
2026-08-18 16:10:10:INFO:       Episode_Termination/invalid_state: 0.0000
2026-08-18 16:10:10:INFO:        Episode_Reward/feet_pos_tracking: 0.0930
2026-08-18 16:10:10:INFO:              Episode_Reward/termination: -0.1000
2026-08-18 16:10:10:INFO:         Metrics/motion/error_anchor_rot: 1.1442
2026-08-18 16:10:10:INFO:            Episode_Termination/time_out: 0.0000
2026-08-18 16:10:10:INFO:            Episode_Reward/dof_pos_limit: -0.0117
2026-08-18 16:10:10:INFO:       Episode_Reward/body_global_linvel: 0.0357
2026-08-18 16:10:10:INFO: Episode_Reward/undesired_ground_contact: 0.0000
2026-08-18 16:10:10:INFO:    Episode_Reward/torso_height_tracking: 0.2117
2026-08-18 16:10:10:INFO:          Metrics/motion/error_joint_pos: 1.3237
2026-08-18 16:10:10:INFO:           Episode_Reward/penalty_torque: -0.0044
2026-08-18 16:10:10:INFO:           Episode_Reward/body_local_pos: 0.1101
2026-08-18 16:10:10:INFO:     Episode_Reward/residual_action_rate: -0.0376
2026-08-18 16:10:10:INFO:       Episode_Termination/body_position: 1.7500
2026-08-18 16:10:10:INFO:         Metrics/motion/error_anchor_pos: 0.5921
2026-08-18 16:10:10:INFO:           Metrics/motion/error_body_rot: 1.0514
2026-08-18 16:10:10:INFO:       Metrics/motion/error_body_lin_vel: 2.3858
2026-08-18 16:10:10:INFO:       Metrics/motion/error_body_ang_vel: 8.0227
2026-08-18 16:10:10:INFO:         Episode_Termination/root_height: 41.7500
2026-08-18 16:10:10:INFO: --------------------------------------------------------------------------------
2026-08-18 16:10:10:INFO:                          Iteration time: 12.82s
2026-08-18 16:10:10:INFO:                            Time elapsed: 0:08:58
2026-08-18 16:10:10:INFO:                                     ETA: 1 day, 2:33:35
2026-08-18 16:10:10:INFO: 
2026-08-18 16:10:25:INFO: ################################################################################
2026-08-18 16:10:25:INFO: [1m                          Learning iteration 56/10000                           [0m
2026-08-18 16:10:25:INFO: 
2026-08-18 16:10:25:INFO:                                Run name: teacher_8gpu_4096env_90_06_stageii
2026-08-18 16:10:25:INFO:                             Total steps: 37355520
2026-08-18 16:10:25:INFO:                        Steps per second: 49978
2026-08-18 16:10:25:INFO:                         Collection time: 9.832s
2026-08-18 16:10:25:INFO:                           Learning time: 3.281s
2026-08-18 16:10:25:INFO:                         Mean value loss: 0.5441
2026-08-18 16:10:25:INFO:                     Mean surrogate loss: -0.0031
2026-08-18 16:10:25:INFO:                       Mean entropy loss: 6.5615
2026-08-18 16:10:25:INFO:                             Mean reward: 16.98
2026-08-18 16:10:25:INFO:                     Mean episode length: 59.96
2026-08-18 16:10:25:INFO:                         Mean action std: 0.40
2026-08-18 16:10:25:INFO:     Metrics/motion/error_anchor_lin_vel: 2.0954
2026-08-18 16:10:25:INFO:     Metrics/motion/error_anchor_ang_vel: 4.8648
2026-08-18 16:10:25:INFO:        Metrics/motion/sampling_top1_bin: 0.6667
2026-08-18 16:10:25:INFO:         Episode_Reward/root_orientation: 0.0298
2026-08-18 16:10:25:INFO:            Episode_Reward/dof_vel_limit: -0.0210
2026-08-18 16:10:25:INFO:           Episode_Reward/body_local_rot: 0.0223
2026-08-18 16:10:25:INFO:         Metrics/motion/sampling_entropy: 0.8882
2026-08-18 16:10:25:INFO:    Metrics/motion/sampling_uniform_mass: 0.2500
2026-08-18 16:10:25:INFO:         Episode_Reward/smoothness_joint: -0.0432
2026-08-18 16:10:25:INFO:       Episode_Reward/joint_vel_tracking: 0.0098
2026-08-18 16:10:25:INFO:     Episode_Termination/shoulder_height: 38.2500
2026-08-18 16:10:25:INFO:          Metrics/motion/error_joint_vel: 22.2748
2026-08-18 16:10:25:INFO:  Episode_Reward/torso_world_orientation: 0.1648
2026-08-18 16:10:25:INFO: Episode_Termination/torso_ground_contact_too_long: 0.0000
2026-08-18 16:10:25:INFO:                Episode_Reward/feet_slip: -0.0119
2026-08-18 16:10:25:INFO:     Episode_Reward/feet_height_tracking: 0.0905
2026-08-18 16:10:25:INFO:       Episode_Reward/joint_pos_tracking: 0.0303
2026-08-18 16:10:25:INFO:       Episode_Reward/torso_world_angvel: 0.2370
2026-08-18 16:10:25:INFO:       Episode_Reward/body_global_angvel: 0.0150
2026-08-18 16:10:25:INFO:           Metrics/motion/error_body_pos: 0.4006
2026-08-18 16:10:25:INFO:       Metrics/motion/sampling_top1_prob: 0.1777
2026-08-18 16:10:25:INFO: Episode_Reward/undesired_self_collision: -0.0007
2026-08-18 16:10:25:INFO:       Episode_Termination/invalid_state: 0.0000
2026-08-18 16:10:25:INFO:        Episode_Reward/feet_pos_tracking: 0.0955
2026-08-18 16:10:25:INFO:              Episode_Reward/termination: -0.1000
2026-08-18 16:10:25:INFO:         Metrics/motion/error_anchor_rot: 1.1647
2026-08-18 16:10:25:INFO:            Episode_Termination/time_out: 0.0000
2026-08-18 16:10:25:INFO:            Episode_Reward/dof_pos_limit: -0.0123
2026-08-18 16:10:25:INFO:       Episode_Reward/body_global_linvel: 0.0367
2026-08-18 16:10:25:INFO: Episode_Reward/undesired_ground_contact: 0.0000
2026-08-18 16:10:25:INFO:    Episode_Reward/torso_height_tracking: 0.2174
2026-08-18 16:10:25:INFO:          Metrics/motion/error_joint_pos: 1.3368
2026-08-18 16:10:25:INFO:           Episode_Reward/penalty_torque: -0.0046
2026-08-18 16:10:25:INFO:           Episode_Reward/body_local_pos: 0.1133
2026-08-18 16:10:25:INFO:     Episode_Reward/residual_action_rate: -0.0384
2026-08-18 16:10:25:INFO:       Episode_Termination/body_position: 2.0500
2026-08-18 16:10:25:INFO:         Metrics/motion/error_anchor_pos: 0.6015
2026-08-18 16:10:25:INFO:           Metrics/motion/error_body_rot: 1.0703
2026-08-18 16:10:25:INFO:       Metrics/motion/error_body_lin_vel: 2.4076
2026-08-18 16:10:25:INFO:       Metrics/motion/error_body_ang_vel: 8.0848
2026-08-18 16:10:25:INFO:         Episode_Termination/root_height: 41.4000
2026-08-18 16:10:25:INFO: --------------------------------------------------------------------------------
2026-08-18 16:10:25:INFO:                          Iteration time: 13.11s
2026-08-18 16:10:25:INFO:                            Time elapsed: 0:09:11
2026-08-18 16:10:25:INFO:                                     ETA: 1 day, 2:43:35
2026-08-18 16:10:25:INFO: 
2026-08-18 16:10:39:INFO: ################################################################################
2026-08-18 16:10:39:INFO: [1m                          Learning iteration 57/10000                           [0m
2026-08-18 16:10:39:INFO: 
2026-08-18 16:10:39:INFO:                                Run name: teacher_8gpu_4096env_90_06_stageii
2026-08-18 16:10:39:INFO:                             Total steps: 38010880
2026-08-18 16:10:39:INFO:                        Steps per second: 48640
2026-08-18 16:10:39:INFO:                         Collection time: 10.459s
2026-08-18 16:10:39:INFO:                           Learning time: 3.014s
2026-08-18 16:10:39:INFO:                         Mean value loss: 0.5785
2026-08-18 16:10:39:INFO:                     Mean surrogate loss: -0.0043
2026-08-18 16:10:39:INFO:                       Mean entropy loss: 6.4626
2026-08-18 16:10:39:INFO:                             Mean reward: 14.43
2026-08-18 16:10:39:INFO:                     Mean episode length: 54.61
2026-08-18 16:10:39:INFO:                         Mean action std: 0.40
2026-08-18 16:10:39:INFO:     Metrics/motion/error_anchor_lin_vel: 2.0943
2026-08-18 16:10:39:INFO:     Metrics/motion/error_anchor_ang_vel: 4.7456
2026-08-18 16:10:39:INFO:        Metrics/motion/sampling_top1_bin: 0.6667
2026-08-18 16:10:39:INFO:         Episode_Reward/root_orientation: 0.0283
2026-08-18 16:10:39:INFO:            Episode_Reward/dof_vel_limit: -0.0212
2026-08-18 16:10:39:INFO:           Episode_Reward/body_local_rot: 0.0212
2026-08-18 16:10:39:INFO:         Metrics/motion/sampling_entropy: 0.8858
2026-08-18 16:10:39:INFO:    Metrics/motion/sampling_uniform_mass: 0.2500
2026-08-18 16:10:39:INFO:         Episode_Reward/smoothness_joint: -0.0404
2026-08-18 16:10:39:INFO:       Episode_Reward/joint_vel_tracking: 0.0094
2026-08-18 16:10:39:INFO:     Episode_Termination/shoulder_height: 39.5000
2026-08-18 16:10:39:INFO:          Metrics/motion/error_joint_vel: 22.1038
2026-08-18 16:10:39:INFO:  Episode_Reward/torso_world_orientation: 0.1572
2026-08-18 16:10:39:INFO: Episode_Termination/torso_ground_contact_too_long: 0.0000
2026-08-18 16:10:39:INFO:                Episode_Reward/feet_slip: -0.0112
2026-08-18 16:10:39:INFO:     Episode_Reward/feet_height_tracking: 0.0857
2026-08-18 16:10:39:INFO:       Episode_Reward/joint_pos_tracking: 0.0289
2026-08-18 16:10:39:INFO:       Episode_Reward/torso_world_angvel: 0.2268
2026-08-18 16:10:39:INFO:       Episode_Reward/body_global_angvel: 0.0143
2026-08-18 16:10:39:INFO:           Metrics/motion/error_body_pos: 0.3978
2026-08-18 16:10:39:INFO:       Metrics/motion/sampling_top1_prob: 0.1802
2026-08-18 16:10:39:INFO: Episode_Reward/undesired_self_collision: -0.0006
2026-08-18 16:10:39:INFO:       Episode_Termination/invalid_state: 0.0000
2026-08-18 16:10:39:INFO:        Episode_Reward/feet_pos_tracking: 0.0911
2026-08-18 16:10:39:INFO:              Episode_Reward/termination: -0.1000
2026-08-18 16:10:39:INFO:         Metrics/motion/error_anchor_rot: 1.1252
2026-08-18 16:10:39:INFO:            Episode_Termination/time_out: 0.0000
2026-08-18 16:10:39:INFO:            Episode_Reward/dof_pos_limit: -0.0117
2026-08-18 16:10:39:INFO:       Episode_Reward/body_global_linvel: 0.0348
2026-08-18 16:10:39:INFO: Episode_Reward/undesired_ground_contact: 0.0000
2026-08-18 16:10:39:INFO:    Episode_Reward/torso_height_tracking: 0.2062
2026-08-18 16:10:39:INFO:          Metrics/motion/error_joint_pos: 1.3398
2026-08-18 16:10:39:INFO:           Episode_Reward/penalty_torque: -0.0044
2026-08-18 16:10:39:INFO:           Episode_Reward/body_local_pos: 0.1082
2026-08-18 16:10:39:INFO:     Episode_Reward/residual_action_rate: -0.0363
2026-08-18 16:10:39:INFO:       Episode_Termination/body_position: 1.6500
2026-08-18 16:10:39:INFO:         Metrics/motion/error_anchor_pos: 0.5831
2026-08-18 16:10:39:INFO:           Metrics/motion/error_body_rot: 1.0644
2026-08-18 16:10:39:INFO:       Metrics/motion/error_body_lin_vel: 2.3873
2026-08-18 16:10:39:INFO:       Metrics/motion/error_body_ang_vel: 8.0064
2026-08-18 16:10:39:INFO:         Episode_Termination/root_height: 39.4000
2026-08-18 16:10:39:INFO: --------------------------------------------------------------------------------
2026-08-18 16:10:39:INFO:                          Iteration time: 13.47s
2026-08-18 16:10:39:INFO:                            Time elapsed: 0:09:25
2026-08-18 16:10:39:INFO:                                     ETA: 1 day, 2:54:16
2026-08-18 16:10:39:INFO: 
2026-08-18 16:10:55:INFO: ################################################################################
2026-08-18 16:10:55:INFO: [1m                          Learning iteration 58/10000                           [0m
2026-08-18 16:10:55:INFO: 
2026-08-18 16:10:55:INFO:                                Run name: teacher_8gpu_4096env_90_06_stageii
2026-08-18 16:10:55:INFO:                             Total steps: 38666240
2026-08-18 16:10:55:INFO:                        Steps per second: 48787
2026-08-18 16:10:55:INFO:                         Collection time: 10.409s
2026-08-18 16:10:55:INFO:                           Learning time: 3.024s
2026-08-18 16:10:55:INFO:                         Mean value loss: 0.5731
2026-08-18 16:10:55:INFO:                     Mean surrogate loss: -0.0033
2026-08-18 16:10:55:INFO:                       Mean entropy loss: 6.2875
2026-08-18 16:10:55:INFO:                             Mean reward: 17.21
2026-08-18 16:10:55:INFO:                     Mean episode length: 61.40
2026-08-18 16:10:55:INFO:                         Mean action std: 0.39
2026-08-18 16:10:55:INFO:     Metrics/motion/error_anchor_lin_vel: 2.1111
2026-08-18 16:10:55:INFO:     Metrics/motion/error_anchor_ang_vel: 4.7498
2026-08-18 16:10:55:INFO:        Metrics/motion/sampling_top1_bin: 0.6667
2026-08-18 16:10:55:INFO:         Episode_Reward/root_orientation: 0.0301
2026-08-18 16:10:55:INFO:            Episode_Reward/dof_vel_limit: -0.0208
2026-08-18 16:10:55:INFO:           Episode_Reward/body_local_rot: 0.0223
2026-08-18 16:10:55:INFO:         Metrics/motion/sampling_entropy: 0.8831
2026-08-18 16:10:55:INFO:    Metrics/motion/sampling_uniform_mass: 0.2500
2026-08-18 16:10:55:INFO:         Episode_Reward/smoothness_joint: -0.0413
2026-08-18 16:10:55:INFO:       Episode_Reward/joint_vel_tracking: 0.0100
2026-08-18 16:10:55:INFO:     Episode_Termination/shoulder_height: 35.9500
2026-08-18 16:10:55:INFO:          Metrics/motion/error_joint_vel: 21.8931
2026-08-18 16:10:55:INFO:  Episode_Reward/torso_world_orientation: 0.1666
2026-08-18 16:10:55:INFO: Episode_Termination/torso_ground_contact_too_long: 0.0000
2026-08-18 16:10:55:INFO:                Episode_Reward/feet_slip: -0.0114
2026-08-18 16:10:55:INFO:     Episode_Reward/feet_height_tracking: 0.0904
2026-08-18 16:10:55:INFO:       Episode_Reward/joint_pos_tracking: 0.0304
2026-08-18 16:10:55:INFO:       Episode_Reward/torso_world_angvel: 0.2391
2026-08-18 16:10:55:INFO:       Episode_Reward/body_global_angvel: 0.0155
2026-08-18 16:10:55:INFO:           Metrics/motion/error_body_pos: 0.3981
2026-08-18 16:10:55:INFO:       Metrics/motion/sampling_top1_prob: 0.1827
2026-08-18 16:10:55:INFO: Episode_Reward/undesired_self_collision: -0.0005
2026-08-18 16:10:55:INFO:       Episode_Termination/invalid_state: 0.0000
2026-08-18 16:10:55:INFO:        Episode_Reward/feet_pos_tracking: 0.0959
2026-08-18 16:10:55:INFO:              Episode_Reward/termination: -0.1000
2026-08-18 16:10:55:INFO:         Metrics/motion/error_anchor_rot: 1.1529
2026-08-18 16:10:55:INFO:            Episode_Termination/time_out: 0.0000
2026-08-18 16:10:55:INFO:            Episode_Reward/dof_pos_limit: -0.0123
2026-08-18 16:10:55:INFO:       Episode_Reward/body_global_linvel: 0.0368
2026-08-18 16:10:55:INFO: Episode_Reward/undesired_ground_contact: 0.0000
2026-08-18 16:10:55:INFO:    Episode_Reward/torso_height_tracking: 0.2201
2026-08-18 16:10:55:INFO:          Metrics/motion/error_joint_pos: 1.3301
2026-08-18 16:10:55:INFO:           Episode_Reward/penalty_torque: -0.0045
2026-08-18 16:10:55:INFO:           Episode_Reward/body_local_pos: 0.1136
2026-08-18 16:10:55:INFO:     Episode_Reward/residual_action_rate: -0.0376
2026-08-18 16:10:55:INFO:       Episode_Termination/body_position: 1.5500
2026-08-18 16:10:55:INFO:         Metrics/motion/error_anchor_pos: 0.6108
2026-08-18 16:10:55:INFO:           Metrics/motion/error_body_rot: 1.0635
2026-08-18 16:10:55:INFO:       Metrics/motion/error_body_lin_vel: 2.3984
2026-08-18 16:10:55:INFO:       Metrics/motion/error_body_ang_vel: 7.9459
2026-08-18 16:10:55:INFO:         Episode_Termination/root_height: 37.3000
2026-08-18 16:10:55:INFO: --------------------------------------------------------------------------------
2026-08-18 16:10:55:INFO:                          Iteration time: 13.43s
2026-08-18 16:10:55:INFO:                            Time elapsed: 0:09:38
2026-08-18 16:10:55:INFO:                                     ETA: 1 day, 3:04:28
2026-08-18 16:10:55:INFO: 
