2026-08-16 02:24:43:INFO: [INFO] Training with: device=cuda:0, seed=233, rank=0
2026-08-16 02:24:43:INFO: [INFO] Using local motion file: /workspace/gr3mini_tracking/motions/Extended_3_stageii_from_g1_gr3mini_v211_isaaclab_mjlab.npz
2026-08-16 02:24:43:INFO: [INFO] Logging experiment in directory: /workspace/gr3mini_tracking/logs/rsl_rl/gr3mini_teacher_torso_contact/2026-08-16_02-24-25_teacher_8gpu_32768env_10000iters
2026-08-16 02:24:43:INFO: Setting seed: 233
2026-08-16 02:24:46:INFO: Warp 1.16.0 initialized:
2026-08-16 02:24:46:INFO:    CUDA Toolkit 12.9, Driver 12.9
2026-08-16 02:24:46:INFO:    Devices:
2026-08-16 02:24:46:INFO:      "cpu"      : "x86_64"
2026-08-16 02:24:46:INFO:      "cuda:0"   : "NVIDIA H100 80GB HBM3" (79 GiB, sm_90, mempool enabled)
2026-08-16 02:24:46:INFO:      "cuda:1"   : "NVIDIA H100 80GB HBM3" (79 GiB, sm_90, mempool enabled)
2026-08-16 02:24:46:INFO:      "cuda:2"   : "NVIDIA H100 80GB HBM3" (79 GiB, sm_90, mempool enabled)
2026-08-16 02:24:46:INFO:      "cuda:3"   : "NVIDIA H100 80GB HBM3" (79 GiB, sm_90, mempool enabled)
2026-08-16 02:24:46:INFO:      "cuda:4"   : "NVIDIA H100 80GB HBM3" (79 GiB, sm_90, mempool enabled)
2026-08-16 02:24:46:INFO:      "cuda:5"   : "NVIDIA H100 80GB HBM3" (79 GiB, sm_90, mempool enabled)
2026-08-16 02:24:46:INFO:      "cuda:6"   : "NVIDIA H100 80GB HBM3" (79 GiB, sm_90, mempool enabled)
2026-08-16 02:24:46:INFO:      "cuda:7"   : "NVIDIA H100 80GB HBM3" (79 GiB, sm_90, mempool enabled)
2026-08-16 02:24:46:INFO:    CUDA peer access:
2026-08-16 02:24:46:INFO:      Supported fully (all-directional)
2026-08-16 02:24:46:INFO:    Kernel cache:
2026-08-16 02:24:46:INFO:      /root/.cache/warp/1.16.0
2026-08-16 02:24:56:INFO: Module mujoco_warp._src.smooth c4020f1 load on device 'cuda:0' took 7949.99 ms  (compiled)
2026-08-16 02:24:56:INFO: Module _nxn_broadphase__locals__kernel_af72a12e af72a12 load on device 'cuda:0' took 372.68 ms  (compiled)
2026-08-16 02:25:15:INFO: Module ccd_kernel_builder__locals__ccd_kernel_1ed557d3 1ed557d load on device 'cuda:0' took 18932.42 ms  (compiled)
2026-08-16 02:25:34:INFO: Module ccd_kernel_builder__locals__ccd_kernel_1ed557d3 1f1c617 load on device 'cuda:0' took 18763.05 ms  (compiled)
2026-08-16 02:25:38:INFO: Module _primitive_narrowphase__locals__primitive_narrowphase_f074866b f074866 load on device 'cuda:0' took 3239.19 ms  (compiled)
2026-08-16 02:25:38:INFO: Module mujoco_warp._src.constraint 36c8060 load on device 'cuda:0' took 79.65 ms  (compiled)
2026-08-16 02:25:38:INFO: Module _friction_dof__locals__kernel_f2a43f82 f2a43f8 load on device 'cuda:0' took 206.96 ms  (compiled)
2026-08-16 02:25:38:INFO: Module _limit_slide_hinge__locals__kernel_db2fd87c db2fd87 load on device 'cuda:0' took 223.76 ms  (compiled)
2026-08-16 02:25:38:INFO: Module _efc_contact_init__locals__kernel_95598c78 95598c7 load on device 'cuda:0' took 128.42 ms  (compiled)
2026-08-16 02:25:39:INFO: Module _efc_contact_jac_dense__locals__kernel_5df4708f 78a94ac load on device 'cuda:0' took 595.39 ms  (compiled)
2026-08-16 02:25:39:INFO: Module _efc_contact_update__locals__kernel_d8fb6a36 d8fb6a3 load on device 'cuda:0' took 207.09 ms  (compiled)
2026-08-16 02:25:41:INFO: Module mujoco_warp._src.forward bfd9fb5 load on device 'cuda:0' took 1418.17 ms  (compiled)
2026-08-16 02:25:43:INFO: Module mujoco_warp._src.passive d8c18c6 load on device 'cuda:0' took 2407.85 ms  (compiled)
2026-08-16 02:25:48:INFO: Module mujoco_warp._src.sensor de892d8 load on device 'cuda:0' took 5237.86 ms  (compiled)
2026-08-16 02:25:50:INFO: Module mujoco_warp._src.forward b068ad6 load on device 'cuda:0' took 1410.57 ms  (compiled)
2026-08-16 02:25:50:INFO: Module _qfrc_smooth__locals__kernel_4658f88b 4658f88 load on device 'cuda:0' took 103.60 ms  (compiled)
2026-08-16 02:25:50:INFO: Module mujoco_warp._src.support ca784c5 load on device 'cuda:0' took 248.58 ms  (compiled)
2026-08-16 02:25:54:INFO: Module _tile_cholesky_factorize_solve_block__locals__kernel_8b474c29 8c94b26 load on device 'cuda:0' took 4225.38 ms  (compiled)
2026-08-16 02:25:54:INFO: Module _solve_init_dof__locals__kernel_6cf817af 6cf817a load on device 'cuda:0' took 84.58 ms  (compiled)
2026-08-16 02:25:56:INFO: Module mujoco_warp._src.solver 3a105a0 load on device 'cuda:0' took 1971.51 ms  (compiled)
2026-08-16 02:25:56:INFO: Module _solve_init_jaref_kernel__locals__kernel_010a4da8 010a4da load on device 'cuda:0' took 149.33 ms  (compiled)
2026-08-16 02:25:57:INFO: Module mul_m_kernel__locals___mul_m_4f80c25f 4f80c25 load on device 'cuda:0' took 137.99 ms  (compiled)
2026-08-16 02:25:57:INFO: Module _update_constraint_efc__locals__kernel_2874152a 2874152 load on device 'cuda:0' took 174.60 ms  (compiled)
2026-08-16 02:25:57:INFO: Module _update_constraint_init_qfrc_constraint_dense__locals__kernel_96700b92 96700b9 load on device 'cuda:0' took 137.50 ms  (compiled)
2026-08-16 02:25:57:INFO: Module _update_gradient_zero_grad_dot__locals__kernel_dc20e701 dc20e70 load on device 'cuda:0' took 65.27 ms  (compiled)
2026-08-16 02:25:57:INFO: Module _update_gradient_grad__locals__kernel_75e45f77 75e45f7 load on device 'cuda:0' took 98.05 ms  (compiled)
2026-08-16 02:25:58:INFO: Module _update_gradient_JTDAJ_dense_tiled__locals__kernel_e5f29ccd 7d60f5f load on device 'cuda:0' took 746.55 ms  (compiled)
2026-08-16 02:26:01:INFO: Module _update_gradient_cholesky__locals__kernel_ec98799f db279b9 load on device 'cuda:0' took 3589.22 ms  (compiled)
2026-08-16 02:26:02:INFO: Module _linesearch_iterative_kernel__locals__kernel_6ae9debc 6c9ca6d load on device 'cuda:0' took 705.26 ms  (compiled)
2026-08-16 02:26:02:INFO: Module _update_constraint_efc__locals__kernel_c5c7ee21 c5c7ee2 load on device 'cuda:0' took 184.99 ms  (compiled)
2026-08-16 02:26:03:INFO: Module _update_constraint_init_qfrc_constraint_dense__locals__kernel_97f7aa4d 97f7aa4 load on device 'cuda:0' took 149.21 ms  (compiled)
2026-08-16 02:26:03:INFO: Module _update_gradient_zero_grad_dot__locals__kernel_c8324c35 c8324c3 load on device 'cuda:0' took 107.53 ms  (compiled)
2026-08-16 02:26:03:INFO: Module _update_gradient_grad__locals__kernel_5d6ef3e8 5d6ef3e load on device 'cuda:0' took 102.03 ms  (compiled)
2026-08-16 02:26:05:INFO: Module _update_gradient_cholesky__locals__kernel_8ec900f5 c8bd438 load on device 'cuda:0' took 2043.45 ms  (compiled)
2026-08-16 02:26:05:INFO: Module _contact_sort__locals__contact_sort_c7ec4c16 3b32e96 load on device 'cuda:0' took 178.35 ms  (compiled)
2026-08-16 02:26:05:INFO: Module _next_time_builder__locals___next_time_b0eef204 b0eef20 load on device 'cuda:0' took 111.52 ms  (compiled)
2026-08-16 02:26:05:INFO: Module reset_data__locals__reset_xfrc_applied_fb15556a fb15556 load on device 'cuda:0' took 69.64 ms  (compiled)
2026-08-16 02:26:05:INFO: Module reset_data__locals__reset_M_7fe3caab 7fe3caa load on device 'cuda:0' took 81.84 ms  (compiled)
2026-08-16 02:26:05:INFO: Module reset_data__locals__reset_mocap_72adcc80 72adcc8 load on device 'cuda:0' took 109.23 ms  (compiled)
2026-08-16 02:26:05:INFO: Module reset_data__locals__reset_contact_d045dbe7 d045dbe load on device 'cuda:0' took 142.26 ms  (compiled)
2026-08-16 02:26:06:INFO: Module reset_data__locals__reset_sleep_a443f67b a443f67 load on device 'cuda:0' took 115.29 ms  (compiled)
2026-08-16 02:26:06:INFO: Module reset_data__locals__reset_nworld_afd827a5 afd827a load on device 'cuda:0' took 210.02 ms  (compiled)
2026-08-16 02:26:06:INFO: 
2026-08-16 02:26:06:INFO: +---------------------------------+
2026-08-16 02:26:06:INFO: |         Base Environment        |
2026-08-16 02:26:06:INFO: +------------------------+--------+
2026-08-16 02:26:06:INFO: | Property               | Value  |
2026-08-16 02:26:06:INFO: +------------------------+--------+
2026-08-16 02:26:06:INFO: | Number of environments | 4096   |
2026-08-16 02:26:06:INFO: | Environment device     | cuda:0 |
2026-08-16 02:26:06:INFO: | Environment seed       | 233    |
2026-08-16 02:26:06:INFO: | Physics step-size      | 0.002  |
2026-08-16 02:26:06:INFO: | Environment step-size  | 0.02   |
2026-08-16 02:26:06:INFO: +------------------------+--------+
2026-08-16 02:26:06:INFO: 
2026-08-16 02:26:06:INFO: [INFO] <EventManager> contains 2 active terms.
2026-08-16 02:26:06:INFO: +----------------------------------------------+
2026-08-16 02:26:06:INFO: |    Active Event Terms in Mode: 'interval'    |
2026-08-16 02:26:06:INFO: +-------+------------+-------------------------+
2026-08-16 02:26:06:INFO: | Index | Name       | Interval time range (s) |
2026-08-16 02:26:06:INFO: +-------+------------+-------------------------+
2026-08-16 02:26:06:INFO: |   0   | push_robot |       (5.0, 10.0)       |
2026-08-16 02:26:06:INFO: +-------+------------+-------------------------+
2026-08-16 02:26:06:INFO: +---------------------------------------+
2026-08-16 02:26:06:INFO: | Active Event Terms in Mode: 'startup' |
2026-08-16 02:26:06:INFO: +----------+----------------------------+
2026-08-16 02:26:06:INFO: |  Index   | Name                       |
2026-08-16 02:26:06:INFO: +----------+----------------------------+
2026-08-16 02:26:06:INFO: |    0     | foot_friction              |
2026-08-16 02:26:06:INFO: |    1     | joint_friction             |
2026-08-16 02:26:06:INFO: |    2     | joint_armature             |
2026-08-16 02:26:06:INFO: |    3     | body_mass                  |
2026-08-16 02:26:06:INFO: |    4     | torso_mass                 |
2026-08-16 02:26:06:INFO: |    5     | torso_com                  |
2026-08-16 02:26:06:INFO: |    6     | pd_gains                   |
2026-08-16 02:26:06:INFO: +----------+----------------------------+
2026-08-16 02:26:06:INFO: +-----------------------------+
2026-08-16 02:26:06:INFO: | Domain Randomization Fields |
2026-08-16 02:26:06:INFO: +-------+---------------------+
2026-08-16 02:26:06:INFO: | Index | Field Name          |
2026-08-16 02:26:06:INFO: +-------+---------------------+
2026-08-16 02:26:06:INFO: |   0   | geom_friction       |
2026-08-16 02:26:06:INFO: |   1   | dof_frictionloss    |
2026-08-16 02:26:06:INFO: |   2   | dof_armature        |
2026-08-16 02:26:06:INFO: |   3   | dof_invweight0      |
2026-08-16 02:26:06:INFO: |   4   | body_invweight0     |
2026-08-16 02:26:06:INFO: |   5   | tendon_length0      |
2026-08-16 02:26:06:INFO: |   6   | tendon_invweight0   |
2026-08-16 02:26:06:INFO: |   7   | actuator_acc0       |
2026-08-16 02:26:06:INFO: |   8   | body_mass           |
2026-08-16 02:26:06:INFO: |   9   | body_subtreemass    |
2026-08-16 02:26:06:INFO: |   10  | body_ipos           |
2026-08-16 02:26:06:INFO: |   11  | actuator_gainprm    |
2026-08-16 02:26:06:INFO: |   12  | actuator_biasprm    |
2026-08-16 02:26:06:INFO: +-------+---------------------+
2026-08-16 02:26:06:INFO: 
2026-08-16 02:26:06:INFO: Module repeat_array_kernel_f3ffbc3f f56645b load on device 'cuda:0' took 86.26 ms  (compiled)
2026-08-16 02:26:06:INFO: Module repeat_array_kernel_f3ffbc3f 43f7a6f load on device 'cuda:0' took 77.19 ms  (compiled)
2026-08-16 02:26:06:INFO: Module repeat_array_kernel_f3ffbc3f a5b1dbd load on device 'cuda:0' took 116.31 ms  (compiled)
2026-08-16 02:26:06:INFO: Module repeat_array_kernel_f3ffbc3f 4a3be84 load on device 'cuda:0' took 144.52 ms  (compiled)
2026-08-16 02:26:06:INFO: [INFO] <CommandManager> contains 1 active terms.
2026-08-16 02:26:06:INFO: +-----------------------------------+
2026-08-16 02:26:06:INFO: |        Active Command Terms       |
2026-08-16 02:26:06:INFO: +-------+--------+------------------+
2026-08-16 02:26:06:INFO: | Index | Name   |       Type       |
2026-08-16 02:26:06:INFO: +-------+--------+------------------+
2026-08-16 02:26:06:INFO: |   0   | motion | Gr3MotionCommand |
2026-08-16 02:26:06:INFO: +-------+--------+------------------+
2026-08-16 02:26:06:INFO: 
2026-08-16 02:26:06:INFO: [INFO] <ActionManager> contains 1 active terms.
2026-08-16 02:26:06:INFO: +---------------------------------+
2026-08-16 02:26:06:INFO: | Active Action Terms (shape: 25) |
2026-08-16 02:26:06:INFO: +-------+-----------+-------------+
2026-08-16 02:26:06:INFO: | Index | Name      |   Dimension |
2026-08-16 02:26:06:INFO: +-------+-----------+-------------+
2026-08-16 02:26:06:INFO: |   0   | joint_pos |          25 |
2026-08-16 02:26:06:INFO: +-------+-----------+-------------+
2026-08-16 02:26:06:INFO: 
2026-08-16 02:26:07:INFO: [INFO] <ObservationManager> contains 2 groups.
2026-08-16 02:26:07:INFO: +------------------------------------------------------------+
2026-08-16 02:26:07:INFO: | Active Observation Terms in Group: 'actor' (shape: (686,)) |
2026-08-16 02:26:07:INFO: +--------+-----------------------+---------------------------+
2026-08-16 02:26:07:INFO: | Index  | Name                  |           Shape           |
2026-08-16 02:26:07:INFO: +--------+-----------------------+---------------------------+
2026-08-16 02:26:07:INFO: |   0    | state_history         |     (336,)  ← 6×(56,)     |
2026-08-16 02:26:07:INFO: |   1    | action_history        |     (150,)  ← 6×(25,)     |
2026-08-16 02:26:07:INFO: |   2    | future_reference      |           (200,)          |
2026-08-16 02:26:07:INFO: +--------+-----------------------+---------------------------+
2026-08-16 02:26:07:INFO: +--------------------------------------------------------------+
2026-08-16 02:26:07:INFO: | Active Observation Terms in Group: 'critic' (shape: (1489,)) |
2026-08-16 02:26:07:INFO: +--------+-----------------------------+-----------------------+
2026-08-16 02:26:07:INFO: | Index  | Name                        |         Shape         |
2026-08-16 02:26:07:INFO: +--------+-----------------------------+-----------------------+
2026-08-16 02:26:07:INFO: |   0    | actor_state_history         |   (336,)  ← 6×(56,)   |
2026-08-16 02:26:07:INFO: |   1    | actor_action_history        |   (150,)  ← 6×(25,)   |
2026-08-16 02:26:07:INFO: |   2    | actor_future_reference      |         (200,)        |
2026-08-16 02:26:07:INFO: |   3    | privileged_state            |         (398,)        |
2026-08-16 02:26:07:INFO: |   4    | tracking_error              |         (405,)        |
2026-08-16 02:26:07:INFO: +--------+-----------------------------+-----------------------+
2026-08-16 02:26:07:INFO: 
2026-08-16 02:26:07:INFO: [INFO] <TerminationManager> contains 4 active terms.
2026-08-16 02:26:07:INFO: +--------------------------------------------------+
2026-08-16 02:26:07:INFO: |             Active Termination Terms             |
2026-08-16 02:26:07:INFO: +-------+-------------------------------+----------+
2026-08-16 02:26:07:INFO: | Index | Name                          | Time Out |
2026-08-16 02:26:07:INFO: +-------+-------------------------------+----------+
2026-08-16 02:26:07:INFO: |   0   | time_out                      |   True   |
2026-08-16 02:26:07:INFO: |   1   | root_height                   |  False   |
2026-08-16 02:26:07:INFO: |   2   | torso_ground_contact_too_long |  False   |
2026-08-16 02:26:07:INFO: |   3   | invalid_state                 |  False   |
2026-08-16 02:26:07:INFO: +-------+-------------------------------+----------+
2026-08-16 02:26:07:INFO: 
2026-08-16 02:26:07:INFO: [INFO] <RewardManager> contains 21 active terms.
2026-08-16 02:26:07:INFO: +-------------------------------------------+
2026-08-16 02:26:07:INFO: |            Active Reward Terms            |
2026-08-16 02:26:07:INFO: +-------+--------------------------+--------+
2026-08-16 02:26:07:INFO: | Index | Name                     | Weight |
2026-08-16 02:26:07:INFO: +-------+--------------------------+--------+
2026-08-16 02:26:07:INFO: |   0   | body_local_pos           |    2.0 |
2026-08-16 02:26:07:INFO: |   1   | body_local_rot           |    1.5 |
2026-08-16 02:26:07:INFO: |   2   | body_global_linvel       |    1.0 |
2026-08-16 02:26:07:INFO: |   3   | body_global_angvel       |    1.0 |
2026-08-16 02:26:07:INFO: |   4   | torso_world_angvel       |    1.0 |
2026-08-16 02:26:07:INFO: |   5   | joint_pos_tracking       |    0.5 |
2026-08-16 02:26:07:INFO: |   6   | joint_vel_tracking       |    0.5 |
2026-08-16 02:26:07:INFO: |   7   | root_pos                 |    0.5 |
2026-08-16 02:26:07:INFO: |   8   | root_orientation         |    1.0 |
2026-08-16 02:26:07:INFO: |   9   | torso_world_orientation  |    3.0 |
2026-08-16 02:26:07:INFO: |   10  | torso_height_tracking    |    1.0 |
2026-08-16 02:26:07:INFO: |   11  | feet_height_tracking     |    1.0 |
2026-08-16 02:26:07:INFO: |   12  | residual_action_rate     |   -0.1 |
2026-08-16 02:26:07:INFO: |   13  | penalty_torque           | -1e-05 |
2026-08-16 02:26:07:INFO: |   14  | smoothness_joint         | -1e-06 |
2026-08-16 02:26:07:INFO: |   15  | feet_slip                |   -0.5 |
2026-08-16 02:26:07:INFO: |   16  | dof_pos_limit            |   -5.0 |
2026-08-16 02:26:07:INFO: |   17  | dof_vel_limit            |  -10.0 |
2026-08-16 02:26:07:INFO: |   18  | undesired_self_collision |  -10.0 |
2026-08-16 02:26:07:INFO: |   19  | undesired_ground_contact |  -10.0 |
2026-08-16 02:26:07:INFO: |   20  | termination              | -100.0 |
2026-08-16 02:26:07:INFO: +-------+--------------------------+--------+
2026-08-16 02:26:07:INFO: 
2026-08-16 02:26:07:INFO: [INFO] <NullCurriculumManager> (inactive)
2026-08-16 02:26:07:INFO: [INFO] <NullMetricsManager> (inactive)
2026-08-16 02:26:07:INFO: [INFO] <NullRecorderManager> (inactive)
2026-08-16 02:26:07:WARNING: py.warnings:/workspace/mjlab/src/mjlab/managers/event_manager.py:329: UserWarning: dr.body_mass only randomizes mass and leaves the inertia tensor unchanged. For a physically consistent density change, use dr.pseudo_inertia(alpha_range=...) instead, which scales both mass and inertia together. dr.body_mass is only appropriate when modelling a point mass added at the COM.
  term_cfg.func(self._env, env_ids, **term_cfg.params)

2026-08-16 02:26:09:INFO: Module mujoco_warp._src.io 466491b load on device 'cuda:0' took 1243.62 ms  (compiled)
2026-08-16 02:26:10:INFO: Module _tile_cholesky_factorize_block__locals__kernel_b6aea41c be3609c load on device 'cuda:0' took 1687.83 ms  (compiled)
2026-08-16 02:26:11:INFO: Module _tile_cholesky_solve_block__locals__kernel_4fcf28f3 c408557 load on device 'cuda:0' took 1149.07 ms  (compiled)
2026-08-16 02:26:13:INFO: --------------------------------------------------------------------------------
2026-08-16 02:26:13:INFO: Resolved observation sets:
2026-08-16 02:26:13:INFO: 	 actor :  ('actor',)
2026-08-16 02:26:13:INFO: 	 critic :  ('critic',)
2026-08-16 02:26:13:INFO: --------------------------------------------------------------------------------
2026-08-16 02:26:13:INFO: Actor Model: TanhMLPModel(
2026-08-16 02:26:13:INFO:   (obs_normalizer): Identity()
2026-08-16 02:26:13:INFO:   (distribution): TanhGaussianDistribution()
2026-08-16 02:26:13:INFO:   (mlp): MLP(
2026-08-16 02:26:13:INFO:     (0): Linear(in_features=686, out_features=512, bias=True)
2026-08-16 02:26:13:INFO:     (1): SiLU()
2026-08-16 02:26:13:INFO:     (2): Linear(in_features=512, out_features=512, bias=True)
2026-08-16 02:26:13:INFO:     (3): SiLU()
2026-08-16 02:26:13:INFO:     (4): Linear(in_features=512, out_features=256, bias=True)
2026-08-16 02:26:13:INFO:     (5): SiLU()
2026-08-16 02:26:13:INFO:     (6): Linear(in_features=256, out_features=256, bias=True)
2026-08-16 02:26:13:INFO:     (7): SiLU()
2026-08-16 02:26:13:INFO:     (8): Linear(in_features=256, out_features=128, bias=True)
2026-08-16 02:26:13:INFO:     (9): SiLU()
2026-08-16 02:26:13:INFO:     (10): Linear(in_features=128, out_features=50, bias=True)
2026-08-16 02:26:13:INFO:     (11): Unflatten(dim=-1, unflattened_size=[2, 25])
2026-08-16 02:26:13:INFO:   )
2026-08-16 02:26:13:INFO: )
2026-08-16 02:26:13:INFO: Critic Model: MLPModel(
2026-08-16 02:26:13:INFO:   (obs_normalizer): Identity()
2026-08-16 02:26:13:INFO:   (mlp): MLP(
2026-08-16 02:26:13:INFO:     (0): Linear(in_features=1489, out_features=512, bias=True)
2026-08-16 02:26:13:INFO:     (1): SiLU()
2026-08-16 02:26:13:INFO:     (2): Linear(in_features=512, out_features=512, bias=True)
2026-08-16 02:26:13:INFO:     (3): SiLU()
2026-08-16 02:26:13:INFO:     (4): Linear(in_features=512, out_features=256, bias=True)
2026-08-16 02:26:13:INFO:     (5): SiLU()
2026-08-16 02:26:13:INFO:     (6): Linear(in_features=256, out_features=256, bias=True)
2026-08-16 02:26:13:INFO:     (7): SiLU()
2026-08-16 02:26:13:INFO:     (8): Linear(in_features=256, out_features=128, bias=True)
2026-08-16 02:26:13:INFO:     (9): SiLU()
2026-08-16 02:26:13:INFO:     (10): Linear(in_features=128, out_features=1, bias=True)
2026-08-16 02:26:13:INFO:   )
2026-08-16 02:26:13:INFO: )
2026-08-16 02:26:13:INFO: Synchronizing parameters for rank 0...
2026-08-16 02:26:15:INFO: Could not find git repository in /opt/gr3mini-tracking-venv/lib/python3.12/site-packages/rsl_rl/__init__.py. Skipping.
2026-08-16 02:26:15:INFO: Storing git diff for 'mjlab' in: /workspace/gr3mini_tracking/logs/rsl_rl/gr3mini_teacher_torso_contact/2026-08-16_02-24-25_teacher_8gpu_32768env_10000iters/git/mjlab.diff
2026-08-16 02:26:21:INFO: ################################################################################
2026-08-16 02:26:21:INFO: [1m                           Learning iteration 0/10000                           [0m
2026-08-16 02:26:21:INFO: 
2026-08-16 02:26:21:INFO:                                Run name: teacher_8gpu_32768env_10000iters
2026-08-16 02:26:21:INFO:                             Total steps: 655360
2026-08-16 02:26:21:INFO:                        Steps per second: 112858
2026-08-16 02:26:21:INFO:                         Collection time: 3.552s
2026-08-16 02:26:21:INFO:                           Learning time: 2.255s
2026-08-16 02:26:21:INFO:                         Mean value loss: 0.7175
2026-08-16 02:26:21:INFO:                     Mean surrogate loss: -0.0101
2026-08-16 02:26:21:INFO:                       Mean entropy loss: 15.9816
2026-08-16 02:26:21:INFO:                             Mean reward: -3.61
2026-08-16 02:26:21:INFO:                     Mean episode length: 19.68
2026-08-16 02:26:21:INFO:                         Mean action std: 0.68
2026-08-16 02:26:21:INFO:       Episode_Reward/body_global_angvel: 0.0006
2026-08-16 02:26:21:INFO:                Episode_Reward/feet_slip: -0.0037
2026-08-16 02:26:21:INFO:            Episode_Reward/dof_pos_limit: -0.0049
2026-08-16 02:26:21:INFO:           Episode_Reward/body_local_pos: 0.0191
2026-08-16 02:26:21:INFO:        Metrics/motion/sampling_top1_bin: 0.5373
2026-08-16 02:26:21:INFO:       Episode_Reward/torso_world_angvel: 0.0070
2026-08-16 02:26:21:INFO:            Episode_Reward/dof_vel_limit: -0.0725
2026-08-16 02:26:21:INFO:         Episode_Reward/smoothness_joint: -0.0195
2026-08-16 02:26:21:INFO:       Metrics/motion/error_body_ang_vel: 8.7259
2026-08-16 02:26:21:INFO:         Episode_Termination/root_height: 14.6000
2026-08-16 02:26:21:INFO:           Metrics/motion/error_body_rot: 0.5732
2026-08-16 02:26:21:INFO:                 Episode_Reward/root_pos: 0.0039
2026-08-16 02:26:21:INFO:     Metrics/motion/error_anchor_lin_vel: 1.0851
2026-08-16 02:26:21:INFO:       Metrics/motion/error_body_lin_vel: 1.4536
2026-08-16 02:26:21:INFO:           Episode_Reward/penalty_torque: -0.0014
2026-08-16 02:26:21:INFO:       Metrics/motion/sampling_top1_prob: 0.0087
2026-08-16 02:26:21:INFO:         Metrics/motion/sampling_entropy: 0.9985
2026-08-16 02:26:21:INFO:    Episode_Reward/torso_height_tracking: 0.0071
2026-08-16 02:26:21:INFO:            Episode_Termination/time_out: 3.8000
2026-08-16 02:26:21:INFO:       Episode_Reward/joint_vel_tracking: 0.0004
2026-08-16 02:26:21:INFO:     Episode_Reward/feet_height_tracking: 0.0085
2026-08-16 02:26:21:INFO:     Metrics/motion/error_anchor_ang_vel: 3.8289
2026-08-16 02:26:21:INFO:          Metrics/motion/error_joint_vel: 32.4496
2026-08-16 02:26:21:INFO:       Episode_Reward/joint_pos_tracking: 0.0035
2026-08-16 02:26:21:INFO:              Episode_Reward/termination: -0.0406
2026-08-16 02:26:21:INFO:           Metrics/motion/error_body_pos: 2.1637
2026-08-16 02:26:21:INFO:           Episode_Reward/body_local_rot: 0.0067
2026-08-16 02:26:21:INFO:         Episode_Reward/root_orientation: 0.0059
2026-08-16 02:26:21:INFO:     Episode_Reward/residual_action_rate: -0.0134
2026-08-16 02:26:21:INFO: Episode_Reward/undesired_self_collision: -0.0024
2026-08-16 02:26:21:INFO:    Metrics/motion/sampling_uniform_mass: 0.2500
2026-08-16 02:26:21:INFO:       Episode_Reward/body_global_linvel: 0.0049
2026-08-16 02:26:21:INFO:         Metrics/motion/error_anchor_pos: 0.2060
2026-08-16 02:26:21:INFO:         Metrics/motion/error_anchor_rot: 0.4350
2026-08-16 02:26:21:INFO: Episode_Termination/torso_ground_contact_too_long: 0.0000
2026-08-16 02:26:21:INFO: Episode_Reward/undesired_ground_contact: -0.0001
2026-08-16 02:26:21:INFO:          Metrics/motion/error_joint_pos: 1.1565
2026-08-16 02:26:21:INFO:  Episode_Reward/torso_world_orientation: 0.0181
2026-08-16 02:26:21:INFO:       Episode_Termination/invalid_state: 0.0000
2026-08-16 02:26:21:INFO: --------------------------------------------------------------------------------
2026-08-16 02:26:21:INFO:                          Iteration time: 5.81s
2026-08-16 02:26:21:INFO:                            Time elapsed: 0:00:05
2026-08-16 02:26:21:INFO:                                     ETA: 16:07:43
2026-08-16 02:26:21:INFO: 
2026-08-16 02:26:24:INFO: ################################################################################
2026-08-16 02:26:24:INFO: [1m                           Learning iteration 1/10000                           [0m
2026-08-16 02:26:24:INFO: 
2026-08-16 02:26:24:INFO:                                Run name: teacher_8gpu_32768env_10000iters
2026-08-16 02:26:24:INFO:                             Total steps: 1310720
2026-08-16 02:26:24:INFO:                        Steps per second: 221992
2026-08-16 02:26:24:INFO:                         Collection time: 0.955s
2026-08-16 02:26:24:INFO:                           Learning time: 1.997s
2026-08-16 02:26:24:INFO:                         Mean value loss: 1.7447
2026-08-16 02:26:24:INFO:                     Mean surrogate loss: -0.0074
2026-08-16 02:26:24:INFO:                       Mean entropy loss: 15.8692
2026-08-16 02:26:24:INFO:                             Mean reward: -5.85
2026-08-16 02:26:24:INFO:                     Mean episode length: 37.18
2026-08-16 02:26:24:INFO:                         Mean action std: 0.67
2026-08-16 02:26:24:INFO:       Episode_Reward/body_global_angvel: 0.0014
2026-08-16 02:26:24:INFO:                Episode_Reward/feet_slip: -0.0125
2026-08-16 02:26:24:INFO:            Episode_Reward/dof_pos_limit: -0.0129
2026-08-16 02:26:24:INFO:           Episode_Reward/body_local_pos: 0.0522
2026-08-16 02:26:24:INFO:        Metrics/motion/sampling_top1_bin: 0.6792
2026-08-16 02:26:24:INFO:       Episode_Reward/torso_world_angvel: 0.0180
2026-08-16 02:26:24:INFO:            Episode_Reward/dof_vel_limit: -0.2110
2026-08-16 02:26:24:INFO:         Episode_Reward/smoothness_joint: -0.0560
2026-08-16 02:26:24:INFO:       Metrics/motion/error_body_ang_vel: 10.4212
2026-08-16 02:26:24:INFO:         Episode_Termination/root_height: 126.6000
2026-08-16 02:26:24:INFO:           Metrics/motion/error_body_rot: 1.1661
2026-08-16 02:26:24:INFO:                 Episode_Reward/root_pos: 0.0097
2026-08-16 02:26:24:INFO:     Metrics/motion/error_anchor_lin_vel: 1.9405
2026-08-16 02:26:24:INFO:       Metrics/motion/error_body_lin_vel: 2.2220
2026-08-16 02:26:24:INFO:           Episode_Reward/penalty_torque: -0.0043
2026-08-16 02:26:24:INFO:       Metrics/motion/sampling_top1_prob: 0.0115
2026-08-16 02:26:24:INFO:         Metrics/motion/sampling_entropy: 0.9925
2026-08-16 02:26:24:INFO:    Episode_Reward/torso_height_tracking: 0.0162
2026-08-16 02:26:24:INFO:            Episode_Termination/time_out: 2.8500
2026-08-16 02:26:24:INFO:       Episode_Reward/joint_vel_tracking: 0.0013
2026-08-16 02:26:24:INFO:     Episode_Reward/feet_height_tracking: 0.0239
2026-08-16 02:26:24:INFO:     Metrics/motion/error_anchor_ang_vel: 5.3726
2026-08-16 02:26:24:INFO:          Metrics/motion/error_joint_vel: 35.3020
2026-08-16 02:26:24:INFO:       Episode_Reward/joint_pos_tracking: 0.0092
2026-08-16 02:26:24:INFO:              Episode_Reward/termination: -0.0979
2026-08-16 02:26:24:INFO:           Metrics/motion/error_body_pos: 0.4172
2026-08-16 02:26:24:INFO:           Episode_Reward/body_local_rot: 0.0137
2026-08-16 02:26:24:INFO:         Episode_Reward/root_orientation: 0.0098
2026-08-16 02:26:24:INFO:     Episode_Reward/residual_action_rate: -0.0386
2026-08-16 02:26:24:INFO: Episode_Reward/undesired_self_collision: -0.0152
2026-08-16 02:26:24:INFO:    Metrics/motion/sampling_uniform_mass: 0.2500
2026-08-16 02:26:24:INFO:       Episode_Reward/body_global_linvel: 0.0129
2026-08-16 02:26:24:INFO:         Metrics/motion/error_anchor_pos: 0.4866
2026-08-16 02:26:24:INFO:         Metrics/motion/error_anchor_rot: 1.2429
2026-08-16 02:26:24:INFO: Episode_Termination/torso_ground_contact_too_long: 0.0000
2026-08-16 02:26:24:INFO: Episode_Reward/undesired_ground_contact: -0.0018
2026-08-16 02:26:24:INFO:          Metrics/motion/error_joint_pos: 1.4162
2026-08-16 02:26:24:INFO:  Episode_Reward/torso_world_orientation: 0.0296
2026-08-16 02:26:24:INFO:       Episode_Termination/invalid_state: 0.0000
2026-08-16 02:26:24:INFO: --------------------------------------------------------------------------------
2026-08-16 02:26:24:INFO:                          Iteration time: 2.95s
2026-08-16 02:26:24:INFO:                            Time elapsed: 0:00:08
2026-08-16 02:26:24:INFO:                                     ETA: 12:09:46
2026-08-16 02:26:24:INFO: 
2026-08-16 02:26:27:INFO: ################################################################################
2026-08-16 02:26:27:INFO: [1m                           Learning iteration 2/10000                           [0m
2026-08-16 02:26:27:INFO: 
2026-08-16 02:26:27:INFO:                                Run name: teacher_8gpu_32768env_10000iters
2026-08-16 02:26:27:INFO:                             Total steps: 1966080
2026-08-16 02:26:27:INFO:                        Steps per second: 223400
2026-08-16 02:26:27:INFO:                         Collection time: 0.957s
2026-08-16 02:26:27:INFO:                           Learning time: 1.977s
2026-08-16 02:26:27:INFO:                         Mean value loss: 1.1969
2026-08-16 02:26:27:INFO:                     Mean surrogate loss: -0.0087
2026-08-16 02:26:27:INFO:                       Mean entropy loss: 15.7628
2026-08-16 02:26:27:INFO:                             Mean reward: -5.55
2026-08-16 02:26:27:INFO:                     Mean episode length: 34.42
2026-08-16 02:26:27:INFO:                         Mean action std: 0.66
2026-08-16 02:26:27:INFO:       Episode_Reward/body_global_angvel: 0.0019
2026-08-16 02:26:27:INFO:                Episode_Reward/feet_slip: -0.0148
2026-08-16 02:26:27:INFO:            Episode_Reward/dof_pos_limit: -0.0166
2026-08-16 02:26:27:INFO:           Episode_Reward/body_local_pos: 0.0648
2026-08-16 02:26:27:INFO:        Metrics/motion/sampling_top1_bin: 0.6792
2026-08-16 02:26:27:INFO:       Episode_Reward/torso_world_angvel: 0.0224
2026-08-16 02:26:27:INFO:            Episode_Reward/dof_vel_limit: -0.2548
2026-08-16 02:26:27:INFO:         Episode_Reward/smoothness_joint: -0.0670
2026-08-16 02:26:27:INFO:       Metrics/motion/error_body_ang_vel: 10.4596
2026-08-16 02:26:27:INFO:         Episode_Termination/root_height: 104.1000
2026-08-16 02:26:27:INFO:           Metrics/motion/error_body_rot: 1.2362
2026-08-16 02:26:27:INFO:                 Episode_Reward/root_pos: 0.0114
2026-08-16 02:26:27:INFO:     Metrics/motion/error_anchor_lin_vel: 1.9774
2026-08-16 02:26:27:INFO:       Metrics/motion/error_body_lin_vel: 2.2717
2026-08-16 02:26:27:INFO:           Episode_Reward/penalty_torque: -0.0055
2026-08-16 02:26:27:INFO:       Metrics/motion/sampling_top1_prob: 0.0101
2026-08-16 02:26:27:INFO:         Metrics/motion/sampling_entropy: 0.9953
2026-08-16 02:26:27:INFO:    Episode_Reward/torso_height_tracking: 0.0209
2026-08-16 02:26:27:INFO:            Episode_Termination/time_out: 1.0000
2026-08-16 02:26:27:INFO:       Episode_Reward/joint_vel_tracking: 0.0017
2026-08-16 02:26:27:INFO:     Episode_Reward/feet_height_tracking: 0.0289
2026-08-16 02:26:27:INFO:     Metrics/motion/error_anchor_ang_vel: 5.4461
2026-08-16 02:26:27:INFO:          Metrics/motion/error_joint_vel: 35.1552
2026-08-16 02:26:27:INFO:       Episode_Reward/joint_pos_tracking: 0.0115
2026-08-16 02:26:27:INFO:              Episode_Reward/termination: -0.0992
2026-08-16 02:26:27:INFO:           Metrics/motion/error_body_pos: 0.4324
2026-08-16 02:26:27:INFO:           Episode_Reward/body_local_rot: 0.0168
2026-08-16 02:26:27:INFO:         Episode_Reward/root_orientation: 0.0113
2026-08-16 02:26:27:INFO:     Episode_Reward/residual_action_rate: -0.0480
2026-08-16 02:26:27:INFO: Episode_Reward/undesired_self_collision: -0.0234
2026-08-16 02:26:27:INFO:    Metrics/motion/sampling_uniform_mass: 0.2500
2026-08-16 02:26:27:INFO:       Episode_Reward/body_global_linvel: 0.0164
2026-08-16 02:26:27:INFO:         Metrics/motion/error_anchor_pos: 0.5375
2026-08-16 02:26:27:INFO:         Metrics/motion/error_anchor_rot: 1.4139
2026-08-16 02:26:27:INFO: Episode_Termination/torso_ground_contact_too_long: 0.0000
2026-08-16 02:26:27:INFO: Episode_Reward/undesired_ground_contact: -0.0046
2026-08-16 02:26:27:INFO:          Metrics/motion/error_joint_pos: 1.3898
2026-08-16 02:26:27:INFO:  Episode_Reward/torso_world_orientation: 0.0336
2026-08-16 02:26:27:INFO:       Episode_Termination/invalid_state: 0.0000
2026-08-16 02:26:27:INFO: --------------------------------------------------------------------------------
2026-08-16 02:26:27:INFO:                          Iteration time: 2.93s
2026-08-16 02:26:27:INFO:                            Time elapsed: 0:00:11
2026-08-16 02:26:27:INFO:                                     ETA: 10:49:23
2026-08-16 02:26:27:INFO: 
2026-08-16 02:26:30:INFO: ################################################################################
2026-08-16 02:26:30:INFO: [1m                           Learning iteration 3/10000                           [0m
2026-08-16 02:26:30:INFO: 
2026-08-16 02:26:30:INFO:                                Run name: teacher_8gpu_32768env_10000iters
2026-08-16 02:26:30:INFO:                             Total steps: 2621440
2026-08-16 02:26:30:INFO:                        Steps per second: 222181
2026-08-16 02:26:30:INFO:                         Collection time: 0.970s
2026-08-16 02:26:30:INFO:                           Learning time: 1.980s
2026-08-16 02:26:30:INFO:                         Mean value loss: 1.0197
2026-08-16 02:26:30:INFO:                     Mean surrogate loss: -0.0092
2026-08-16 02:26:30:INFO:                       Mean entropy loss: 15.6432
2026-08-16 02:26:30:INFO:                             Mean reward: -5.28
2026-08-16 02:26:30:INFO:                     Mean episode length: 37.42
2026-08-16 02:26:30:INFO:                         Mean action std: 0.66
2026-08-16 02:26:30:INFO:       Episode_Reward/body_global_angvel: 0.0019
2026-08-16 02:26:30:INFO:                Episode_Reward/feet_slip: -0.0146
2026-08-16 02:26:30:INFO:            Episode_Reward/dof_pos_limit: -0.0154
2026-08-16 02:26:30:INFO:           Episode_Reward/body_local_pos: 0.0625
2026-08-16 02:26:30:INFO:        Metrics/motion/sampling_top1_bin: 0.6792
2026-08-16 02:26:30:INFO:       Episode_Reward/torso_world_angvel: 0.0216
2026-08-16 02:26:30:INFO:            Episode_Reward/dof_vel_limit: -0.2342
2026-08-16 02:26:30:INFO:         Episode_Reward/smoothness_joint: -0.0637
2026-08-16 02:26:30:INFO:       Metrics/motion/error_body_ang_vel: 10.4264
2026-08-16 02:26:30:INFO:         Episode_Termination/root_height: 116.6500
2026-08-16 02:26:30:INFO:           Metrics/motion/error_body_rot: 1.2264
2026-08-16 02:26:30:INFO:                 Episode_Reward/root_pos: 0.0111
2026-08-16 02:26:30:INFO:     Metrics/motion/error_anchor_lin_vel: 1.9832
2026-08-16 02:26:30:INFO:       Metrics/motion/error_body_lin_vel: 2.2637
2026-08-16 02:26:30:INFO:           Episode_Reward/penalty_torque: -0.0052
2026-08-16 02:26:30:INFO:       Metrics/motion/sampling_top1_prob: 0.0104
2026-08-16 02:26:30:INFO:         Metrics/motion/sampling_entropy: 0.9956
2026-08-16 02:26:30:INFO:    Episode_Reward/torso_height_tracking: 0.0201
2026-08-16 02:26:30:INFO:            Episode_Termination/time_out: 0.0500
2026-08-16 02:26:30:INFO:       Episode_Reward/joint_vel_tracking: 0.0016
2026-08-16 02:26:30:INFO:     Episode_Reward/feet_height_tracking: 0.0281
2026-08-16 02:26:30:INFO:     Metrics/motion/error_anchor_ang_vel: 5.4519
2026-08-16 02:26:30:INFO:          Metrics/motion/error_joint_vel: 34.8662
2026-08-16 02:26:30:INFO:       Episode_Reward/joint_pos_tracking: 0.0111
2026-08-16 02:26:30:INFO:              Episode_Reward/termination: -0.1000
2026-08-16 02:26:30:INFO:           Metrics/motion/error_body_pos: 0.4293
2026-08-16 02:26:30:INFO:           Episode_Reward/body_local_rot: 0.0161
2026-08-16 02:26:30:INFO:         Episode_Reward/root_orientation: 0.0108
2026-08-16 02:26:30:INFO:     Episode_Reward/residual_action_rate: -0.0455
2026-08-16 02:26:30:INFO: Episode_Reward/undesired_self_collision: -0.0195
2026-08-16 02:26:30:INFO:    Metrics/motion/sampling_uniform_mass: 0.2500
2026-08-16 02:26:30:INFO:       Episode_Reward/body_global_linvel: 0.0158
2026-08-16 02:26:30:INFO:         Metrics/motion/error_anchor_pos: 0.5244
2026-08-16 02:26:30:INFO:         Metrics/motion/error_anchor_rot: 1.3749
2026-08-16 02:26:30:INFO: Episode_Termination/torso_ground_contact_too_long: 0.0000
2026-08-16 02:26:30:INFO: Episode_Reward/undesired_ground_contact: -0.0037
2026-08-16 02:26:30:INFO:          Metrics/motion/error_joint_pos: 1.3893
2026-08-16 02:26:30:INFO:  Episode_Reward/torso_world_orientation: 0.0327
2026-08-16 02:26:30:INFO:       Episode_Termination/invalid_state: 0.0000
2026-08-16 02:26:30:INFO: --------------------------------------------------------------------------------
2026-08-16 02:26:30:INFO:                          Iteration time: 2.95s
2026-08-16 02:26:30:INFO:                            Time elapsed: 0:00:14
2026-08-16 02:26:30:INFO:                                     ETA: 10:09:51
2026-08-16 02:26:30:INFO: 
2026-08-16 02:26:33:INFO: ################################################################################
2026-08-16 02:26:33:INFO: [1m                           Learning iteration 4/10000                           [0m
2026-08-16 02:26:33:INFO: 
2026-08-16 02:26:33:INFO:                                Run name: teacher_8gpu_32768env_10000iters
2026-08-16 02:26:33:INFO:                             Total steps: 3276800
2026-08-16 02:26:33:INFO:                        Steps per second: 219182
2026-08-16 02:26:33:INFO:                         Collection time: 0.947s
2026-08-16 02:26:33:INFO:                           Learning time: 2.043s
2026-08-16 02:26:33:INFO:                         Mean value loss: 0.7784
2026-08-16 02:26:33:INFO:                     Mean surrogate loss: -0.0098
2026-08-16 02:26:33:INFO:                       Mean entropy loss: 15.5233
2026-08-16 02:26:33:INFO:                             Mean reward: -4.99
2026-08-16 02:26:33:INFO:                     Mean episode length: 35.82
2026-08-16 02:26:33:INFO:                         Mean action std: 0.65
2026-08-16 02:26:33:INFO:       Episode_Reward/body_global_angvel: 0.0020
2026-08-16 02:26:33:INFO:                Episode_Reward/feet_slip: -0.0142
2026-08-16 02:26:33:INFO:            Episode_Reward/dof_pos_limit: -0.0153
2026-08-16 02:26:33:INFO:           Episode_Reward/body_local_pos: 0.0625
2026-08-16 02:26:33:INFO:        Metrics/motion/sampling_top1_bin: 0.6792
2026-08-16 02:26:33:INFO:       Episode_Reward/torso_world_angvel: 0.0218
2026-08-16 02:26:33:INFO:            Episode_Reward/dof_vel_limit: -0.2216
2026-08-16 02:26:33:INFO:         Episode_Reward/smoothness_joint: -0.0619
2026-08-16 02:26:33:INFO:       Metrics/motion/error_body_ang_vel: 10.3715
2026-08-16 02:26:33:INFO:         Episode_Termination/root_height: 110.0500
2026-08-16 02:26:33:INFO:           Metrics/motion/error_body_rot: 1.2152
2026-08-16 02:26:33:INFO:                 Episode_Reward/root_pos: 0.0111
2026-08-16 02:26:33:INFO:     Metrics/motion/error_anchor_lin_vel: 2.0021
2026-08-16 02:26:33:INFO:       Metrics/motion/error_body_lin_vel: 2.2767
2026-08-16 02:26:33:INFO:           Episode_Reward/penalty_torque: -0.0051
2026-08-16 02:26:33:INFO:       Metrics/motion/sampling_top1_prob: 0.0106
2026-08-16 02:26:33:INFO:         Metrics/motion/sampling_entropy: 0.9958
2026-08-16 02:26:33:INFO:    Episode_Reward/torso_height_tracking: 0.0201
2026-08-16 02:26:33:INFO:            Episode_Termination/time_out: 0.0000
2026-08-16 02:26:33:INFO:       Episode_Reward/joint_vel_tracking: 0.0017
2026-08-16 02:26:33:INFO:     Episode_Reward/feet_height_tracking: 0.0281
2026-08-16 02:26:33:INFO:     Metrics/motion/error_anchor_ang_vel: 5.4014
2026-08-16 02:26:33:INFO:          Metrics/motion/error_joint_vel: 34.6323
2026-08-16 02:26:33:INFO:       Episode_Reward/joint_pos_tracking: 0.0111
2026-08-16 02:26:33:INFO:              Episode_Reward/termination: -0.1000
2026-08-16 02:26:33:INFO:           Metrics/motion/error_body_pos: 0.4287
2026-08-16 02:26:33:INFO:           Episode_Reward/body_local_rot: 0.0163
2026-08-16 02:26:33:INFO:         Episode_Reward/root_orientation: 0.0110
2026-08-16 02:26:33:INFO:     Episode_Reward/residual_action_rate: -0.0448
2026-08-16 02:26:33:INFO: Episode_Reward/undesired_self_collision: -0.0183
2026-08-16 02:26:33:INFO:    Metrics/motion/sampling_uniform_mass: 0.2500
2026-08-16 02:26:33:INFO:       Episode_Reward/body_global_linvel: 0.0161
2026-08-16 02:26:33:INFO:         Metrics/motion/error_anchor_pos: 0.5248
2026-08-16 02:26:33:INFO:         Metrics/motion/error_anchor_rot: 1.3634
2026-08-16 02:26:33:INFO: Episode_Termination/torso_ground_contact_too_long: 0.0000
2026-08-16 02:26:33:INFO: Episode_Reward/undesired_ground_contact: -0.0040
2026-08-16 02:26:33:INFO:          Metrics/motion/error_joint_pos: 1.3827
2026-08-16 02:26:33:INFO:  Episode_Reward/torso_world_orientation: 0.0329
2026-08-16 02:26:33:INFO:       Episode_Termination/invalid_state: 0.0000
2026-08-16 02:26:33:INFO: --------------------------------------------------------------------------------
2026-08-16 02:26:33:INFO:                          Iteration time: 2.99s
2026-08-16 02:26:33:INFO:                            Time elapsed: 0:00:17
2026-08-16 02:26:33:INFO:                                     ETA: 9:47:27
2026-08-16 02:26:33:INFO: 
2026-08-16 02:26:36:INFO: ################################################################################
2026-08-16 02:26:36:INFO: [1m                           Learning iteration 5/10000                           [0m
2026-08-16 02:26:36:INFO: 
2026-08-16 02:26:36:INFO:                                Run name: teacher_8gpu_32768env_10000iters
2026-08-16 02:26:36:INFO:                             Total steps: 3932160
2026-08-16 02:26:36:INFO:                        Steps per second: 222122
2026-08-16 02:26:36:INFO:                         Collection time: 0.961s
2026-08-16 02:26:36:INFO:                           Learning time: 1.989s
2026-08-16 02:26:36:INFO:                         Mean value loss: 0.6183
2026-08-16 02:26:36:INFO:                     Mean surrogate loss: -0.0101
2026-08-16 02:26:36:INFO:                       Mean entropy loss: 15.3861
2026-08-16 02:26:36:INFO:                             Mean reward: -4.51
2026-08-16 02:26:36:INFO:                     Mean episode length: 36.50
2026-08-16 02:26:36:INFO:                         Mean action std: 0.64
2026-08-16 02:26:36:INFO:       Episode_Reward/body_global_angvel: 0.0021
2026-08-16 02:26:36:INFO:                Episode_Reward/feet_slip: -0.0141
2026-08-16 02:26:36:INFO:            Episode_Reward/dof_pos_limit: -0.0157
2026-08-16 02:26:36:INFO:           Episode_Reward/body_local_pos: 0.0639
2026-08-16 02:26:36:INFO:        Metrics/motion/sampling_top1_bin: 0.6792
2026-08-16 02:26:36:INFO:       Episode_Reward/torso_world_angvel: 0.0222
2026-08-16 02:26:36:INFO:            Episode_Reward/dof_vel_limit: -0.2124
2026-08-16 02:26:36:INFO:         Episode_Reward/smoothness_joint: -0.0614
2026-08-16 02:26:36:INFO:       Metrics/motion/error_body_ang_vel: 10.3303
2026-08-16 02:26:36:INFO:         Episode_Termination/root_height: 112.1000
2026-08-16 02:26:36:INFO:           Metrics/motion/error_body_rot: 1.2453
2026-08-16 02:26:36:INFO:                 Episode_Reward/root_pos: 0.0111
2026-08-16 02:26:36:INFO:     Metrics/motion/error_anchor_lin_vel: 1.9742
2026-08-16 02:26:36:INFO:       Metrics/motion/error_body_lin_vel: 2.2588
2026-08-16 02:26:36:INFO:           Episode_Reward/penalty_torque: -0.0052
2026-08-16 02:26:36:INFO:       Metrics/motion/sampling_top1_prob: 0.0099
2026-08-16 02:26:36:INFO:         Metrics/motion/sampling_entropy: 0.9959
2026-08-16 02:26:36:INFO:    Episode_Reward/torso_height_tracking: 0.0203
2026-08-16 02:26:36:INFO:            Episode_Termination/time_out: 0.0000
2026-08-16 02:26:36:INFO:       Episode_Reward/joint_vel_tracking: 0.0017
2026-08-16 02:26:36:INFO:     Episode_Reward/feet_height_tracking: 0.0284
2026-08-16 02:26:36:INFO:     Metrics/motion/error_anchor_ang_vel: 5.5115
2026-08-16 02:26:36:INFO:          Metrics/motion/error_joint_vel: 34.3435
2026-08-16 02:26:36:INFO:       Episode_Reward/joint_pos_tracking: 0.0113
2026-08-16 02:26:36:INFO:              Episode_Reward/termination: -0.1000
2026-08-16 02:26:36:INFO:           Metrics/motion/error_body_pos: 0.4349
2026-08-16 02:26:36:INFO:           Episode_Reward/body_local_rot: 0.0166
2026-08-16 02:26:36:INFO:         Episode_Reward/root_orientation: 0.0110
2026-08-16 02:26:36:INFO:     Episode_Reward/residual_action_rate: -0.0451
2026-08-16 02:26:36:INFO: Episode_Reward/undesired_self_collision: -0.0178
2026-08-16 02:26:36:INFO:    Metrics/motion/sampling_uniform_mass: 0.2500
2026-08-16 02:26:36:INFO:       Episode_Reward/body_global_linvel: 0.0164
2026-08-16 02:26:36:INFO:         Metrics/motion/error_anchor_pos: 0.5371
2026-08-16 02:26:36:INFO:         Metrics/motion/error_anchor_rot: 1.3846
2026-08-16 02:26:36:INFO: Episode_Termination/torso_ground_contact_too_long: 0.0000
2026-08-16 02:26:36:INFO: Episode_Reward/undesired_ground_contact: -0.0048
2026-08-16 02:26:36:INFO:          Metrics/motion/error_joint_pos: 1.3866
2026-08-16 02:26:36:INFO:  Episode_Reward/torso_world_orientation: 0.0332
2026-08-16 02:26:36:INFO:       Episode_Termination/invalid_state: 0.0000
2026-08-16 02:26:36:INFO: --------------------------------------------------------------------------------
2026-08-16 02:26:36:INFO:                          Iteration time: 2.95s
2026-08-16 02:26:36:INFO:                            Time elapsed: 0:00:20
2026-08-16 02:26:36:INFO:                                     ETA: 9:31:24
2026-08-16 02:26:36:INFO: 
2026-08-16 02:26:39:INFO: ################################################################################
2026-08-16 02:26:39:INFO: [1m                           Learning iteration 6/10000                           [0m
2026-08-16 02:26:39:INFO: 
2026-08-16 02:26:39:INFO:                                Run name: teacher_8gpu_32768env_10000iters
2026-08-16 02:26:39:INFO:                             Total steps: 4587520
2026-08-16 02:26:39:INFO:                        Steps per second: 223310
2026-08-16 02:26:39:INFO:                         Collection time: 0.952s
2026-08-16 02:26:39:INFO:                           Learning time: 1.983s
2026-08-16 02:26:39:INFO:                         Mean value loss: 0.4387
2026-08-16 02:26:39:INFO:                     Mean surrogate loss: -0.0115
2026-08-16 02:26:39:INFO:                       Mean entropy loss: 15.2364
2026-08-16 02:26:39:INFO:                             Mean reward: -4.00
2026-08-16 02:26:39:INFO:                     Mean episode length: 36.08
2026-08-16 02:26:39:INFO:                         Mean action std: 0.63
2026-08-16 02:26:39:INFO:       Episode_Reward/body_global_angvel: 0.0022
2026-08-16 02:26:39:INFO:                Episode_Reward/feet_slip: -0.0143
2026-08-16 02:26:39:INFO:            Episode_Reward/dof_pos_limit: -0.0153
2026-08-16 02:26:39:INFO:           Episode_Reward/body_local_pos: 0.0643
2026-08-16 02:26:39:INFO:        Metrics/motion/sampling_top1_bin: 0.6792
2026-08-16 02:26:39:INFO:       Episode_Reward/torso_world_angvel: 0.0225
2026-08-16 02:26:39:INFO:            Episode_Reward/dof_vel_limit: -0.2003
2026-08-16 02:26:39:INFO:         Episode_Reward/smoothness_joint: -0.0604
2026-08-16 02:26:39:INFO:       Metrics/motion/error_body_ang_vel: 10.2154
2026-08-16 02:26:39:INFO:         Episode_Termination/root_height: 108.9500
2026-08-16 02:26:39:INFO:           Metrics/motion/error_body_rot: 1.2339
2026-08-16 02:26:39:INFO:                 Episode_Reward/root_pos: 0.0112
2026-08-16 02:26:39:INFO:     Metrics/motion/error_anchor_lin_vel: 2.0114
2026-08-16 02:26:39:INFO:       Metrics/motion/error_body_lin_vel: 2.2721
2026-08-16 02:26:39:INFO:           Episode_Reward/penalty_torque: -0.0051
2026-08-16 02:26:39:INFO:       Metrics/motion/sampling_top1_prob: 0.0100
2026-08-16 02:26:39:INFO:         Metrics/motion/sampling_entropy: 0.9959
2026-08-16 02:26:39:INFO:    Episode_Reward/torso_height_tracking: 0.0205
2026-08-16 02:26:39:INFO:            Episode_Termination/time_out: 0.0000
2026-08-16 02:26:39:INFO:       Episode_Reward/joint_vel_tracking: 0.0018
2026-08-16 02:26:39:INFO:     Episode_Reward/feet_height_tracking: 0.0289
2026-08-16 02:26:39:INFO:     Metrics/motion/error_anchor_ang_vel: 5.4323
2026-08-16 02:26:39:INFO:          Metrics/motion/error_joint_vel: 34.0017
2026-08-16 02:26:39:INFO:       Episode_Reward/joint_pos_tracking: 0.0114
2026-08-16 02:26:39:INFO:              Episode_Reward/termination: -0.1000
2026-08-16 02:26:39:INFO:           Metrics/motion/error_body_pos: 0.4339
2026-08-16 02:26:39:INFO:           Episode_Reward/body_local_rot: 0.0168
2026-08-16 02:26:39:INFO:         Episode_Reward/root_orientation: 0.0111
2026-08-16 02:26:39:INFO:     Episode_Reward/residual_action_rate: -0.0447
2026-08-16 02:26:39:INFO: Episode_Reward/undesired_self_collision: -0.0176
2026-08-16 02:26:39:INFO:    Metrics/motion/sampling_uniform_mass: 0.2500
2026-08-16 02:26:39:INFO:       Episode_Reward/body_global_linvel: 0.0166
2026-08-16 02:26:39:INFO:         Metrics/motion/error_anchor_pos: 0.5377
2026-08-16 02:26:39:INFO:         Metrics/motion/error_anchor_rot: 1.3805
2026-08-16 02:26:39:INFO: Episode_Termination/torso_ground_contact_too_long: 0.0000
2026-08-16 02:26:39:INFO: Episode_Reward/undesired_ground_contact: -0.0040
2026-08-16 02:26:39:INFO:          Metrics/motion/error_joint_pos: 1.3836
2026-08-16 02:26:39:INFO:  Episode_Reward/torso_world_orientation: 0.0331
2026-08-16 02:26:39:INFO:       Episode_Termination/invalid_state: 0.0000
2026-08-16 02:26:39:INFO: --------------------------------------------------------------------------------
2026-08-16 02:26:39:INFO:                          Iteration time: 2.93s
2026-08-16 02:26:39:INFO:                            Time elapsed: 0:00:23
2026-08-16 02:26:39:INFO:                                     ETA: 9:19:32
2026-08-16 02:26:39:INFO: 
2026-08-16 02:26:42:INFO: ################################################################################
2026-08-16 02:26:42:INFO: [1m                           Learning iteration 7/10000                           [0m
2026-08-16 02:26:42:INFO: 
2026-08-16 02:26:42:INFO:                                Run name: teacher_8gpu_32768env_10000iters
2026-08-16 02:26:42:INFO:                             Total steps: 5242880
2026-08-16 02:26:42:INFO:                        Steps per second: 222307
2026-08-16 02:26:42:INFO:                         Collection time: 0.966s
2026-08-16 02:26:42:INFO:                           Learning time: 1.982s
2026-08-16 02:26:42:INFO:                         Mean value loss: 0.3188
2026-08-16 02:26:42:INFO:                     Mean surrogate loss: -0.0126
2026-08-16 02:26:42:INFO:                       Mean entropy loss: 15.0736
2026-08-16 02:26:42:INFO:                             Mean reward: -4.09
2026-08-16 02:26:42:INFO:                     Mean episode length: 36.17
2026-08-16 02:26:42:INFO:                         Mean action std: 0.62
2026-08-16 02:26:42:INFO:       Episode_Reward/body_global_angvel: 0.0024
2026-08-16 02:26:42:INFO:                Episode_Reward/feet_slip: -0.0142
2026-08-16 02:26:42:INFO:            Episode_Reward/dof_pos_limit: -0.0152
2026-08-16 02:26:42:INFO:           Episode_Reward/body_local_pos: 0.0651
2026-08-16 02:26:42:INFO:        Metrics/motion/sampling_top1_bin: 0.6792
2026-08-16 02:26:42:INFO:       Episode_Reward/torso_world_angvel: 0.0230
2026-08-16 02:26:42:INFO:            Episode_Reward/dof_vel_limit: -0.1868
2026-08-16 02:26:42:INFO:         Episode_Reward/smoothness_joint: -0.0590
2026-08-16 02:26:42:INFO:       Metrics/motion/error_body_ang_vel: 10.1024
2026-08-16 02:26:42:INFO:         Episode_Termination/root_height: 110.7000
2026-08-16 02:26:42:INFO:           Metrics/motion/error_body_rot: 1.2177
2026-08-16 02:26:42:INFO:                 Episode_Reward/root_pos: 0.0113
2026-08-16 02:26:42:INFO:     Metrics/motion/error_anchor_lin_vel: 2.0114
2026-08-16 02:26:42:INFO:       Metrics/motion/error_body_lin_vel: 2.2598
2026-08-16 02:26:42:INFO:           Episode_Reward/penalty_torque: -0.0051
2026-08-16 02:26:42:INFO:       Metrics/motion/sampling_top1_prob: 0.0108
2026-08-16 02:26:42:INFO:         Metrics/motion/sampling_entropy: 0.9959
2026-08-16 02:26:42:INFO:    Episode_Reward/torso_height_tracking: 0.0208
2026-08-16 02:26:42:INFO:            Episode_Termination/time_out: 0.0000
2026-08-16 02:26:42:INFO:       Episode_Reward/joint_vel_tracking: 0.0019
2026-08-16 02:26:42:INFO:     Episode_Reward/feet_height_tracking: 0.0293
2026-08-16 02:26:42:INFO:     Metrics/motion/error_anchor_ang_vel: 5.3514
2026-08-16 02:26:42:INFO:          Metrics/motion/error_joint_vel: 33.7625
2026-08-16 02:26:42:INFO:       Episode_Reward/joint_pos_tracking: 0.0115
2026-08-16 02:26:42:INFO:              Episode_Reward/termination: -0.1000
2026-08-16 02:26:42:INFO:           Metrics/motion/error_body_pos: 0.4311
2026-08-16 02:26:42:INFO:           Episode_Reward/body_local_rot: 0.0174
2026-08-16 02:26:42:INFO:         Episode_Reward/root_orientation: 0.0113
2026-08-16 02:26:42:INFO:     Episode_Reward/residual_action_rate: -0.0443
2026-08-16 02:26:42:INFO: Episode_Reward/undesired_self_collision: -0.0171
2026-08-16 02:26:42:INFO:    Metrics/motion/sampling_uniform_mass: 0.2500
2026-08-16 02:26:42:INFO:       Episode_Reward/body_global_linvel: 0.0171
2026-08-16 02:26:42:INFO:         Metrics/motion/error_anchor_pos: 0.5389
2026-08-16 02:26:42:INFO:         Metrics/motion/error_anchor_rot: 1.3687
2026-08-16 02:26:42:INFO: Episode_Termination/torso_ground_contact_too_long: 0.0000
2026-08-16 02:26:42:INFO: Episode_Reward/undesired_ground_contact: -0.0044
2026-08-16 02:26:42:INFO:          Metrics/motion/error_joint_pos: 1.3711
2026-08-16 02:26:42:INFO:  Episode_Reward/torso_world_orientation: 0.0341
2026-08-16 02:26:42:INFO:       Episode_Termination/invalid_state: 0.0000
2026-08-16 02:26:42:INFO: --------------------------------------------------------------------------------
2026-08-16 02:26:42:INFO:                          Iteration time: 2.95s
2026-08-16 02:26:42:INFO:                            Time elapsed: 0:00:26
2026-08-16 02:26:42:INFO:                                     ETA: 9:10:55
2026-08-16 02:26:42:INFO: 
2026-08-16 02:26:45:INFO: ################################################################################
2026-08-16 02:26:45:INFO: [1m                           Learning iteration 8/10000                           [0m
2026-08-16 02:26:45:INFO: 
2026-08-16 02:26:45:INFO:                                Run name: teacher_8gpu_32768env_10000iters
2026-08-16 02:26:45:INFO:                             Total steps: 5898240
2026-08-16 02:26:45:INFO:                        Steps per second: 222686
2026-08-16 02:26:45:INFO:                         Collection time: 0.962s
2026-08-16 02:26:45:INFO:                           Learning time: 1.980s
2026-08-16 02:26:45:INFO:                         Mean value loss: 0.2370
2026-08-16 02:26:45:INFO:                     Mean surrogate loss: -0.0143
2026-08-16 02:26:45:INFO:                       Mean entropy loss: 14.8972
2026-08-16 02:26:45:INFO:                             Mean reward: -3.25
2026-08-16 02:26:45:INFO:                     Mean episode length: 37.97
2026-08-16 02:26:45:INFO:                         Mean action std: 0.62
2026-08-16 02:26:45:INFO:       Episode_Reward/body_global_angvel: 0.0025
2026-08-16 02:26:45:INFO:                Episode_Reward/feet_slip: -0.0141
2026-08-16 02:26:45:INFO:            Episode_Reward/dof_pos_limit: -0.0148
2026-08-16 02:26:45:INFO:           Episode_Reward/body_local_pos: 0.0650
2026-08-16 02:26:45:INFO:        Metrics/motion/sampling_top1_bin: 0.6792
2026-08-16 02:26:45:INFO:       Episode_Reward/torso_world_angvel: 0.0232
2026-08-16 02:26:45:INFO:            Episode_Reward/dof_vel_limit: -0.1724
2026-08-16 02:26:45:INFO:         Episode_Reward/smoothness_joint: -0.0575
2026-08-16 02:26:45:INFO:       Metrics/motion/error_body_ang_vel: 10.0772
2026-08-16 02:26:45:INFO:         Episode_Termination/root_height: 106.8500
2026-08-16 02:26:45:INFO:           Metrics/motion/error_body_rot: 1.2102
2026-08-16 02:26:45:INFO:                 Episode_Reward/root_pos: 0.0114
2026-08-16 02:26:45:INFO:     Metrics/motion/error_anchor_lin_vel: 2.0262
2026-08-16 02:26:45:INFO:       Metrics/motion/error_body_lin_vel: 2.2724
2026-08-16 02:26:45:INFO:           Episode_Reward/penalty_torque: -0.0050
2026-08-16 02:26:45:INFO:       Metrics/motion/sampling_top1_prob: 0.0109
2026-08-16 02:26:45:INFO:         Metrics/motion/sampling_entropy: 0.9958
2026-08-16 02:26:45:INFO:    Episode_Reward/torso_height_tracking: 0.0209
2026-08-16 02:26:45:INFO:            Episode_Termination/time_out: 0.0000
2026-08-16 02:26:45:INFO:       Episode_Reward/joint_vel_tracking: 0.0019
2026-08-16 02:26:45:INFO:     Episode_Reward/feet_height_tracking: 0.0295
2026-08-16 02:26:45:INFO:     Metrics/motion/error_anchor_ang_vel: 5.3383
2026-08-16 02:26:45:INFO:          Metrics/motion/error_joint_vel: 33.2671
2026-08-16 02:26:45:INFO:       Episode_Reward/joint_pos_tracking: 0.0115
2026-08-16 02:26:45:INFO:              Episode_Reward/termination: -0.1000
2026-08-16 02:26:45:INFO:           Metrics/motion/error_body_pos: 0.4294
2026-08-16 02:26:45:INFO:           Episode_Reward/body_local_rot: 0.0174
2026-08-16 02:26:45:INFO:         Episode_Reward/root_orientation: 0.0115
2026-08-16 02:26:45:INFO:     Episode_Reward/residual_action_rate: -0.0436
2026-08-16 02:26:45:INFO: Episode_Reward/undesired_self_collision: -0.0153
2026-08-16 02:26:45:INFO:    Metrics/motion/sampling_uniform_mass: 0.2500
2026-08-16 02:26:45:INFO:       Episode_Reward/body_global_linvel: 0.0173
2026-08-16 02:26:45:INFO:         Metrics/motion/error_anchor_pos: 0.5397
2026-08-16 02:26:45:INFO:         Metrics/motion/error_anchor_rot: 1.3491
2026-08-16 02:26:45:INFO: Episode_Termination/torso_ground_contact_too_long: 0.0000
2026-08-16 02:26:45:INFO: Episode_Reward/undesired_ground_contact: -0.0030
2026-08-16 02:26:45:INFO:          Metrics/motion/error_joint_pos: 1.3602
2026-08-16 02:26:45:INFO:  Episode_Reward/torso_world_orientation: 0.0344
2026-08-16 02:26:45:INFO:       Episode_Termination/invalid_state: 0.0000
2026-08-16 02:26:45:INFO: --------------------------------------------------------------------------------
2026-08-16 02:26:45:INFO:                          Iteration time: 2.94s
2026-08-16 02:26:45:INFO:                            Time elapsed: 0:00:29
2026-08-16 02:26:45:INFO:                                     ETA: 9:04:06
2026-08-16 02:26:45:INFO: 
2026-08-16 02:26:49:INFO: ################################################################################
2026-08-16 02:26:49:INFO: [1m                           Learning iteration 9/10000                           [0m
2026-08-16 02:26:49:INFO: 
2026-08-16 02:26:49:INFO:                                Run name: teacher_8gpu_32768env_10000iters
2026-08-16 02:26:49:INFO:                             Total steps: 6553600
2026-08-16 02:26:49:INFO:                        Steps per second: 208823
2026-08-16 02:26:49:INFO:                         Collection time: 0.955s
2026-08-16 02:26:49:INFO:                           Learning time: 2.184s
2026-08-16 02:26:49:INFO:                         Mean value loss: 0.2006
2026-08-16 02:26:49:INFO:                     Mean surrogate loss: -0.0151
2026-08-16 02:26:49:INFO:                       Mean entropy loss: 14.7077
2026-08-16 02:26:49:INFO:                             Mean reward: -3.08
2026-08-16 02:26:49:INFO:                     Mean episode length: 36.76
2026-08-16 02:26:49:INFO:                         Mean action std: 0.61
2026-08-16 02:26:49:INFO:       Episode_Reward/body_global_angvel: 0.0027
2026-08-16 02:26:49:INFO:                Episode_Reward/feet_slip: -0.0140
2026-08-16 02:26:49:INFO:            Episode_Reward/dof_pos_limit: -0.0149
2026-08-16 02:26:49:INFO:           Episode_Reward/body_local_pos: 0.0660
2026-08-16 02:26:49:INFO:        Metrics/motion/sampling_top1_bin: 0.6792
2026-08-16 02:26:49:INFO:       Episode_Reward/torso_world_angvel: 0.0237
2026-08-16 02:26:49:INFO:            Episode_Reward/dof_vel_limit: -0.1620
2026-08-16 02:26:49:INFO:         Episode_Reward/smoothness_joint: -0.0569
2026-08-16 02:26:49:INFO:       Metrics/motion/error_body_ang_vel: 9.9607
2026-08-16 02:26:49:INFO:         Episode_Termination/root_height: 110.2500
2026-08-16 02:26:49:INFO:           Metrics/motion/error_body_rot: 1.2303
2026-08-16 02:26:49:INFO:                 Episode_Reward/root_pos: 0.0115
2026-08-16 02:26:49:INFO:     Metrics/motion/error_anchor_lin_vel: 2.0149
2026-08-16 02:26:49:INFO:       Metrics/motion/error_body_lin_vel: 2.2536
2026-08-16 02:26:49:INFO:           Episode_Reward/penalty_torque: -0.0050
2026-08-16 02:26:49:INFO:       Metrics/motion/sampling_top1_prob: 0.0107
2026-08-16 02:26:49:INFO:         Metrics/motion/sampling_entropy: 0.9959
2026-08-16 02:26:49:INFO:    Episode_Reward/torso_height_tracking: 0.0210
2026-08-16 02:26:49:INFO:            Episode_Termination/time_out: 0.0000
2026-08-16 02:26:49:INFO:       Episode_Reward/joint_vel_tracking: 0.0020
2026-08-16 02:26:49:INFO:     Episode_Reward/feet_height_tracking: 0.0298
2026-08-16 02:26:49:INFO:     Metrics/motion/error_anchor_ang_vel: 5.3138
2026-08-16 02:26:49:INFO:          Metrics/motion/error_joint_vel: 32.7103
2026-08-16 02:26:49:INFO:       Episode_Reward/joint_pos_tracking: 0.0117
2026-08-16 02:26:49:INFO:              Episode_Reward/termination: -0.1000
2026-08-16 02:26:49:INFO:           Metrics/motion/error_body_pos: 0.4326
2026-08-16 02:26:49:INFO:           Episode_Reward/body_local_rot: 0.0179
2026-08-16 02:26:49:INFO:         Episode_Reward/root_orientation: 0.0117
2026-08-16 02:26:49:INFO:     Episode_Reward/residual_action_rate: -0.0434
2026-08-16 02:26:49:INFO: Episode_Reward/undesired_self_collision: -0.0145
2026-08-16 02:26:49:INFO:    Metrics/motion/sampling_uniform_mass: 0.2500
2026-08-16 02:26:49:INFO:       Episode_Reward/body_global_linvel: 0.0177
2026-08-16 02:26:49:INFO:         Metrics/motion/error_anchor_pos: 0.5423
2026-08-16 02:26:49:INFO:         Metrics/motion/error_anchor_rot: 1.3616
2026-08-16 02:26:49:INFO: Episode_Termination/torso_ground_contact_too_long: 0.0000
2026-08-16 02:26:49:INFO: Episode_Reward/undesired_ground_contact: -0.0038
2026-08-16 02:26:49:INFO:          Metrics/motion/error_joint_pos: 1.3618
2026-08-16 02:26:49:INFO:  Episode_Reward/torso_world_orientation: 0.0350
2026-08-16 02:26:49:INFO:       Episode_Termination/invalid_state: 0.0000
2026-08-16 02:26:49:INFO: --------------------------------------------------------------------------------
2026-08-16 02:26:49:INFO:                          Iteration time: 3.14s
2026-08-16 02:26:49:INFO:                            Time elapsed: 0:00:32
2026-08-16 02:26:49:INFO:                                     ETA: 9:01:54
2026-08-16 02:26:49:INFO: 
2026-08-16 02:26:52:INFO: ################################################################################
2026-08-16 02:26:52:INFO: [1m                          Learning iteration 10/10000                           [0m
2026-08-16 02:26:52:INFO: 
2026-08-16 02:26:52:INFO:                                Run name: teacher_8gpu_32768env_10000iters
2026-08-16 02:26:52:INFO:                             Total steps: 7208960
2026-08-16 02:26:52:INFO:                        Steps per second: 222957
2026-08-16 02:26:52:INFO:                         Collection time: 0.948s
2026-08-16 02:26:52:INFO:                           Learning time: 1.991s
2026-08-16 02:26:52:INFO:                         Mean value loss: 0.1732
2026-08-16 02:26:52:INFO:                     Mean surrogate loss: -0.0154
2026-08-16 02:26:52:INFO:                       Mean entropy loss: 14.5041
2026-08-16 02:26:52:INFO:                             Mean reward: -2.40
2026-08-16 02:26:52:INFO:                     Mean episode length: 36.26
2026-08-16 02:26:52:INFO:                         Mean action std: 0.60
2026-08-16 02:26:52:INFO:       Episode_Reward/body_global_angvel: 0.0029
2026-08-16 02:26:52:INFO:                Episode_Reward/feet_slip: -0.0138
2026-08-16 02:26:52:INFO:            Episode_Reward/dof_pos_limit: -0.0146
2026-08-16 02:26:52:INFO:           Episode_Reward/body_local_pos: 0.0668
2026-08-16 02:26:52:INFO:        Metrics/motion/sampling_top1_bin: 0.6792
2026-08-16 02:26:52:INFO:       Episode_Reward/torso_world_angvel: 0.0239
2026-08-16 02:26:52:INFO:            Episode_Reward/dof_vel_limit: -0.1496
2026-08-16 02:26:52:INFO:         Episode_Reward/smoothness_joint: -0.0557
2026-08-16 02:26:52:INFO:       Metrics/motion/error_body_ang_vel: 9.8805
2026-08-16 02:26:52:INFO:         Episode_Termination/root_height: 106.1500
2026-08-16 02:26:52:INFO:           Metrics/motion/error_body_rot: 1.2343
2026-08-16 02:26:52:INFO:                 Episode_Reward/root_pos: 0.0116
2026-08-16 02:26:52:INFO:     Metrics/motion/error_anchor_lin_vel: 2.0189
2026-08-16 02:26:52:INFO:       Metrics/motion/error_body_lin_vel: 2.2557
2026-08-16 02:26:52:INFO:           Episode_Reward/penalty_torque: -0.0049
2026-08-16 02:26:52:INFO:       Metrics/motion/sampling_top1_prob: 0.0105
2026-08-16 02:26:52:INFO:         Metrics/motion/sampling_entropy: 0.9959
2026-08-16 02:26:52:INFO:    Episode_Reward/torso_height_tracking: 0.0215
2026-08-16 02:26:52:INFO:            Episode_Termination/time_out: 0.0000
2026-08-16 02:26:52:INFO:       Episode_Reward/joint_vel_tracking: 0.0021
2026-08-16 02:26:52:INFO:     Episode_Reward/feet_height_tracking: 0.0301
2026-08-16 02:26:52:INFO:     Metrics/motion/error_anchor_ang_vel: 5.2893
2026-08-16 02:26:52:INFO:          Metrics/motion/error_joint_vel: 32.2465
2026-08-16 02:26:52:INFO:       Episode_Reward/joint_pos_tracking: 0.0118
2026-08-16 02:26:52:INFO:              Episode_Reward/termination: -0.1000
2026-08-16 02:26:52:INFO:           Metrics/motion/error_body_pos: 0.4339
2026-08-16 02:26:52:INFO:           Episode_Reward/body_local_rot: 0.0183
2026-08-16 02:26:52:INFO:         Episode_Reward/root_orientation: 0.0117
2026-08-16 02:26:52:INFO:     Episode_Reward/residual_action_rate: -0.0429
2026-08-16 02:26:52:INFO: Episode_Reward/undesired_self_collision: -0.0140
2026-08-16 02:26:52:INFO:    Metrics/motion/sampling_uniform_mass: 0.2500
2026-08-16 02:26:52:INFO:       Episode_Reward/body_global_linvel: 0.0179
2026-08-16 02:26:52:INFO:         Metrics/motion/error_anchor_pos: 0.5422
2026-08-16 02:26:52:INFO:         Metrics/motion/error_anchor_rot: 1.3642
2026-08-16 02:26:52:INFO: Episode_Termination/torso_ground_contact_too_long: 0.0000
2026-08-16 02:26:52:INFO: Episode_Reward/undesired_ground_contact: -0.0040
2026-08-16 02:26:52:INFO:          Metrics/motion/error_joint_pos: 1.3575
2026-08-16 02:26:52:INFO:  Episode_Reward/torso_world_orientation: 0.0355
2026-08-16 02:26:52:INFO:       Episode_Termination/invalid_state: 0.0000
2026-08-16 02:26:52:INFO: --------------------------------------------------------------------------------
2026-08-16 02:26:52:INFO:                          Iteration time: 2.94s
2026-08-16 02:26:52:INFO:                            Time elapsed: 0:00:35
2026-08-16 02:26:52:INFO:                                     ETA: 8:57:04
2026-08-16 02:26:52:INFO: 
2026-08-16 02:26:55:INFO: ################################################################################
2026-08-16 02:26:55:INFO: [1m                          Learning iteration 11/10000                           [0m
2026-08-16 02:26:55:INFO: 
2026-08-16 02:26:55:INFO:                                Run name: teacher_8gpu_32768env_10000iters
2026-08-16 02:26:55:INFO:                             Total steps: 7864320
2026-08-16 02:26:55:INFO:                        Steps per second: 223335
2026-08-16 02:26:55:INFO:                         Collection time: 0.958s
2026-08-16 02:26:55:INFO:                           Learning time: 1.976s
2026-08-16 02:26:55:INFO:                         Mean value loss: 0.1547
2026-08-16 02:26:55:INFO:                     Mean surrogate loss: -0.0153
2026-08-16 02:26:55:INFO:                       Mean entropy loss: 14.3154
2026-08-16 02:26:55:INFO:                             Mean reward: -2.23
2026-08-16 02:26:55:INFO:                     Mean episode length: 36.13
2026-08-16 02:26:55:INFO:                         Mean action std: 0.59
2026-08-16 02:26:55:INFO:       Episode_Reward/body_global_angvel: 0.0031
2026-08-16 02:26:55:INFO:                Episode_Reward/feet_slip: -0.0136
2026-08-16 02:26:55:INFO:            Episode_Reward/dof_pos_limit: -0.0143
2026-08-16 02:26:55:INFO:           Episode_Reward/body_local_pos: 0.0667
2026-08-16 02:26:55:INFO:        Metrics/motion/sampling_top1_bin: 0.6792
2026-08-16 02:26:55:INFO:       Episode_Reward/torso_world_angvel: 0.0241
2026-08-16 02:26:55:INFO:            Episode_Reward/dof_vel_limit: -0.1360
2026-08-16 02:26:55:INFO:         Episode_Reward/smoothness_joint: -0.0536
2026-08-16 02:26:55:INFO:       Metrics/motion/error_body_ang_vel: 9.7071
2026-08-16 02:26:55:INFO:         Episode_Termination/root_height: 108.1500
2026-08-16 02:26:55:INFO:           Metrics/motion/error_body_rot: 1.2300
2026-08-16 02:26:55:INFO:                 Episode_Reward/root_pos: 0.0116
2026-08-16 02:26:55:INFO:     Metrics/motion/error_anchor_lin_vel: 2.0395
2026-08-16 02:26:55:INFO:       Metrics/motion/error_body_lin_vel: 2.2611
2026-08-16 02:26:55:INFO:           Episode_Reward/penalty_torque: -0.0048
2026-08-16 02:26:55:INFO:       Metrics/motion/sampling_top1_prob: 0.0106
2026-08-16 02:26:55:INFO:         Metrics/motion/sampling_entropy: 0.9958
2026-08-16 02:26:55:INFO:    Episode_Reward/torso_height_tracking: 0.0215
2026-08-16 02:26:55:INFO:            Episode_Termination/time_out: 0.0000
2026-08-16 02:26:55:INFO:       Episode_Reward/joint_vel_tracking: 0.0021
2026-08-16 02:26:55:INFO:     Episode_Reward/feet_height_tracking: 0.0300
2026-08-16 02:26:55:INFO:     Metrics/motion/error_anchor_ang_vel: 5.2985
2026-08-16 02:26:55:INFO:          Metrics/motion/error_joint_vel: 31.6217
2026-08-16 02:26:55:INFO:       Episode_Reward/joint_pos_tracking: 0.0118
2026-08-16 02:26:55:INFO:              Episode_Reward/termination: -0.1000
2026-08-16 02:26:55:INFO:           Metrics/motion/error_body_pos: 0.4329
2026-08-16 02:26:55:INFO:           Episode_Reward/body_local_rot: 0.0184
2026-08-16 02:26:55:INFO:         Episode_Reward/root_orientation: 0.0121
2026-08-16 02:26:55:INFO:     Episode_Reward/residual_action_rate: -0.0422
2026-08-16 02:26:55:INFO: Episode_Reward/undesired_self_collision: -0.0124
2026-08-16 02:26:55:INFO:    Metrics/motion/sampling_uniform_mass: 0.2500
2026-08-16 02:26:55:INFO:       Episode_Reward/body_global_linvel: 0.0180
2026-08-16 02:26:55:INFO:         Metrics/motion/error_anchor_pos: 0.5492
2026-08-16 02:26:55:INFO:         Metrics/motion/error_anchor_rot: 1.3544
2026-08-16 02:26:55:INFO: Episode_Termination/torso_ground_contact_too_long: 0.0000
2026-08-16 02:26:55:INFO: Episode_Reward/undesired_ground_contact: -0.0032
2026-08-16 02:26:55:INFO:          Metrics/motion/error_joint_pos: 1.3582
2026-08-16 02:26:55:INFO:  Episode_Reward/torso_world_orientation: 0.0359
2026-08-16 02:26:55:INFO:       Episode_Termination/invalid_state: 0.0000
2026-08-16 02:26:55:INFO: --------------------------------------------------------------------------------
2026-08-16 02:26:55:INFO:                          Iteration time: 2.93s
2026-08-16 02:26:55:INFO:                            Time elapsed: 0:00:38
2026-08-16 02:26:55:INFO:                                     ETA: 8:52:58
2026-08-16 02:26:55:INFO: 
2026-08-16 02:26:58:INFO: ################################################################################
2026-08-16 02:26:58:INFO: [1m                          Learning iteration 12/10000                           [0m
2026-08-16 02:26:58:INFO: 
2026-08-16 02:26:58:INFO:                                Run name: teacher_8gpu_32768env_10000iters
2026-08-16 02:26:58:INFO:                             Total steps: 8519680
2026-08-16 02:26:58:INFO:                        Steps per second: 223795
2026-08-16 02:26:58:INFO:                         Collection time: 0.958s
2026-08-16 02:26:58:INFO:                           Learning time: 1.970s
2026-08-16 02:26:58:INFO:                         Mean value loss: 0.1435
2026-08-16 02:26:58:INFO:                     Mean surrogate loss: -0.0155
2026-08-16 02:26:58:INFO:                       Mean entropy loss: 14.1060
2026-08-16 02:26:58:INFO:                             Mean reward: -2.42
2026-08-16 02:26:58:INFO:                     Mean episode length: 39.19
2026-08-16 02:26:58:INFO:                         Mean action std: 0.58
2026-08-16 02:26:58:INFO:       Episode_Reward/body_global_angvel: 0.0033
2026-08-16 02:26:58:INFO:                Episode_Reward/feet_slip: -0.0132
2026-08-16 02:26:58:INFO:            Episode_Reward/dof_pos_limit: -0.0138
2026-08-16 02:26:58:INFO:           Episode_Reward/body_local_pos: 0.0668
2026-08-16 02:26:58:INFO:        Metrics/motion/sampling_top1_bin: 0.6792
2026-08-16 02:26:58:INFO:       Episode_Reward/torso_world_angvel: 0.0242
2026-08-16 02:26:58:INFO:            Episode_Reward/dof_vel_limit: -0.1254
2026-08-16 02:26:58:INFO:         Episode_Reward/smoothness_joint: -0.0523
2026-08-16 02:26:58:INFO:       Metrics/motion/error_body_ang_vel: 9.6241
2026-08-16 02:26:58:INFO:         Episode_Termination/root_height: 106.0000
2026-08-16 02:26:58:INFO:           Metrics/motion/error_body_rot: 1.2176
2026-08-16 02:26:58:INFO:                 Episode_Reward/root_pos: 0.0115
2026-08-16 02:26:58:INFO:     Metrics/motion/error_anchor_lin_vel: 2.0245
2026-08-16 02:26:58:INFO:       Metrics/motion/error_body_lin_vel: 2.2439
2026-08-16 02:26:58:INFO:           Episode_Reward/penalty_torque: -0.0047
2026-08-16 02:26:58:INFO:       Metrics/motion/sampling_top1_prob: 0.0106
2026-08-16 02:26:58:INFO:         Metrics/motion/sampling_entropy: 0.9958
2026-08-16 02:26:58:INFO:    Episode_Reward/torso_height_tracking: 0.0214
2026-08-16 02:26:58:INFO:            Episode_Termination/time_out: 0.0000
2026-08-16 02:26:58:INFO:       Episode_Reward/joint_vel_tracking: 0.0022
2026-08-16 02:26:58:INFO:     Episode_Reward/feet_height_tracking: 0.0300
2026-08-16 02:26:58:INFO:     Metrics/motion/error_anchor_ang_vel: 5.2024
2026-08-16 02:26:58:INFO:          Metrics/motion/error_joint_vel: 31.1882
2026-08-16 02:26:58:INFO:       Episode_Reward/joint_pos_tracking: 0.0118
2026-08-16 02:26:58:INFO:              Episode_Reward/termination: -0.1000
2026-08-16 02:26:58:INFO:           Metrics/motion/error_body_pos: 0.4317
2026-08-16 02:26:58:INFO:           Episode_Reward/body_local_rot: 0.0187
2026-08-16 02:26:58:INFO:         Episode_Reward/root_orientation: 0.0119
2026-08-16 02:26:58:INFO:     Episode_Reward/residual_action_rate: -0.0413
2026-08-16 02:26:58:INFO: Episode_Reward/undesired_self_collision: -0.0107
2026-08-16 02:26:58:INFO:    Metrics/motion/sampling_uniform_mass: 0.2500
2026-08-16 02:26:58:INFO:       Episode_Reward/body_global_linvel: 0.0182
2026-08-16 02:26:58:INFO:         Metrics/motion/error_anchor_pos: 0.5490
2026-08-16 02:26:58:INFO:         Metrics/motion/error_anchor_rot: 1.3512
2026-08-16 02:26:58:INFO: Episode_Termination/torso_ground_contact_too_long: 0.0000
2026-08-16 02:26:58:INFO: Episode_Reward/undesired_ground_contact: -0.0035
2026-08-16 02:26:58:INFO:          Metrics/motion/error_joint_pos: 1.3447
2026-08-16 02:26:58:INFO:  Episode_Reward/torso_world_orientation: 0.0361
2026-08-16 02:26:58:INFO:       Episode_Termination/invalid_state: 0.0000
2026-08-16 02:26:58:INFO: --------------------------------------------------------------------------------
2026-08-16 02:26:58:INFO:                          Iteration time: 2.93s
2026-08-16 02:26:58:INFO:                            Time elapsed: 0:00:41
2026-08-16 02:26:58:INFO:                                     ETA: 8:49:25
2026-08-16 02:26:58:INFO: 
2026-08-16 02:27:01:INFO: ################################################################################
2026-08-16 02:27:01:INFO: [1m                          Learning iteration 13/10000                           [0m
2026-08-16 02:27:01:INFO: 
2026-08-16 02:27:01:INFO:                                Run name: teacher_8gpu_32768env_10000iters
2026-08-16 02:27:01:INFO:                             Total steps: 9175040
2026-08-16 02:27:01:INFO:                        Steps per second: 223935
2026-08-16 02:27:01:INFO:                         Collection time: 0.957s
2026-08-16 02:27:01:INFO:                           Learning time: 1.970s
2026-08-16 02:27:01:INFO:                         Mean value loss: 0.1346
2026-08-16 02:27:01:INFO:                     Mean surrogate loss: -0.0157
2026-08-16 02:27:01:INFO:                       Mean entropy loss: 13.8967
2026-08-16 02:27:01:INFO:                             Mean reward: -1.47
2026-08-16 02:27:01:INFO:                     Mean episode length: 39.46
2026-08-16 02:27:01:INFO:                         Mean action std: 0.58
2026-08-16 02:27:01:INFO:       Episode_Reward/body_global_angvel: 0.0036
2026-08-16 02:27:01:INFO:                Episode_Reward/feet_slip: -0.0134
2026-08-16 02:27:01:INFO:            Episode_Reward/dof_pos_limit: -0.0140
2026-08-16 02:27:01:INFO:           Episode_Reward/body_local_pos: 0.0693
2026-08-16 02:27:01:INFO:        Metrics/motion/sampling_top1_bin: 0.6792
2026-08-16 02:27:01:INFO:       Episode_Reward/torso_world_angvel: 0.0253
2026-08-16 02:27:01:INFO:            Episode_Reward/dof_vel_limit: -0.1196
2026-08-16 02:27:01:INFO:         Episode_Reward/smoothness_joint: -0.0523
2026-08-16 02:27:01:INFO:       Metrics/motion/error_body_ang_vel: 9.6697
2026-08-16 02:27:01:INFO:         Episode_Termination/root_height: 103.9500
2026-08-16 02:27:01:INFO:           Metrics/motion/error_body_rot: 1.2284
2026-08-16 02:27:01:INFO:                 Episode_Reward/root_pos: 0.0120
2026-08-16 02:27:01:INFO:     Metrics/motion/error_anchor_lin_vel: 2.0624
2026-08-16 02:27:01:INFO:       Metrics/motion/error_body_lin_vel: 2.2817
2026-08-16 02:27:01:INFO:           Episode_Reward/penalty_torque: -0.0048
2026-08-16 02:27:01:INFO:       Metrics/motion/sampling_top1_prob: 0.0104
2026-08-16 02:27:01:INFO:         Metrics/motion/sampling_entropy: 0.9957
2026-08-16 02:27:01:INFO:    Episode_Reward/torso_height_tracking: 0.0227
2026-08-16 02:27:01:INFO:            Episode_Termination/time_out: 0.0000
2026-08-16 02:27:01:INFO:       Episode_Reward/joint_vel_tracking: 0.0024
2026-08-16 02:27:01:INFO:     Episode_Reward/feet_height_tracking: 0.0314
2026-08-16 02:27:01:INFO:     Metrics/motion/error_anchor_ang_vel: 5.3312
2026-08-16 02:27:01:INFO:          Metrics/motion/error_joint_vel: 31.1137
2026-08-16 02:27:01:INFO:       Episode_Reward/joint_pos_tracking: 0.0123
2026-08-16 02:27:01:INFO:              Episode_Reward/termination: -0.1000
2026-08-16 02:27:01:INFO:           Metrics/motion/error_body_pos: 0.4339
2026-08-16 02:27:01:INFO:           Episode_Reward/body_local_rot: 0.0196
2026-08-16 02:27:01:INFO:         Episode_Reward/root_orientation: 0.0124
2026-08-16 02:27:01:INFO:     Episode_Reward/residual_action_rate: -0.0422
2026-08-16 02:27:01:INFO: Episode_Reward/undesired_self_collision: -0.0093
2026-08-16 02:27:01:INFO:    Metrics/motion/sampling_uniform_mass: 0.2500
2026-08-16 02:27:01:INFO:       Episode_Reward/body_global_linvel: 0.0192
2026-08-16 02:27:01:INFO:         Metrics/motion/error_anchor_pos: 0.5579
2026-08-16 02:27:01:INFO:         Metrics/motion/error_anchor_rot: 1.3695
2026-08-16 02:27:01:INFO: Episode_Termination/torso_ground_contact_too_long: 0.0000
2026-08-16 02:27:01:INFO: Episode_Reward/undesired_ground_contact: -0.0026
2026-08-16 02:27:01:INFO:          Metrics/motion/error_joint_pos: 1.3431
2026-08-16 02:27:01:INFO:  Episode_Reward/torso_world_orientation: 0.0376
2026-08-16 02:27:01:INFO:       Episode_Termination/invalid_state: 0.0000
2026-08-16 02:27:01:INFO: --------------------------------------------------------------------------------
2026-08-16 02:27:01:INFO:                          Iteration time: 2.93s
2026-08-16 02:27:01:INFO:                            Time elapsed: 0:00:44
2026-08-16 02:27:01:INFO:                                     ETA: 8:46:21
2026-08-16 02:27:01:INFO: 
2026-08-16 02:27:04:INFO: ################################################################################
2026-08-16 02:27:04:INFO: [1m                          Learning iteration 14/10000                           [0m
2026-08-16 02:27:04:INFO: 
2026-08-16 02:27:04:INFO:                                Run name: teacher_8gpu_32768env_10000iters
2026-08-16 02:27:04:INFO:                             Total steps: 9830400
2026-08-16 02:27:04:INFO:                        Steps per second: 223230
2026-08-16 02:27:04:INFO:                         Collection time: 0.967s
2026-08-16 02:27:04:INFO:                           Learning time: 1.969s
2026-08-16 02:27:04:INFO:                         Mean value loss: 0.1327
2026-08-16 02:27:04:INFO:                     Mean surrogate loss: -0.0152
2026-08-16 02:27:04:INFO:                       Mean entropy loss: 13.6644
2026-08-16 02:27:04:INFO:                             Mean reward: -1.35
2026-08-16 02:27:04:INFO:                     Mean episode length: 39.68
2026-08-16 02:27:04:INFO:                         Mean action std: 0.57
2026-08-16 02:27:04:INFO:       Episode_Reward/body_global_angvel: 0.0038
2026-08-16 02:27:04:INFO:                Episode_Reward/feet_slip: -0.0132
2026-08-16 02:27:04:INFO:            Episode_Reward/dof_pos_limit: -0.0137
2026-08-16 02:27:04:INFO:           Episode_Reward/body_local_pos: 0.0696
2026-08-16 02:27:04:INFO:        Metrics/motion/sampling_top1_bin: 0.6792
2026-08-16 02:27:04:INFO:       Episode_Reward/torso_world_angvel: 0.0256
2026-08-16 02:27:04:INFO:            Episode_Reward/dof_vel_limit: -0.1098
2026-08-16 02:27:04:INFO:         Episode_Reward/smoothness_joint: -0.0511
2026-08-16 02:27:04:INFO:       Metrics/motion/error_body_ang_vel: 9.4874
2026-08-16 02:27:04:INFO:         Episode_Termination/root_height: 102.8000
2026-08-16 02:27:04:INFO:           Metrics/motion/error_body_rot: 1.2187
2026-08-16 02:27:04:INFO:                 Episode_Reward/root_pos: 0.0119
2026-08-16 02:27:04:INFO:     Metrics/motion/error_anchor_lin_vel: 2.0678
2026-08-16 02:27:04:INFO:       Metrics/motion/error_body_lin_vel: 2.2617
2026-08-16 02:27:04:INFO:           Episode_Reward/penalty_torque: -0.0047
2026-08-16 02:27:04:INFO:       Metrics/motion/sampling_top1_prob: 0.0102
2026-08-16 02:27:04:INFO:         Metrics/motion/sampling_entropy: 0.9957
2026-08-16 02:27:04:INFO:    Episode_Reward/torso_height_tracking: 0.0229
2026-08-16 02:27:04:INFO:            Episode_Termination/time_out: 0.0000
2026-08-16 02:27:04:INFO:       Episode_Reward/joint_vel_tracking: 0.0024
2026-08-16 02:27:04:INFO:     Episode_Reward/feet_height_tracking: 0.0312
2026-08-16 02:27:04:INFO:     Metrics/motion/error_anchor_ang_vel: 5.2065
2026-08-16 02:27:04:INFO:          Metrics/motion/error_joint_vel: 30.6573
2026-08-16 02:27:04:INFO:       Episode_Reward/joint_pos_tracking: 0.0123
2026-08-16 02:27:04:INFO:              Episode_Reward/termination: -0.1000
2026-08-16 02:27:04:INFO:           Metrics/motion/error_body_pos: 0.4316
2026-08-16 02:27:04:INFO:           Episode_Reward/body_local_rot: 0.0202
2026-08-16 02:27:04:INFO:         Episode_Reward/root_orientation: 0.0126
2026-08-16 02:27:04:INFO:     Episode_Reward/residual_action_rate: -0.0415
2026-08-16 02:27:04:INFO: Episode_Reward/undesired_self_collision: -0.0093
2026-08-16 02:27:04:INFO:    Metrics/motion/sampling_uniform_mass: 0.2500
2026-08-16 02:27:04:INFO:       Episode_Reward/body_global_linvel: 0.0194
2026-08-16 02:27:04:INFO:         Metrics/motion/error_anchor_pos: 0.5586
2026-08-16 02:27:04:INFO:         Metrics/motion/error_anchor_rot: 1.3430
2026-08-16 02:27:04:INFO: Episode_Termination/torso_ground_contact_too_long: 0.0000
2026-08-16 02:27:04:INFO: Episode_Reward/undesired_ground_contact: -0.0029
2026-08-16 02:27:04:INFO:          Metrics/motion/error_joint_pos: 1.3348
2026-08-16 02:27:04:INFO:  Episode_Reward/torso_world_orientation: 0.0380
2026-08-16 02:27:04:INFO:       Episode_Termination/invalid_state: 0.0000
2026-08-16 02:27:04:INFO: --------------------------------------------------------------------------------
2026-08-16 02:27:04:INFO:                          Iteration time: 2.94s
2026-08-16 02:27:04:INFO:                            Time elapsed: 0:00:47
2026-08-16 02:27:04:INFO:                                     ETA: 8:43:47
2026-08-16 02:27:04:INFO: 
2026-08-16 02:27:07:INFO: ################################################################################
2026-08-16 02:27:07:INFO: [1m                          Learning iteration 15/10000                           [0m
2026-08-16 02:27:07:INFO: 
2026-08-16 02:27:07:INFO:                                Run name: teacher_8gpu_32768env_10000iters
2026-08-16 02:27:07:INFO:                             Total steps: 10485760
2026-08-16 02:27:07:INFO:                        Steps per second: 202847
2026-08-16 02:27:07:INFO:                         Collection time: 1.012s
2026-08-16 02:27:07:INFO:                           Learning time: 2.219s
2026-08-16 02:27:07:INFO:                         Mean value loss: 0.1206
2026-08-16 02:27:07:INFO:                     Mean surrogate loss: -0.0150
2026-08-16 02:27:07:INFO:                       Mean entropy loss: 13.4454
2026-08-16 02:27:07:INFO:                             Mean reward: -0.89
2026-08-16 02:27:07:INFO:                     Mean episode length: 37.49
2026-08-16 02:27:07:INFO:                         Mean action std: 0.56
2026-08-16 02:27:07:INFO:       Episode_Reward/body_global_angvel: 0.0040
2026-08-16 02:27:07:INFO:                Episode_Reward/feet_slip: -0.0129
2026-08-16 02:27:07:INFO:            Episode_Reward/dof_pos_limit: -0.0133
2026-08-16 02:27:07:INFO:           Episode_Reward/body_local_pos: 0.0697
2026-08-16 02:27:07:INFO:        Metrics/motion/sampling_top1_bin: 0.5613
2026-08-16 02:27:07:INFO:       Episode_Reward/torso_world_angvel: 0.0258
2026-08-16 02:27:07:INFO:            Episode_Reward/dof_vel_limit: -0.0993
2026-08-16 02:27:07:INFO:         Episode_Reward/smoothness_joint: -0.0498
2026-08-16 02:27:07:INFO:       Metrics/motion/error_body_ang_vel: 9.4135
2026-08-16 02:27:07:INFO:         Episode_Termination/root_height: 104.4000
2026-08-16 02:27:07:INFO:           Metrics/motion/error_body_rot: 1.1963
2026-08-16 02:27:07:INFO:                 Episode_Reward/root_pos: 0.0119
2026-08-16 02:27:07:INFO:     Metrics/motion/error_anchor_lin_vel: 2.0685
2026-08-16 02:27:07:INFO:       Metrics/motion/error_body_lin_vel: 2.2628
2026-08-16 02:27:07:INFO:           Episode_Reward/penalty_torque: -0.0046
2026-08-16 02:27:07:INFO:       Metrics/motion/sampling_top1_prob: 0.0103
2026-08-16 02:27:07:INFO:         Metrics/motion/sampling_entropy: 0.9957
2026-08-16 02:27:07:INFO:    Episode_Reward/torso_height_tracking: 0.0230
2026-08-16 02:27:07:INFO:            Episode_Termination/time_out: 0.0000
2026-08-16 02:27:07:INFO:       Episode_Reward/joint_vel_tracking: 0.0025
2026-08-16 02:27:07:INFO:     Episode_Reward/feet_height_tracking: 0.0316
2026-08-16 02:27:07:INFO:     Metrics/motion/error_anchor_ang_vel: 5.1985
2026-08-16 02:27:07:INFO:          Metrics/motion/error_joint_vel: 30.2594
2026-08-16 02:27:07:INFO:       Episode_Reward/joint_pos_tracking: 0.0123
2026-08-16 02:27:07:INFO:              Episode_Reward/termination: -0.1000
2026-08-16 02:27:07:INFO:           Metrics/motion/error_body_pos: 0.4272
2026-08-16 02:27:07:INFO:           Episode_Reward/body_local_rot: 0.0202
2026-08-16 02:27:07:INFO:         Episode_Reward/root_orientation: 0.0129
2026-08-16 02:27:07:INFO:     Episode_Reward/residual_action_rate: -0.0407
2026-08-16 02:27:07:INFO: Episode_Reward/undesired_self_collision: -0.0074
2026-08-16 02:27:07:INFO:    Metrics/motion/sampling_uniform_mass: 0.2500
2026-08-16 02:27:07:INFO:       Episode_Reward/body_global_linvel: 0.0196
2026-08-16 02:27:07:INFO:         Metrics/motion/error_anchor_pos: 0.5565
2026-08-16 02:27:07:INFO:         Metrics/motion/error_anchor_rot: 1.3181
2026-08-16 02:27:07:INFO: Episode_Termination/torso_ground_contact_too_long: 0.0000
2026-08-16 02:27:07:INFO: Episode_Reward/undesired_ground_contact: -0.0024
2026-08-16 02:27:07:INFO:          Metrics/motion/error_joint_pos: 1.3188
2026-08-16 02:27:07:INFO:  Episode_Reward/torso_world_orientation: 0.0388
2026-08-16 02:27:07:INFO:       Episode_Termination/invalid_state: 0.0000
2026-08-16 02:27:07:INFO: --------------------------------------------------------------------------------
2026-08-16 02:27:07:INFO:                          Iteration time: 3.23s
2026-08-16 02:27:07:INFO:                            Time elapsed: 0:00:50
2026-08-16 02:27:07:INFO:                                     ETA: 8:44:35
2026-08-16 02:27:07:INFO: 
2026-08-16 02:27:10:INFO: ################################################################################
2026-08-16 02:27:10:INFO: [1m                          Learning iteration 16/10000                           [0m
2026-08-16 02:27:10:INFO: 
2026-08-16 02:27:10:INFO:                                Run name: teacher_8gpu_32768env_10000iters
2026-08-16 02:27:10:INFO:                             Total steps: 11141120
2026-08-16 02:27:10:INFO:                        Steps per second: 217625
2026-08-16 02:27:10:INFO:                         Collection time: 1.039s
2026-08-16 02:27:10:INFO:                           Learning time: 1.972s
2026-08-16 02:27:10:INFO:                         Mean value loss: 0.1148
2026-08-16 02:27:10:INFO:                     Mean surrogate loss: -0.0147
2026-08-16 02:27:10:INFO:                       Mean entropy loss: 13.2212
2026-08-16 02:27:10:INFO:                             Mean reward: -0.81
2026-08-16 02:27:10:INFO:                     Mean episode length: 39.79
2026-08-16 02:27:10:INFO:                         Mean action std: 0.55
2026-08-16 02:27:10:INFO:       Episode_Reward/body_global_angvel: 0.0042
2026-08-16 02:27:10:INFO:                Episode_Reward/feet_slip: -0.0129
2026-08-16 02:27:10:INFO:            Episode_Reward/dof_pos_limit: -0.0131
2026-08-16 02:27:10:INFO:           Episode_Reward/body_local_pos: 0.0701
2026-08-16 02:27:10:INFO:        Metrics/motion/sampling_top1_bin: 0.4434
2026-08-16 02:27:10:INFO:       Episode_Reward/torso_world_angvel: 0.0259
2026-08-16 02:27:10:INFO:            Episode_Reward/dof_vel_limit: -0.0923
2026-08-16 02:27:10:INFO:         Episode_Reward/smoothness_joint: -0.0488
2026-08-16 02:27:10:INFO:       Metrics/motion/error_body_ang_vel: 9.3958
2026-08-16 02:27:10:INFO:         Episode_Termination/root_height: 103.2500
2026-08-16 02:27:10:INFO:           Metrics/motion/error_body_rot: 1.2037
2026-08-16 02:27:10:INFO:                 Episode_Reward/root_pos: 0.0119
2026-08-16 02:27:10:INFO:     Metrics/motion/error_anchor_lin_vel: 2.0829
2026-08-16 02:27:10:INFO:       Metrics/motion/error_body_lin_vel: 2.2831
2026-08-16 02:27:10:INFO:           Episode_Reward/penalty_torque: -0.0046
2026-08-16 02:27:10:INFO:       Metrics/motion/sampling_top1_prob: 0.0108
2026-08-16 02:27:10:INFO:         Metrics/motion/sampling_entropy: 0.9955
2026-08-16 02:27:10:INFO:    Episode_Reward/torso_height_tracking: 0.0233
2026-08-16 02:27:10:INFO:            Episode_Termination/time_out: 0.0000
2026-08-16 02:27:10:INFO:       Episode_Reward/joint_vel_tracking: 0.0026
2026-08-16 02:27:10:INFO:     Episode_Reward/feet_height_tracking: 0.0313
2026-08-16 02:27:10:INFO:     Metrics/motion/error_anchor_ang_vel: 5.2744
2026-08-16 02:27:10:INFO:          Metrics/motion/error_joint_vel: 29.8394
2026-08-16 02:27:10:INFO:       Episode_Reward/joint_pos_tracking: 0.0124
2026-08-16 02:27:10:INFO:              Episode_Reward/termination: -0.1000
2026-08-16 02:27:10:INFO:           Metrics/motion/error_body_pos: 0.4284
2026-08-16 02:27:10:INFO:           Episode_Reward/body_local_rot: 0.0204
2026-08-16 02:27:10:INFO:         Episode_Reward/root_orientation: 0.0128
2026-08-16 02:27:10:INFO:     Episode_Reward/residual_action_rate: -0.0402
2026-08-16 02:27:10:INFO: Episode_Reward/undesired_self_collision: -0.0069
2026-08-16 02:27:10:INFO:    Metrics/motion/sampling_uniform_mass: 0.2500
2026-08-16 02:27:10:INFO:       Episode_Reward/body_global_linvel: 0.0196
2026-08-16 02:27:10:INFO:         Metrics/motion/error_anchor_pos: 0.5593
2026-08-16 02:27:10:INFO:         Metrics/motion/error_anchor_rot: 1.3469
2026-08-16 02:27:10:INFO: Episode_Termination/torso_ground_contact_too_long: 0.0000
2026-08-16 02:27:10:INFO: Episode_Reward/undesired_ground_contact: -0.0028
2026-08-16 02:27:10:INFO:          Metrics/motion/error_joint_pos: 1.3330
2026-08-16 02:27:10:INFO:  Episode_Reward/torso_world_orientation: 0.0387
2026-08-16 02:27:10:INFO:       Episode_Termination/invalid_state: 0.0000
2026-08-16 02:27:10:INFO: --------------------------------------------------------------------------------
2026-08-16 02:27:10:INFO:                          Iteration time: 3.01s
2026-08-16 02:27:10:INFO:                            Time elapsed: 0:00:53
2026-08-16 02:27:10:INFO:                                     ETA: 8:43:09
2026-08-16 02:27:10:INFO: 
2026-08-16 02:27:13:INFO: ################################################################################
2026-08-16 02:27:13:INFO: [1m                          Learning iteration 17/10000                           [0m
2026-08-16 02:27:13:INFO: 
2026-08-16 02:27:13:INFO:                                Run name: teacher_8gpu_32768env_10000iters
2026-08-16 02:27:13:INFO:                             Total steps: 11796480
2026-08-16 02:27:13:INFO:                        Steps per second: 224053
2026-08-16 02:27:13:INFO:                         Collection time: 0.954s
2026-08-16 02:27:13:INFO:                           Learning time: 1.971s
2026-08-16 02:27:13:INFO:                         Mean value loss: 0.1104
2026-08-16 02:27:13:INFO:                     Mean surrogate loss: -0.0143
2026-08-16 02:27:13:INFO:                       Mean entropy loss: 12.9777
2026-08-16 02:27:13:INFO:                             Mean reward: -0.16
2026-08-16 02:27:13:INFO:                     Mean episode length: 40.91
2026-08-16 02:27:13:INFO:                         Mean action std: 0.54
2026-08-16 02:27:13:INFO:       Episode_Reward/body_global_angvel: 0.0045
2026-08-16 02:27:13:INFO:                Episode_Reward/feet_slip: -0.0126
2026-08-16 02:27:13:INFO:            Episode_Reward/dof_pos_limit: -0.0131
2026-08-16 02:27:13:INFO:           Episode_Reward/body_local_pos: 0.0714
2026-08-16 02:27:13:INFO:        Metrics/motion/sampling_top1_bin: 0.5259
2026-08-16 02:27:13:INFO:       Episode_Reward/torso_world_angvel: 0.0267
2026-08-16 02:27:13:INFO:            Episode_Reward/dof_vel_limit: -0.0828
2026-08-16 02:27:13:INFO:         Episode_Reward/smoothness_joint: -0.0479
2026-08-16 02:27:13:INFO:       Metrics/motion/error_body_ang_vel: 9.2586
2026-08-16 02:27:13:INFO:         Episode_Termination/root_height: 101.4500
2026-08-16 02:27:13:INFO:           Metrics/motion/error_body_rot: 1.1966
2026-08-16 02:27:13:INFO:                 Episode_Reward/root_pos: 0.0122
2026-08-16 02:27:13:INFO:     Metrics/motion/error_anchor_lin_vel: 2.1062
2026-08-16 02:27:13:INFO:       Metrics/motion/error_body_lin_vel: 2.2777
2026-08-16 02:27:13:INFO:           Episode_Reward/penalty_torque: -0.0045
2026-08-16 02:27:13:INFO:       Metrics/motion/sampling_top1_prob: 0.0110
2026-08-16 02:27:13:INFO:         Metrics/motion/sampling_entropy: 0.9953
2026-08-16 02:27:13:INFO:    Episode_Reward/torso_height_tracking: 0.0238
2026-08-16 02:27:13:INFO:            Episode_Termination/time_out: 0.0000
2026-08-16 02:27:13:INFO:       Episode_Reward/joint_vel_tracking: 0.0027
2026-08-16 02:27:13:INFO:     Episode_Reward/feet_height_tracking: 0.0320
2026-08-16 02:27:13:INFO:     Metrics/motion/error_anchor_ang_vel: 5.1270
2026-08-16 02:27:13:INFO:          Metrics/motion/error_joint_vel: 29.6806
2026-08-16 02:27:13:INFO:       Episode_Reward/joint_pos_tracking: 0.0126
2026-08-16 02:27:13:INFO:              Episode_Reward/termination: -0.1000
2026-08-16 02:27:13:INFO:           Metrics/motion/error_body_pos: 0.4269
2026-08-16 02:27:13:INFO:           Episode_Reward/body_local_rot: 0.0213
2026-08-16 02:27:13:INFO:         Episode_Reward/root_orientation: 0.0133
2026-08-16 02:27:13:INFO:     Episode_Reward/residual_action_rate: -0.0400
2026-08-16 02:27:13:INFO: Episode_Reward/undesired_self_collision: -0.0061
2026-08-16 02:27:13:INFO:    Metrics/motion/sampling_uniform_mass: 0.2500
2026-08-16 02:27:13:INFO:       Episode_Reward/body_global_linvel: 0.0203
2026-08-16 02:27:13:INFO:         Metrics/motion/error_anchor_pos: 0.5573
2026-08-16 02:27:13:INFO:         Metrics/motion/error_anchor_rot: 1.3134
2026-08-16 02:27:13:INFO: Episode_Termination/torso_ground_contact_too_long: 0.0000
2026-08-16 02:27:13:INFO: Episode_Reward/undesired_ground_contact: -0.0025
2026-08-16 02:27:13:INFO:          Metrics/motion/error_joint_pos: 1.2997
2026-08-16 02:27:13:INFO:  Episode_Reward/torso_world_orientation: 0.0400
2026-08-16 02:27:13:INFO:       Episode_Termination/invalid_state: 0.0000
2026-08-16 02:27:13:INFO: --------------------------------------------------------------------------------
2026-08-16 02:27:13:INFO:                          Iteration time: 2.93s
2026-08-16 02:27:13:INFO:                            Time elapsed: 0:00:56
2026-08-16 02:27:13:INFO:                                     ETA: 8:41:05
2026-08-16 02:27:13:INFO: 
2026-08-16 02:27:16:INFO: ################################################################################
2026-08-16 02:27:16:INFO: [1m                          Learning iteration 18/10000                           [0m
2026-08-16 02:27:16:INFO: 
2026-08-16 02:27:16:INFO:                                Run name: teacher_8gpu_32768env_10000iters
2026-08-16 02:27:16:INFO:                             Total steps: 12451840
2026-08-16 02:27:16:INFO:                        Steps per second: 223778
2026-08-16 02:27:16:INFO:                         Collection time: 0.958s
2026-08-16 02:27:16:INFO:                           Learning time: 1.970s
2026-08-16 02:27:16:INFO:                         Mean value loss: 0.1087
2026-08-16 02:27:16:INFO:                     Mean surrogate loss: -0.0140
2026-08-16 02:27:16:INFO:                       Mean entropy loss: 12.7466
2026-08-16 02:27:16:INFO:                             Mean reward: -0.26
2026-08-16 02:27:16:INFO:                     Mean episode length: 43.12
2026-08-16 02:27:16:INFO:                         Mean action std: 0.54
2026-08-16 02:27:16:INFO:       Episode_Reward/body_global_angvel: 0.0047
2026-08-16 02:27:16:INFO:                Episode_Reward/feet_slip: -0.0125
2026-08-16 02:27:16:INFO:            Episode_Reward/dof_pos_limit: -0.0127
2026-08-16 02:27:16:INFO:           Episode_Reward/body_local_pos: 0.0712
2026-08-16 02:27:16:INFO:        Metrics/motion/sampling_top1_bin: 0.4434
2026-08-16 02:27:16:INFO:       Episode_Reward/torso_world_angvel: 0.0266
2026-08-16 02:27:16:INFO:            Episode_Reward/dof_vel_limit: -0.0767
2026-08-16 02:27:16:INFO:         Episode_Reward/smoothness_joint: -0.0467
2026-08-16 02:27:16:INFO:       Metrics/motion/error_body_ang_vel: 9.1686
2026-08-16 02:27:16:INFO:         Episode_Termination/root_height: 102.1000
2026-08-16 02:27:16:INFO:           Metrics/motion/error_body_rot: 1.1938
2026-08-16 02:27:16:INFO:                 Episode_Reward/root_pos: 0.0121
2026-08-16 02:27:16:INFO:     Metrics/motion/error_anchor_lin_vel: 2.1038
2026-08-16 02:27:16:INFO:       Metrics/motion/error_body_lin_vel: 2.2751
2026-08-16 02:27:16:INFO:           Episode_Reward/penalty_torque: -0.0044
2026-08-16 02:27:16:INFO:       Metrics/motion/sampling_top1_prob: 0.0112
2026-08-16 02:27:16:INFO:         Metrics/motion/sampling_entropy: 0.9953
2026-08-16 02:27:16:INFO:    Episode_Reward/torso_height_tracking: 0.0238
2026-08-16 02:27:16:INFO:            Episode_Termination/time_out: 0.0000
2026-08-16 02:27:16:INFO:       Episode_Reward/joint_vel_tracking: 0.0027
2026-08-16 02:27:16:INFO:     Episode_Reward/feet_height_tracking: 0.0318
2026-08-16 02:27:16:INFO:     Metrics/motion/error_anchor_ang_vel: 5.1976
2026-08-16 02:27:16:INFO:          Metrics/motion/error_joint_vel: 29.0521
2026-08-16 02:27:16:INFO:       Episode_Reward/joint_pos_tracking: 0.0126
2026-08-16 02:27:16:INFO:              Episode_Reward/termination: -0.1000
2026-08-16 02:27:16:INFO:           Metrics/motion/error_body_pos: 0.4285
2026-08-16 02:27:16:INFO:           Episode_Reward/body_local_rot: 0.0215
2026-08-16 02:27:16:INFO:         Episode_Reward/root_orientation: 0.0133
2026-08-16 02:27:16:INFO:     Episode_Reward/residual_action_rate: -0.0392
2026-08-16 02:27:16:INFO: Episode_Reward/undesired_self_collision: -0.0054
2026-08-16 02:27:16:INFO:    Metrics/motion/sampling_uniform_mass: 0.2500
2026-08-16 02:27:16:INFO:       Episode_Reward/body_global_linvel: 0.0202
2026-08-16 02:27:16:INFO:         Metrics/motion/error_anchor_pos: 0.5648
2026-08-16 02:27:16:INFO:         Metrics/motion/error_anchor_rot: 1.3263
2026-08-16 02:27:16:INFO: Episode_Termination/torso_ground_contact_too_long: 0.0000
2026-08-16 02:27:16:INFO: Episode_Reward/undesired_ground_contact: -0.0022
2026-08-16 02:27:16:INFO:          Metrics/motion/error_joint_pos: 1.3074
2026-08-16 02:27:16:INFO:  Episode_Reward/torso_world_orientation: 0.0401
2026-08-16 02:27:16:INFO:       Episode_Termination/invalid_state: 0.0000
2026-08-16 02:27:16:INFO: --------------------------------------------------------------------------------
2026-08-16 02:27:16:INFO:                          Iteration time: 2.93s
2026-08-16 02:27:16:INFO:                            Time elapsed: 0:00:59
2026-08-16 02:27:16:INFO:                                     ETA: 8:39:15
2026-08-16 02:27:16:INFO: 
2026-08-16 02:27:19:INFO: ################################################################################
2026-08-16 02:27:19:INFO: [1m                          Learning iteration 19/10000                           [0m
2026-08-16 02:27:19:INFO: 
2026-08-16 02:27:19:INFO:                                Run name: teacher_8gpu_32768env_10000iters
2026-08-16 02:27:19:INFO:                             Total steps: 13107200
2026-08-16 02:27:19:INFO:                        Steps per second: 220037
2026-08-16 02:27:19:INFO:                         Collection time: 0.963s
2026-08-16 02:27:19:INFO:                           Learning time: 2.016s
2026-08-16 02:27:19:INFO:                         Mean value loss: 0.1070
2026-08-16 02:27:19:INFO:                     Mean surrogate loss: -0.0126
2026-08-16 02:27:19:INFO:                       Mean entropy loss: 12.5444
2026-08-16 02:27:19:INFO:                             Mean reward: 0.33
2026-08-16 02:27:19:INFO:                     Mean episode length: 41.48
2026-08-16 02:27:19:INFO:                         Mean action std: 0.53
2026-08-16 02:27:19:INFO:       Episode_Reward/body_global_angvel: 0.0049
2026-08-16 02:27:19:INFO:                Episode_Reward/feet_slip: -0.0124
2026-08-16 02:27:19:INFO:            Episode_Reward/dof_pos_limit: -0.0123
2026-08-16 02:27:19:INFO:           Episode_Reward/body_local_pos: 0.0722
2026-08-16 02:27:19:INFO:        Metrics/motion/sampling_top1_bin: 0.4434
2026-08-16 02:27:19:INFO:       Episode_Reward/torso_world_angvel: 0.0272
2026-08-16 02:27:19:INFO:            Episode_Reward/dof_vel_limit: -0.0702
2026-08-16 02:27:19:INFO:         Episode_Reward/smoothness_joint: -0.0463
2026-08-16 02:27:19:INFO:       Metrics/motion/error_body_ang_vel: 9.0977
2026-08-16 02:27:19:INFO:         Episode_Termination/root_height: 100.2000
2026-08-16 02:27:19:INFO:           Metrics/motion/error_body_rot: 1.1844
2026-08-16 02:27:19:INFO:                 Episode_Reward/root_pos: 0.0122
2026-08-16 02:27:19:INFO:     Metrics/motion/error_anchor_lin_vel: 2.1123
2026-08-16 02:27:19:INFO:       Metrics/motion/error_body_lin_vel: 2.2783
2026-08-16 02:27:19:INFO:           Episode_Reward/penalty_torque: -0.0044
2026-08-16 02:27:19:INFO:       Metrics/motion/sampling_top1_prob: 0.0113
2026-08-16 02:27:19:INFO:         Metrics/motion/sampling_entropy: 0.9952
2026-08-16 02:27:19:INFO:    Episode_Reward/torso_height_tracking: 0.0244
2026-08-16 02:27:19:INFO:            Episode_Termination/time_out: 0.0000
2026-08-16 02:27:19:INFO:       Episode_Reward/joint_vel_tracking: 0.0028
2026-08-16 02:27:19:INFO:     Episode_Reward/feet_height_tracking: 0.0323
2026-08-16 02:27:19:INFO:     Metrics/motion/error_anchor_ang_vel: 5.1520
2026-08-16 02:27:19:INFO:          Metrics/motion/error_joint_vel: 28.7980
2026-08-16 02:27:19:INFO:       Episode_Reward/joint_pos_tracking: 0.0128
2026-08-16 02:27:19:INFO:              Episode_Reward/termination: -0.1000
2026-08-16 02:27:19:INFO:           Metrics/motion/error_body_pos: 0.4254
2026-08-16 02:27:19:INFO:           Episode_Reward/body_local_rot: 0.0220
2026-08-16 02:27:19:INFO:         Episode_Reward/root_orientation: 0.0136
2026-08-16 02:27:19:INFO:     Episode_Reward/residual_action_rate: -0.0390
2026-08-16 02:27:19:INFO: Episode_Reward/undesired_self_collision: -0.0045
2026-08-16 02:27:19:INFO:    Metrics/motion/sampling_uniform_mass: 0.2500
2026-08-16 02:27:19:INFO:       Episode_Reward/body_global_linvel: 0.0207
2026-08-16 02:27:19:INFO:         Metrics/motion/error_anchor_pos: 0.5685
2026-08-16 02:27:19:INFO:         Metrics/motion/error_anchor_rot: 1.3137
2026-08-16 02:27:19:INFO: Episode_Termination/torso_ground_contact_too_long: 0.0000
2026-08-16 02:27:19:INFO: Episode_Reward/undesired_ground_contact: -0.0025
2026-08-16 02:27:19:INFO:          Metrics/motion/error_joint_pos: 1.2978
2026-08-16 02:27:19:INFO:  Episode_Reward/torso_world_orientation: 0.0409
2026-08-16 02:27:19:INFO:       Episode_Termination/invalid_state: 0.0000
2026-08-16 02:27:19:INFO: --------------------------------------------------------------------------------
2026-08-16 02:27:19:INFO:                          Iteration time: 2.98s
2026-08-16 02:27:19:INFO:                            Time elapsed: 0:01:02
2026-08-16 02:27:19:INFO:                                     ETA: 8:38:00
2026-08-16 02:27:19:INFO: 
2026-08-16 02:27:22:INFO: ################################################################################
2026-08-16 02:27:22:INFO: [1m                          Learning iteration 20/10000                           [0m
2026-08-16 02:27:22:INFO: 
2026-08-16 02:27:22:INFO:                                Run name: teacher_8gpu_32768env_10000iters
2026-08-16 02:27:22:INFO:                             Total steps: 13762560
2026-08-16 02:27:22:INFO:                        Steps per second: 212027
2026-08-16 02:27:22:INFO:                         Collection time: 0.964s
2026-08-16 02:27:22:INFO:                           Learning time: 2.127s
2026-08-16 02:27:22:INFO:                         Mean value loss: 0.0961
2026-08-16 02:27:22:INFO:                     Mean surrogate loss: -0.0128
2026-08-16 02:27:22:INFO:                       Mean entropy loss: 12.3155
2026-08-16 02:27:22:INFO:                             Mean reward: 0.19
2026-08-16 02:27:22:INFO:                     Mean episode length: 39.88
2026-08-16 02:27:22:INFO:                         Mean action std: 0.52
2026-08-16 02:27:22:INFO:       Episode_Reward/body_global_angvel: 0.0052
2026-08-16 02:27:22:INFO:                Episode_Reward/feet_slip: -0.0121
2026-08-16 02:27:22:INFO:            Episode_Reward/dof_pos_limit: -0.0121
2026-08-16 02:27:22:INFO:           Episode_Reward/body_local_pos: 0.0730
2026-08-16 02:27:22:INFO:        Metrics/motion/sampling_top1_bin: 0.5495
2026-08-16 02:27:22:INFO:       Episode_Reward/torso_world_angvel: 0.0277
2026-08-16 02:27:22:INFO:            Episode_Reward/dof_vel_limit: -0.0639
2026-08-16 02:27:22:INFO:         Episode_Reward/smoothness_joint: -0.0452
2026-08-16 02:27:22:INFO:       Metrics/motion/error_body_ang_vel: 8.9161
2026-08-16 02:27:22:INFO:         Episode_Termination/root_height: 101.6500
2026-08-16 02:27:22:INFO:           Metrics/motion/error_body_rot: 1.1773
2026-08-16 02:27:22:INFO:                 Episode_Reward/root_pos: 0.0123
2026-08-16 02:27:22:INFO:     Metrics/motion/error_anchor_lin_vel: 2.1371
2026-08-16 02:27:22:INFO:       Metrics/motion/error_body_lin_vel: 2.2864
2026-08-16 02:27:22:INFO:           Episode_Reward/penalty_torque: -0.0043
2026-08-16 02:27:22:INFO:       Metrics/motion/sampling_top1_prob: 0.0111
2026-08-16 02:27:22:INFO:         Metrics/motion/sampling_entropy: 0.9952
2026-08-16 02:27:22:INFO:    Episode_Reward/torso_height_tracking: 0.0249
2026-08-16 02:27:22:INFO:            Episode_Termination/time_out: 0.0000
2026-08-16 02:27:22:INFO:       Episode_Reward/joint_vel_tracking: 0.0029
2026-08-16 02:27:22:INFO:     Episode_Reward/feet_height_tracking: 0.0325
2026-08-16 02:27:22:INFO:     Metrics/motion/error_anchor_ang_vel: 5.0488
2026-08-16 02:27:22:INFO:          Metrics/motion/error_joint_vel: 28.2762
2026-08-16 02:27:22:INFO:       Episode_Reward/joint_pos_tracking: 0.0129
2026-08-16 02:27:22:INFO:              Episode_Reward/termination: -0.1000
2026-08-16 02:27:22:INFO:           Metrics/motion/error_body_pos: 0.4251
2026-08-16 02:27:22:INFO:           Episode_Reward/body_local_rot: 0.0226
2026-08-16 02:27:22:INFO:         Episode_Reward/root_orientation: 0.0141
2026-08-16 02:27:22:INFO:     Episode_Reward/residual_action_rate: -0.0387
2026-08-16 02:27:22:INFO: Episode_Reward/undesired_self_collision: -0.0050
2026-08-16 02:27:22:INFO:    Metrics/motion/sampling_uniform_mass: 0.2500
2026-08-16 02:27:22:INFO:       Episode_Reward/body_global_linvel: 0.0210
2026-08-16 02:27:22:INFO:         Metrics/motion/error_anchor_pos: 0.5780
2026-08-16 02:27:22:INFO:         Metrics/motion/error_anchor_rot: 1.2985
2026-08-16 02:27:22:INFO: Episode_Termination/torso_ground_contact_too_long: 0.0000
2026-08-16 02:27:22:INFO: Episode_Reward/undesired_ground_contact: -0.0018
2026-08-16 02:27:22:INFO:          Metrics/motion/error_joint_pos: 1.2905
2026-08-16 02:27:22:INFO:  Episode_Reward/torso_world_orientation: 0.0427
2026-08-16 02:27:22:INFO:       Episode_Termination/invalid_state: 0.0000
2026-08-16 02:27:22:INFO: --------------------------------------------------------------------------------
2026-08-16 02:27:22:INFO:                          Iteration time: 3.09s
2026-08-16 02:27:22:INFO:                            Time elapsed: 0:01:05
2026-08-16 02:27:22:INFO:                                     ETA: 8:37:46
2026-08-16 02:27:22:INFO: 
2026-08-16 02:27:26:INFO: ################################################################################
2026-08-16 02:27:26:INFO: [1m                          Learning iteration 21/10000                           [0m
2026-08-16 02:27:26:INFO: 
2026-08-16 02:27:26:INFO:                                Run name: teacher_8gpu_32768env_10000iters
2026-08-16 02:27:26:INFO:                             Total steps: 14417920
2026-08-16 02:27:26:INFO:                        Steps per second: 167799
2026-08-16 02:27:26:INFO:                         Collection time: 1.099s
2026-08-16 02:27:26:INFO:                           Learning time: 2.806s
2026-08-16 02:27:26:INFO:                         Mean value loss: 0.0995
2026-08-16 02:27:26:INFO:                     Mean surrogate loss: -0.0128
2026-08-16 02:27:26:INFO:                       Mean entropy loss: 12.0943
2026-08-16 02:27:26:INFO:                             Mean reward: 0.37
2026-08-16 02:27:26:INFO:                     Mean episode length: 41.39
2026-08-16 02:27:26:INFO:                         Mean action std: 0.52
2026-08-16 02:27:26:INFO:       Episode_Reward/body_global_angvel: 0.0055
2026-08-16 02:27:26:INFO:                Episode_Reward/feet_slip: -0.0120
2026-08-16 02:27:26:INFO:            Episode_Reward/dof_pos_limit: -0.0117
2026-08-16 02:27:26:INFO:           Episode_Reward/body_local_pos: 0.0736
2026-08-16 02:27:26:INFO:        Metrics/motion/sampling_top1_bin: 0.5613
2026-08-16 02:27:26:INFO:       Episode_Reward/torso_world_angvel: 0.0282
2026-08-16 02:27:26:INFO:            Episode_Reward/dof_vel_limit: -0.0591
2026-08-16 02:27:26:INFO:         Episode_Reward/smoothness_joint: -0.0443
2026-08-16 02:27:26:INFO:       Metrics/motion/error_body_ang_vel: 8.8785
2026-08-16 02:27:26:INFO:         Episode_Termination/root_height: 99.5000
2026-08-16 02:27:26:INFO:           Metrics/motion/error_body_rot: 1.1768
2026-08-16 02:27:26:INFO:                 Episode_Reward/root_pos: 0.0123
2026-08-16 02:27:26:INFO:     Metrics/motion/error_anchor_lin_vel: 2.1419
2026-08-16 02:27:26:INFO:       Metrics/motion/error_body_lin_vel: 2.2905
2026-08-16 02:27:26:INFO:           Episode_Reward/penalty_torque: -0.0043
2026-08-16 02:27:26:INFO:       Metrics/motion/sampling_top1_prob: 0.0113
2026-08-16 02:27:26:INFO:         Metrics/motion/sampling_entropy: 0.9952
2026-08-16 02:27:26:INFO:    Episode_Reward/torso_height_tracking: 0.0253
2026-08-16 02:27:26:INFO:            Episode_Termination/time_out: 0.0000
2026-08-16 02:27:26:INFO:       Episode_Reward/joint_vel_tracking: 0.0030
2026-08-16 02:27:26:INFO:     Episode_Reward/feet_height_tracking: 0.0328
2026-08-16 02:27:26:INFO:     Metrics/motion/error_anchor_ang_vel: 4.9802
2026-08-16 02:27:26:INFO:          Metrics/motion/error_joint_vel: 28.1416
2026-08-16 02:27:26:INFO:       Episode_Reward/joint_pos_tracking: 0.0130
2026-08-16 02:27:26:INFO:              Episode_Reward/termination: -0.1000
2026-08-16 02:27:26:INFO:           Metrics/motion/error_body_pos: 0.4247
2026-08-16 02:27:26:INFO:           Episode_Reward/body_local_rot: 0.0231
2026-08-16 02:27:26:INFO:         Episode_Reward/root_orientation: 0.0144
2026-08-16 02:27:26:INFO:     Episode_Reward/residual_action_rate: -0.0382
2026-08-16 02:27:26:INFO: Episode_Reward/undesired_self_collision: -0.0042
2026-08-16 02:27:26:INFO:    Metrics/motion/sampling_uniform_mass: 0.2500
2026-08-16 02:27:26:INFO:       Episode_Reward/body_global_linvel: 0.0214
2026-08-16 02:27:26:INFO:         Metrics/motion/error_anchor_pos: 0.5779
2026-08-16 02:27:26:INFO:         Metrics/motion/error_anchor_rot: 1.2809
2026-08-16 02:27:26:INFO: Episode_Termination/torso_ground_contact_too_long: 0.0000
2026-08-16 02:27:26:INFO: Episode_Reward/undesired_ground_contact: -0.0018
2026-08-16 02:27:26:INFO:          Metrics/motion/error_joint_pos: 1.2853
2026-08-16 02:27:26:INFO:  Episode_Reward/torso_world_orientation: 0.0437
2026-08-16 02:27:26:INFO:       Episode_Termination/invalid_state: 0.0000
2026-08-16 02:27:26:INFO: --------------------------------------------------------------------------------
2026-08-16 02:27:26:INFO:                          Iteration time: 3.91s
2026-08-16 02:27:26:INFO:                            Time elapsed: 0:01:09
2026-08-16 02:27:26:INFO:                                     ETA: 8:43:42
2026-08-16 02:27:26:INFO: 
2026-08-16 02:27:31:INFO: ################################################################################
2026-08-16 02:27:31:INFO: [1m                          Learning iteration 22/10000                           [0m
2026-08-16 02:27:31:INFO: 
2026-08-16 02:27:31:INFO:                                Run name: teacher_8gpu_32768env_10000iters
2026-08-16 02:27:31:INFO:                             Total steps: 15073280
2026-08-16 02:27:31:INFO:                        Steps per second: 174050
2026-08-16 02:27:31:INFO:                         Collection time: 1.488s
2026-08-16 02:27:31:INFO:                           Learning time: 2.277s
2026-08-16 02:27:31:INFO:                         Mean value loss: 0.0987
2026-08-16 02:27:31:INFO:                     Mean surrogate loss: -0.0117
2026-08-16 02:27:31:INFO:                       Mean entropy loss: 11.8800
2026-08-16 02:27:31:INFO:                             Mean reward: 0.34
2026-08-16 02:27:31:INFO:                     Mean episode length: 39.60
2026-08-16 02:27:31:INFO:                         Mean action std: 0.51
2026-08-16 02:27:31:INFO:       Episode_Reward/body_global_angvel: 0.0057
2026-08-16 02:27:31:INFO:                Episode_Reward/feet_slip: -0.0119
2026-08-16 02:27:31:INFO:            Episode_Reward/dof_pos_limit: -0.0115
2026-08-16 02:27:31:INFO:           Episode_Reward/body_local_pos: 0.0740
2026-08-16 02:27:31:INFO:        Metrics/motion/sampling_top1_bin: 0.6675
2026-08-16 02:27:31:INFO:       Episode_Reward/torso_world_angvel: 0.0283
2026-08-16 02:27:31:INFO:            Episode_Reward/dof_vel_limit: -0.0551
2026-08-16 02:27:31:INFO:         Episode_Reward/smoothness_joint: -0.0436
2026-08-16 02:27:31:INFO:       Metrics/motion/error_body_ang_vel: 8.8563
2026-08-16 02:27:31:INFO:         Episode_Termination/root_height: 98.2500
2026-08-16 02:27:31:INFO:           Metrics/motion/error_body_rot: 1.1739
2026-08-16 02:27:31:INFO:                 Episode_Reward/root_pos: 0.0125
2026-08-16 02:27:31:INFO:     Metrics/motion/error_anchor_lin_vel: 2.1242
2026-08-16 02:27:31:INFO:       Metrics/motion/error_body_lin_vel: 2.2670
2026-08-16 02:27:31:INFO:           Episode_Reward/penalty_torque: -0.0043
2026-08-16 02:27:31:INFO:       Metrics/motion/sampling_top1_prob: 0.0114
2026-08-16 02:27:31:INFO:         Metrics/motion/sampling_entropy: 0.9951
2026-08-16 02:27:31:INFO:    Episode_Reward/torso_height_tracking: 0.0253
2026-08-16 02:27:31:INFO:            Episode_Termination/time_out: 0.0000
2026-08-16 02:27:31:INFO:       Episode_Reward/joint_vel_tracking: 0.0031
2026-08-16 02:27:31:INFO:     Episode_Reward/feet_height_tracking: 0.0327
2026-08-16 02:27:31:INFO:     Metrics/motion/error_anchor_ang_vel: 5.0383
2026-08-16 02:27:31:INFO:          Metrics/motion/error_joint_vel: 27.8045
2026-08-16 02:27:31:INFO:       Episode_Reward/joint_pos_tracking: 0.0131
2026-08-16 02:27:31:INFO:              Episode_Reward/termination: -0.1000
2026-08-16 02:27:31:INFO:           Metrics/motion/error_body_pos: 0.4248
2026-08-16 02:27:31:INFO:           Episode_Reward/body_local_rot: 0.0233
2026-08-16 02:27:31:INFO:         Episode_Reward/root_orientation: 0.0143
2026-08-16 02:27:31:INFO:     Episode_Reward/residual_action_rate: -0.0377
2026-08-16 02:27:31:INFO: Episode_Reward/undesired_self_collision: -0.0036
2026-08-16 02:27:31:INFO:    Metrics/motion/sampling_uniform_mass: 0.2500
2026-08-16 02:27:31:INFO:       Episode_Reward/body_global_linvel: 0.0214
2026-08-16 02:27:31:INFO:         Metrics/motion/error_anchor_pos: 0.5709
2026-08-16 02:27:31:INFO:         Metrics/motion/error_anchor_rot: 1.2851
2026-08-16 02:27:31:INFO: Episode_Termination/torso_ground_contact_too_long: 0.0000
2026-08-16 02:27:31:INFO: Episode_Reward/undesired_ground_contact: -0.0020
2026-08-16 02:27:31:INFO:          Metrics/motion/error_joint_pos: 1.2937
2026-08-16 02:27:31:INFO:  Episode_Reward/torso_world_orientation: 0.0431
2026-08-16 02:27:31:INFO:       Episode_Termination/invalid_state: 0.0000
2026-08-16 02:27:31:INFO: --------------------------------------------------------------------------------
2026-08-16 02:27:31:INFO:                          Iteration time: 3.77s
2026-08-16 02:27:31:INFO:                            Time elapsed: 0:01:13
2026-08-16 02:27:31:INFO:                                     ETA: 8:48:06
2026-08-16 02:27:31:INFO: 
2026-08-16 02:27:39:INFO: ################################################################################
2026-08-16 02:27:39:INFO: [1m                          Learning iteration 23/10000                           [0m
2026-08-16 02:27:39:INFO: 
2026-08-16 02:27:39:INFO:                                Run name: teacher_8gpu_32768env_10000iters
2026-08-16 02:27:39:INFO:                             Total steps: 15728640
2026-08-16 02:27:39:INFO:                        Steps per second: 88502
2026-08-16 02:27:39:INFO:                         Collection time: 4.850s
2026-08-16 02:27:39:INFO:                           Learning time: 2.555s
2026-08-16 02:27:39:INFO:                         Mean value loss: 0.0921
2026-08-16 02:27:39:INFO:                     Mean surrogate loss: -0.0114
2026-08-16 02:27:39:INFO:                       Mean entropy loss: 11.6495
2026-08-16 02:27:39:INFO:                             Mean reward: 0.85
2026-08-16 02:27:39:INFO:                     Mean episode length: 42.44
2026-08-16 02:27:39:INFO:                         Mean action std: 0.50
2026-08-16 02:27:39:INFO:       Episode_Reward/body_global_angvel: 0.0060
2026-08-16 02:27:39:INFO:                Episode_Reward/feet_slip: -0.0118
2026-08-16 02:27:39:INFO:            Episode_Reward/dof_pos_limit: -0.0111
2026-08-16 02:27:39:INFO:           Episode_Reward/body_local_pos: 0.0751
2026-08-16 02:27:39:INFO:        Metrics/motion/sampling_top1_bin: 0.6321
2026-08-16 02:27:39:INFO:       Episode_Reward/torso_world_angvel: 0.0290
2026-08-16 02:27:39:INFO:            Episode_Reward/dof_vel_limit: -0.0504
2026-08-16 02:27:39:INFO:         Episode_Reward/smoothness_joint: -0.0429
2026-08-16 02:27:39:INFO:       Metrics/motion/error_body_ang_vel: 8.7587
2026-08-16 02:27:39:INFO:         Episode_Termination/root_height: 96.9500
2026-08-16 02:27:39:INFO:           Metrics/motion/error_body_rot: 1.1608
2026-08-16 02:27:39:INFO:                 Episode_Reward/root_pos: 0.0126
2026-08-16 02:27:39:INFO:     Metrics/motion/error_anchor_lin_vel: 2.1734
2026-08-16 02:27:39:INFO:       Metrics/motion/error_body_lin_vel: 2.2938
2026-08-16 02:27:39:INFO:           Episode_Reward/penalty_torque: -0.0042
2026-08-16 02:27:39:INFO:       Metrics/motion/sampling_top1_prob: 0.0115
2026-08-16 02:27:39:INFO:         Metrics/motion/sampling_entropy: 0.9951
2026-08-16 02:27:39:INFO:    Episode_Reward/torso_height_tracking: 0.0262
2026-08-16 02:27:39:INFO:            Episode_Termination/time_out: 0.0000
2026-08-16 02:27:39:INFO:       Episode_Reward/joint_vel_tracking: 0.0032
2026-08-16 02:27:39:INFO:     Episode_Reward/feet_height_tracking: 0.0333
2026-08-16 02:27:39:INFO:     Metrics/motion/error_anchor_ang_vel: 4.9798
2026-08-16 02:27:39:INFO:          Metrics/motion/error_joint_vel: 27.5003
2026-08-16 02:27:39:INFO:       Episode_Reward/joint_pos_tracking: 0.0133
2026-08-16 02:27:39:INFO:              Episode_Reward/termination: -0.1000
2026-08-16 02:27:39:INFO:           Metrics/motion/error_body_pos: 0.4223
2026-08-16 02:27:39:INFO:           Episode_Reward/body_local_rot: 0.0241
2026-08-16 02:27:39:INFO:         Episode_Reward/root_orientation: 0.0146
2026-08-16 02:27:39:INFO:     Episode_Reward/residual_action_rate: -0.0375
2026-08-16 02:27:39:INFO: Episode_Reward/undesired_self_collision: -0.0036
2026-08-16 02:27:39:INFO:    Metrics/motion/sampling_uniform_mass: 0.2500
2026-08-16 02:27:39:INFO:       Episode_Reward/body_global_linvel: 0.0220
2026-08-16 02:27:39:INFO:         Metrics/motion/error_anchor_pos: 0.5812
2026-08-16 02:27:39:INFO:         Metrics/motion/error_anchor_rot: 1.2749
2026-08-16 02:27:39:INFO: Episode_Termination/torso_ground_contact_too_long: 0.0000
2026-08-16 02:27:39:INFO: Episode_Reward/undesired_ground_contact: -0.0015
2026-08-16 02:27:39:INFO:          Metrics/motion/error_joint_pos: 1.2664
2026-08-16 02:27:39:INFO:  Episode_Reward/torso_world_orientation: 0.0446
2026-08-16 02:27:39:INFO:       Episode_Termination/invalid_state: 0.0000
2026-08-16 02:27:39:INFO: --------------------------------------------------------------------------------
2026-08-16 02:27:39:INFO:                          Iteration time: 7.41s
2026-08-16 02:27:39:INFO:                            Time elapsed: 0:01:20
2026-08-16 02:27:39:INFO:                                     ETA: 9:17:21
2026-08-16 02:27:39:INFO: 
2026-08-16 02:27:48:INFO: ################################################################################
2026-08-16 02:27:48:INFO: [1m                          Learning iteration 24/10000                           [0m
2026-08-16 02:27:48:INFO: 
2026-08-16 02:27:48:INFO:                                Run name: teacher_8gpu_32768env_10000iters
2026-08-16 02:27:48:INFO:                             Total steps: 16384000
2026-08-16 02:27:48:INFO:                        Steps per second: 81509
2026-08-16 02:27:48:INFO:                         Collection time: 5.649s
2026-08-16 02:27:48:INFO:                           Learning time: 2.392s
2026-08-16 02:27:48:INFO:                         Mean value loss: 0.0926
2026-08-16 02:27:48:INFO:                     Mean surrogate loss: -0.0107
2026-08-16 02:27:48:INFO:                       Mean entropy loss: 11.4238
2026-08-16 02:27:48:INFO:                             Mean reward: 1.14
2026-08-16 02:27:48:INFO:                     Mean episode length: 41.79
2026-08-16 02:27:48:INFO:                         Mean action std: 0.50
2026-08-16 02:27:48:INFO:       Episode_Reward/body_global_angvel: 0.0063
2026-08-16 02:27:48:INFO:                Episode_Reward/feet_slip: -0.0118
2026-08-16 02:27:48:INFO:            Episode_Reward/dof_pos_limit: -0.0109
2026-08-16 02:27:48:INFO:           Episode_Reward/body_local_pos: 0.0758
2026-08-16 02:27:48:INFO:        Metrics/motion/sampling_top1_bin: 0.4434
2026-08-16 02:27:48:INFO:       Episode_Reward/torso_world_angvel: 0.0293
2026-08-16 02:27:48:INFO:            Episode_Reward/dof_vel_limit: -0.0465
2026-08-16 02:27:48:INFO:         Episode_Reward/smoothness_joint: -0.0421
2026-08-16 02:27:48:INFO:       Metrics/motion/error_body_ang_vel: 8.6797
2026-08-16 02:27:48:INFO:         Episode_Termination/root_height: 98.7500
2026-08-16 02:27:48:INFO:           Metrics/motion/error_body_rot: 1.1722
2026-08-16 02:27:48:INFO:                 Episode_Reward/root_pos: 0.0127
2026-08-16 02:27:48:INFO:     Metrics/motion/error_anchor_lin_vel: 2.1662
2026-08-16 02:27:48:INFO:       Metrics/motion/error_body_lin_vel: 2.2867
2026-08-16 02:27:48:INFO:           Episode_Reward/penalty_torque: -0.0042
2026-08-16 02:27:48:INFO:       Metrics/motion/sampling_top1_prob: 0.0117
2026-08-16 02:27:48:INFO:         Metrics/motion/sampling_entropy: 0.9951
2026-08-16 02:27:48:INFO:    Episode_Reward/torso_height_tracking: 0.0264
2026-08-16 02:27:48:INFO:            Episode_Termination/time_out: 0.0000
2026-08-16 02:27:48:INFO:       Episode_Reward/joint_vel_tracking: 0.0033
2026-08-16 02:27:48:INFO:     Episode_Reward/feet_height_tracking: 0.0339
2026-08-16 02:27:48:INFO:     Metrics/motion/error_anchor_ang_vel: 4.9431
2026-08-16 02:27:48:INFO:          Metrics/motion/error_joint_vel: 27.2871
2026-08-16 02:27:48:INFO:       Episode_Reward/joint_pos_tracking: 0.0134
2026-08-16 02:27:48:INFO:              Episode_Reward/termination: -0.1000
2026-08-16 02:27:48:INFO:           Metrics/motion/error_body_pos: 0.4243
2026-08-16 02:27:48:INFO:           Episode_Reward/body_local_rot: 0.0247
2026-08-16 02:27:48:INFO:         Episode_Reward/root_orientation: 0.0151
2026-08-16 02:27:48:INFO:     Episode_Reward/residual_action_rate: -0.0372
2026-08-16 02:27:48:INFO: Episode_Reward/undesired_self_collision: -0.0033
2026-08-16 02:27:48:INFO:    Metrics/motion/sampling_uniform_mass: 0.2500
2026-08-16 02:27:48:INFO:       Episode_Reward/body_global_linvel: 0.0224
2026-08-16 02:27:48:INFO:         Metrics/motion/error_anchor_pos: 0.5852
2026-08-16 02:27:48:INFO:         Metrics/motion/error_anchor_rot: 1.2811
2026-08-16 02:27:48:INFO: Episode_Termination/torso_ground_contact_too_long: 0.0000
2026-08-16 02:27:48:INFO: Episode_Reward/undesired_ground_contact: -0.0018
2026-08-16 02:27:48:INFO:          Metrics/motion/error_joint_pos: 1.2604
2026-08-16 02:27:48:INFO:  Episode_Reward/torso_world_orientation: 0.0457
2026-08-16 02:27:48:INFO:       Episode_Termination/invalid_state: 0.0000
2026-08-16 02:27:48:INFO: --------------------------------------------------------------------------------
2026-08-16 02:27:48:INFO:                          Iteration time: 8.04s
2026-08-16 02:27:48:INFO:                            Time elapsed: 0:01:28
2026-08-16 02:27:48:INFO:                                     ETA: 9:48:28
2026-08-16 02:27:48:INFO: 
2026-08-16 02:27:56:INFO: ################################################################################
2026-08-16 02:27:56:INFO: [1m                          Learning iteration 25/10000                           [0m
2026-08-16 02:27:56:INFO: 
2026-08-16 02:27:56:INFO:                                Run name: teacher_8gpu_32768env_10000iters
2026-08-16 02:27:56:INFO:                             Total steps: 17039360
2026-08-16 02:27:56:INFO:                        Steps per second: 84913
2026-08-16 02:27:56:INFO:                         Collection time: 5.136s
2026-08-16 02:27:56:INFO:                           Learning time: 2.582s
2026-08-16 02:27:56:INFO:                         Mean value loss: 0.0933
2026-08-16 02:27:56:INFO:                     Mean surrogate loss: -0.0096
2026-08-16 02:27:56:INFO:                       Mean entropy loss: 11.1787
2026-08-16 02:27:56:INFO:                             Mean reward: 1.15
2026-08-16 02:27:56:INFO:                     Mean episode length: 39.91
2026-08-16 02:27:56:INFO:                         Mean action std: 0.49
2026-08-16 02:27:56:INFO:       Episode_Reward/body_global_angvel: 0.0065
2026-08-16 02:27:56:INFO:                Episode_Reward/feet_slip: -0.0115
2026-08-16 02:27:56:INFO:            Episode_Reward/dof_pos_limit: -0.0106
2026-08-16 02:27:56:INFO:           Episode_Reward/body_local_pos: 0.0755
2026-08-16 02:27:56:INFO:        Metrics/motion/sampling_top1_bin: 0.4434
2026-08-16 02:27:56:INFO:       Episode_Reward/torso_world_angvel: 0.0293
2026-08-16 02:27:56:INFO:            Episode_Reward/dof_vel_limit: -0.0425
2026-08-16 02:27:56:INFO:         Episode_Reward/smoothness_joint: -0.0409
2026-08-16 02:27:56:INFO:       Metrics/motion/error_body_ang_vel: 8.6198
2026-08-16 02:27:56:INFO:         Episode_Termination/root_height: 95.8500
2026-08-16 02:27:56:INFO:           Metrics/motion/error_body_rot: 1.1596
2026-08-16 02:27:56:INFO:                 Episode_Reward/root_pos: 0.0126
2026-08-16 02:27:56:INFO:     Metrics/motion/error_anchor_lin_vel: 2.1664
2026-08-16 02:27:56:INFO:       Metrics/motion/error_body_lin_vel: 2.2956
2026-08-16 02:27:56:INFO:           Episode_Reward/penalty_torque: -0.0041
2026-08-16 02:27:56:INFO:       Metrics/motion/sampling_top1_prob: 0.0117
2026-08-16 02:27:56:INFO:         Metrics/motion/sampling_entropy: 0.9951
2026-08-16 02:27:56:INFO:    Episode_Reward/torso_height_tracking: 0.0264
2026-08-16 02:27:56:INFO:            Episode_Termination/time_out: 0.0000
2026-08-16 02:27:56:INFO:       Episode_Reward/joint_vel_tracking: 0.0033
2026-08-16 02:27:56:INFO:     Episode_Reward/feet_height_tracking: 0.0335
2026-08-16 02:27:56:INFO:     Metrics/motion/error_anchor_ang_vel: 4.9356
2026-08-16 02:27:56:INFO:          Metrics/motion/error_joint_vel: 26.9424
2026-08-16 02:27:56:INFO:       Episode_Reward/joint_pos_tracking: 0.0134
2026-08-16 02:27:56:INFO:              Episode_Reward/termination: -0.1000
2026-08-16 02:27:56:INFO:           Metrics/motion/error_body_pos: 0.4226
2026-08-16 02:27:56:INFO:           Episode_Reward/body_local_rot: 0.0248
2026-08-16 02:27:56:INFO:         Episode_Reward/root_orientation: 0.0149
2026-08-16 02:27:56:INFO:     Episode_Reward/residual_action_rate: -0.0363
2026-08-16 02:27:56:INFO: Episode_Reward/undesired_self_collision: -0.0027
2026-08-16 02:27:56:INFO:    Metrics/motion/sampling_uniform_mass: 0.2500
2026-08-16 02:27:56:INFO:       Episode_Reward/body_global_linvel: 0.0222
2026-08-16 02:27:56:INFO:         Metrics/motion/error_anchor_pos: 0.5840
2026-08-16 02:27:56:INFO:         Metrics/motion/error_anchor_rot: 1.2711
2026-08-16 02:27:56:INFO: Episode_Termination/torso_ground_contact_too_long: 0.0000
2026-08-16 02:27:56:INFO: Episode_Reward/undesired_ground_contact: -0.0014
2026-08-16 02:27:56:INFO:          Metrics/motion/error_joint_pos: 1.2671
2026-08-16 02:27:56:INFO:  Episode_Reward/torso_world_orientation: 0.0456
2026-08-16 02:27:56:INFO:       Episode_Termination/invalid_state: 0.0000
2026-08-16 02:27:56:INFO: --------------------------------------------------------------------------------
2026-08-16 02:27:56:INFO:                          Iteration time: 7.72s
2026-08-16 02:27:56:INFO:                            Time elapsed: 0:01:36
2026-08-16 02:27:56:INFO:                                     ETA: 10:15:07
2026-08-16 02:27:56:INFO: 
2026-08-16 02:28:05:INFO: ################################################################################
2026-08-16 02:28:05:INFO: [1m                          Learning iteration 26/10000                           [0m
2026-08-16 02:28:05:INFO: 
2026-08-16 02:28:05:INFO:                                Run name: teacher_8gpu_32768env_10000iters
2026-08-16 02:28:05:INFO:                             Total steps: 17694720
2026-08-16 02:28:05:INFO:                        Steps per second: 83075
2026-08-16 02:28:05:INFO:                         Collection time: 5.510s
2026-08-16 02:28:05:INFO:                           Learning time: 2.379s
2026-08-16 02:28:05:INFO:                         Mean value loss: 0.0937
2026-08-16 02:28:05:INFO:                     Mean surrogate loss: -0.0104
2026-08-16 02:28:05:INFO:                       Mean entropy loss: 10.9815
2026-08-16 02:28:05:INFO:                             Mean reward: 1.51
2026-08-16 02:28:05:INFO:                     Mean episode length: 41.86
2026-08-16 02:28:05:INFO:                         Mean action std: 0.49
2026-08-16 02:28:05:INFO:       Episode_Reward/body_global_angvel: 0.0069
2026-08-16 02:28:05:INFO:                Episode_Reward/feet_slip: -0.0115
2026-08-16 02:28:05:INFO:            Episode_Reward/dof_pos_limit: -0.0105
2026-08-16 02:28:05:INFO:           Episode_Reward/body_local_pos: 0.0771
2026-08-16 02:28:05:INFO:        Metrics/motion/sampling_top1_bin: 0.4906
2026-08-16 02:28:05:INFO:       Episode_Reward/torso_world_angvel: 0.0301
2026-08-16 02:28:05:INFO:            Episode_Reward/dof_vel_limit: -0.0403
2026-08-16 02:28:05:INFO:         Episode_Reward/smoothness_joint: -0.0411
2026-08-16 02:28:05:INFO:       Metrics/motion/error_body_ang_vel: 8.5483
2026-08-16 02:28:05:INFO:         Episode_Termination/root_height: 96.6000
2026-08-16 02:28:05:INFO:           Metrics/motion/error_body_rot: 1.1638
2026-08-16 02:28:05:INFO:                 Episode_Reward/root_pos: 0.0127
2026-08-16 02:28:05:INFO:     Metrics/motion/error_anchor_lin_vel: 2.1478
2026-08-16 02:28:05:INFO:       Metrics/motion/error_body_lin_vel: 2.2773
2026-08-16 02:28:05:INFO:           Episode_Reward/penalty_torque: -0.0041
2026-08-16 02:28:05:INFO:       Metrics/motion/sampling_top1_prob: 0.0115
2026-08-16 02:28:05:INFO:         Metrics/motion/sampling_entropy: 0.9949
2026-08-16 02:28:05:INFO:    Episode_Reward/torso_height_tracking: 0.0270
2026-08-16 02:28:05:INFO:            Episode_Termination/time_out: 0.0000
2026-08-16 02:28:05:INFO:       Episode_Reward/joint_vel_tracking: 0.0035
2026-08-16 02:28:05:INFO:     Episode_Reward/feet_height_tracking: 0.0341
2026-08-16 02:28:05:INFO:     Metrics/motion/error_anchor_ang_vel: 4.8983
2026-08-16 02:28:05:INFO:          Metrics/motion/error_joint_vel: 26.6381
2026-08-16 02:28:05:INFO:       Episode_Reward/joint_pos_tracking: 0.0136
2026-08-16 02:28:05:INFO:              Episode_Reward/termination: -0.1000
2026-08-16 02:28:05:INFO:           Metrics/motion/error_body_pos: 0.4235
2026-08-16 02:28:05:INFO:           Episode_Reward/body_local_rot: 0.0254
2026-08-16 02:28:05:INFO:         Episode_Reward/root_orientation: 0.0153
2026-08-16 02:28:05:INFO:     Episode_Reward/residual_action_rate: -0.0365
2026-08-16 02:28:05:INFO: Episode_Reward/undesired_self_collision: -0.0026
2026-08-16 02:28:05:INFO:    Metrics/motion/sampling_uniform_mass: 0.2500
2026-08-16 02:28:05:INFO:       Episode_Reward/body_global_linvel: 0.0228
2026-08-16 02:28:05:INFO:         Metrics/motion/error_anchor_pos: 0.5882
2026-08-16 02:28:05:INFO:         Metrics/motion/error_anchor_rot: 1.2790
2026-08-16 02:28:05:INFO: Episode_Termination/torso_ground_contact_too_long: 0.0000
2026-08-16 02:28:05:INFO: Episode_Reward/undesired_ground_contact: -0.0017
2026-08-16 02:28:05:INFO:          Metrics/motion/error_joint_pos: 1.2601
2026-08-16 02:28:05:INFO:  Episode_Reward/torso_world_orientation: 0.0467
2026-08-16 02:28:05:INFO:       Episode_Termination/invalid_state: 0.0000
2026-08-16 02:28:05:INFO: --------------------------------------------------------------------------------
2026-08-16 02:28:05:INFO:                          Iteration time: 7.89s
2026-08-16 02:28:05:INFO:                            Time elapsed: 0:01:44
2026-08-16 02:28:05:INFO:                                     ETA: 10:40:51
2026-08-16 02:28:05:INFO: 
2026-08-16 02:28:13:INFO: ################################################################################
2026-08-16 02:28:13:INFO: [1m                          Learning iteration 27/10000                           [0m
2026-08-16 02:28:13:INFO: 
2026-08-16 02:28:13:INFO:                                Run name: teacher_8gpu_32768env_10000iters
2026-08-16 02:28:13:INFO:                             Total steps: 18350080
2026-08-16 02:28:13:INFO:                        Steps per second: 84443
2026-08-16 02:28:13:INFO:                         Collection time: 5.268s
2026-08-16 02:28:13:INFO:                           Learning time: 2.493s
2026-08-16 02:28:13:INFO:                         Mean value loss: 0.0926
2026-08-16 02:28:13:INFO:                     Mean surrogate loss: -0.0092
2026-08-16 02:28:13:INFO:                       Mean entropy loss: 10.7420
2026-08-16 02:28:13:INFO:                             Mean reward: 1.76
2026-08-16 02:28:13:INFO:                     Mean episode length: 44.43
2026-08-16 02:28:13:INFO:                         Mean action std: 0.48
2026-08-16 02:28:13:INFO:       Episode_Reward/body_global_angvel: 0.0072
2026-08-16 02:28:13:INFO:                Episode_Reward/feet_slip: -0.0113
2026-08-16 02:28:13:INFO:            Episode_Reward/dof_pos_limit: -0.0105
2026-08-16 02:28:13:INFO:           Episode_Reward/body_local_pos: 0.0784
2026-08-16 02:28:13:INFO:        Metrics/motion/sampling_top1_bin: 0.6085
2026-08-16 02:28:13:INFO:       Episode_Reward/torso_world_angvel: 0.0306
2026-08-16 02:28:13:INFO:            Episode_Reward/dof_vel_limit: -0.0370
2026-08-16 02:28:13:INFO:         Episode_Reward/smoothness_joint: -0.0403
2026-08-16 02:28:13:INFO:       Metrics/motion/error_body_ang_vel: 8.4648
2026-08-16 02:28:13:INFO:         Episode_Termination/root_height: 92.8000
2026-08-16 02:28:13:INFO:           Metrics/motion/error_body_rot: 1.1696
2026-08-16 02:28:13:INFO:                 Episode_Reward/root_pos: 0.0128
2026-08-16 02:28:13:INFO:     Metrics/motion/error_anchor_lin_vel: 2.1876
2026-08-16 02:28:13:INFO:       Metrics/motion/error_body_lin_vel: 2.3032
2026-08-16 02:28:13:INFO:           Episode_Reward/penalty_torque: -0.0041
2026-08-16 02:28:13:INFO:       Metrics/motion/sampling_top1_prob: 0.0117
2026-08-16 02:28:13:INFO:         Metrics/motion/sampling_entropy: 0.9949
2026-08-16 02:28:13:INFO:    Episode_Reward/torso_height_tracking: 0.0278
2026-08-16 02:28:13:INFO:            Episode_Termination/time_out: 0.0000
2026-08-16 02:28:13:INFO:       Episode_Reward/joint_vel_tracking: 0.0036
2026-08-16 02:28:13:INFO:     Episode_Reward/feet_height_tracking: 0.0346
2026-08-16 02:28:13:INFO:     Metrics/motion/error_anchor_ang_vel: 4.8998
2026-08-16 02:28:13:INFO:          Metrics/motion/error_joint_vel: 26.1838
2026-08-16 02:28:13:INFO:       Episode_Reward/joint_pos_tracking: 0.0139
2026-08-16 02:28:13:INFO:              Episode_Reward/termination: -0.1000
2026-08-16 02:28:13:INFO:           Metrics/motion/error_body_pos: 0.4254
2026-08-16 02:28:13:INFO:           Episode_Reward/body_local_rot: 0.0262
2026-08-16 02:28:13:INFO:         Episode_Reward/root_orientation: 0.0156
2026-08-16 02:28:13:INFO:     Episode_Reward/residual_action_rate: -0.0364
2026-08-16 02:28:13:INFO: Episode_Reward/undesired_self_collision: -0.0023
2026-08-16 02:28:13:INFO:    Metrics/motion/sampling_uniform_mass: 0.2500
2026-08-16 02:28:13:INFO:       Episode_Reward/body_global_linvel: 0.0232
2026-08-16 02:28:13:INFO:         Metrics/motion/error_anchor_pos: 0.6034
2026-08-16 02:28:13:INFO:         Metrics/motion/error_anchor_rot: 1.2845
2026-08-16 02:28:13:INFO: Episode_Termination/torso_ground_contact_too_long: 0.0000
2026-08-16 02:28:13:INFO: Episode_Reward/undesired_ground_contact: -0.0015
2026-08-16 02:28:13:INFO:          Metrics/motion/error_joint_pos: 1.2546
2026-08-16 02:28:13:INFO:  Episode_Reward/torso_world_orientation: 0.0479
2026-08-16 02:28:13:INFO:       Episode_Termination/invalid_state: 0.0000
2026-08-16 02:28:13:INFO: --------------------------------------------------------------------------------
2026-08-16 02:28:13:INFO:                          Iteration time: 7.76s
2026-08-16 02:28:13:INFO:                            Time elapsed: 0:01:51
2026-08-16 02:28:13:INFO:                                     ETA: 11:03:58
2026-08-16 02:28:13:INFO: 
2026-08-16 02:28:21:INFO: ################################################################################
2026-08-16 02:28:21:INFO: [1m                          Learning iteration 28/10000                           [0m
2026-08-16 02:28:21:INFO: 
2026-08-16 02:28:21:INFO:                                Run name: teacher_8gpu_32768env_10000iters
2026-08-16 02:28:21:INFO:                             Total steps: 19005440
2026-08-16 02:28:21:INFO:                        Steps per second: 84045
2026-08-16 02:28:21:INFO:                         Collection time: 5.346s
2026-08-16 02:28:21:INFO:                           Learning time: 2.452s
2026-08-16 02:28:21:INFO:                         Mean value loss: 0.0854
2026-08-16 02:28:21:INFO:                     Mean surrogate loss: -0.0080
2026-08-16 02:28:21:INFO:                       Mean entropy loss: 10.5260
2026-08-16 02:28:21:INFO:                             Mean reward: 1.93
2026-08-16 02:28:21:INFO:                     Mean episode length: 42.94
2026-08-16 02:28:21:INFO:                         Mean action std: 0.47
2026-08-16 02:28:21:INFO:       Episode_Reward/body_global_angvel: 0.0075
2026-08-16 02:28:21:INFO:                Episode_Reward/feet_slip: -0.0112
2026-08-16 02:28:21:INFO:            Episode_Reward/dof_pos_limit: -0.0102
2026-08-16 02:28:21:INFO:           Episode_Reward/body_local_pos: 0.0790
2026-08-16 02:28:21:INFO:        Metrics/motion/sampling_top1_bin: 0.6675
2026-08-16 02:28:21:INFO:       Episode_Reward/torso_world_angvel: 0.0312
2026-08-16 02:28:21:INFO:            Episode_Reward/dof_vel_limit: -0.0332
2026-08-16 02:28:21:INFO:         Episode_Reward/smoothness_joint: -0.0399
2026-08-16 02:28:21:INFO:       Metrics/motion/error_body_ang_vel: 8.3783
2026-08-16 02:28:21:INFO:         Episode_Termination/root_height: 95.7000
2026-08-16 02:28:21:INFO:           Metrics/motion/error_body_rot: 1.1569
2026-08-16 02:28:21:INFO:                 Episode_Reward/root_pos: 0.0130
2026-08-16 02:28:21:INFO:     Metrics/motion/error_anchor_lin_vel: 2.2054
2026-08-16 02:28:21:INFO:       Metrics/motion/error_body_lin_vel: 2.2939
2026-08-16 02:28:21:INFO:           Episode_Reward/penalty_torque: -0.0040
2026-08-16 02:28:21:INFO:       Metrics/motion/sampling_top1_prob: 0.0119
2026-08-16 02:28:21:INFO:         Metrics/motion/sampling_entropy: 0.9948
2026-08-16 02:28:21:INFO:    Episode_Reward/torso_height_tracking: 0.0282
2026-08-16 02:28:21:INFO:            Episode_Termination/time_out: 0.0000
2026-08-16 02:28:21:INFO:       Episode_Reward/joint_vel_tracking: 0.0037
2026-08-16 02:28:21:INFO:     Episode_Reward/feet_height_tracking: 0.0351
2026-08-16 02:28:21:INFO:     Metrics/motion/error_anchor_ang_vel: 4.8542
2026-08-16 02:28:21:INFO:          Metrics/motion/error_joint_vel: 25.9931
2026-08-16 02:28:21:INFO:       Episode_Reward/joint_pos_tracking: 0.0140
2026-08-16 02:28:21:INFO:              Episode_Reward/termination: -0.1000
2026-08-16 02:28:21:INFO:           Metrics/motion/error_body_pos: 0.4223
2026-08-16 02:28:21:INFO:           Episode_Reward/body_local_rot: 0.0270
2026-08-16 02:28:21:INFO:         Episode_Reward/root_orientation: 0.0159
2026-08-16 02:28:21:INFO:     Episode_Reward/residual_action_rate: -0.0359
2026-08-16 02:28:21:INFO: Episode_Reward/undesired_self_collision: -0.0021
2026-08-16 02:28:21:INFO:    Metrics/motion/sampling_uniform_mass: 0.2500
2026-08-16 02:28:21:INFO:       Episode_Reward/body_global_linvel: 0.0238
2026-08-16 02:28:21:INFO:         Metrics/motion/error_anchor_pos: 0.5975
2026-08-16 02:28:21:INFO:         Metrics/motion/error_anchor_rot: 1.2630
2026-08-16 02:28:21:INFO: Episode_Termination/torso_ground_contact_too_long: 0.0000
2026-08-16 02:28:21:INFO: Episode_Reward/undesired_ground_contact: -0.0017
2026-08-16 02:28:21:INFO:          Metrics/motion/error_joint_pos: 1.2289
2026-08-16 02:28:21:INFO:  Episode_Reward/torso_world_orientation: 0.0493
2026-08-16 02:28:21:INFO:       Episode_Termination/invalid_state: 0.0000
2026-08-16 02:28:21:INFO: --------------------------------------------------------------------------------
2026-08-16 02:28:21:INFO:                          Iteration time: 7.80s
2026-08-16 02:28:21:INFO:                            Time elapsed: 0:01:59
2026-08-16 02:28:21:INFO:                                     ETA: 11:25:41
2026-08-16 02:28:21:INFO: 
2026-08-16 02:28:30:INFO: ################################################################################
2026-08-16 02:28:30:INFO: [1m                          Learning iteration 29/10000                           [0m
2026-08-16 02:28:30:INFO: 
2026-08-16 02:28:30:INFO:                                Run name: teacher_8gpu_32768env_10000iters
2026-08-16 02:28:30:INFO:                             Total steps: 19660800
2026-08-16 02:28:30:INFO:                        Steps per second: 79114
2026-08-16 02:28:30:INFO:                         Collection time: 5.857s
2026-08-16 02:28:30:INFO:                           Learning time: 2.427s
2026-08-16 02:28:30:INFO:                         Mean value loss: 0.0895
2026-08-16 02:28:30:INFO:                     Mean surrogate loss: -0.0090
2026-08-16 02:28:30:INFO:                       Mean entropy loss: 10.3090
2026-08-16 02:28:30:INFO:                             Mean reward: 2.16
2026-08-16 02:28:30:INFO:                     Mean episode length: 47.53
2026-08-16 02:28:30:INFO:                         Mean action std: 0.47
2026-08-16 02:28:30:INFO:       Episode_Reward/body_global_angvel: 0.0078
2026-08-16 02:28:30:INFO:                Episode_Reward/feet_slip: -0.0111
2026-08-16 02:28:30:INFO:            Episode_Reward/dof_pos_limit: -0.0101
2026-08-16 02:28:30:INFO:           Episode_Reward/body_local_pos: 0.0801
2026-08-16 02:28:30:INFO:        Metrics/motion/sampling_top1_bin: 0.6792
2026-08-16 02:28:30:INFO:       Episode_Reward/torso_world_angvel: 0.0315
2026-08-16 02:28:30:INFO:            Episode_Reward/dof_vel_limit: -0.0321
2026-08-16 02:28:30:INFO:         Episode_Reward/smoothness_joint: -0.0400
2026-08-16 02:28:30:INFO:       Metrics/motion/error_body_ang_vel: 8.3901
2026-08-16 02:28:30:INFO:         Episode_Termination/root_height: 93.7000
2026-08-16 02:28:30:INFO:           Metrics/motion/error_body_rot: 1.1585
2026-08-16 02:28:30:INFO:                 Episode_Reward/root_pos: 0.0132
2026-08-16 02:28:30:INFO:     Metrics/motion/error_anchor_lin_vel: 2.1938
2026-08-16 02:28:30:INFO:       Metrics/motion/error_body_lin_vel: 2.2958
2026-08-16 02:28:30:INFO:           Episode_Reward/penalty_torque: -0.0040
2026-08-16 02:28:30:INFO:       Metrics/motion/sampling_top1_prob: 0.0123
2026-08-16 02:28:30:INFO:         Metrics/motion/sampling_entropy: 0.9948
2026-08-16 02:28:30:INFO:    Episode_Reward/torso_height_tracking: 0.0289
2026-08-16 02:28:30:INFO:            Episode_Termination/time_out: 0.0000
2026-08-16 02:28:30:INFO:       Episode_Reward/joint_vel_tracking: 0.0038
2026-08-16 02:28:30:INFO:     Episode_Reward/feet_height_tracking: 0.0354
2026-08-16 02:28:30:INFO:     Metrics/motion/error_anchor_ang_vel: 4.8577
2026-08-16 02:28:30:INFO:          Metrics/motion/error_joint_vel: 25.9728
2026-08-16 02:28:30:INFO:       Episode_Reward/joint_pos_tracking: 0.0142
2026-08-16 02:28:30:INFO:              Episode_Reward/termination: -0.1000
2026-08-16 02:28:30:INFO:           Metrics/motion/error_body_pos: 0.4222
2026-08-16 02:28:30:INFO:           Episode_Reward/body_local_rot: 0.0277
2026-08-16 02:28:30:INFO:         Episode_Reward/root_orientation: 0.0164
2026-08-16 02:28:30:INFO:     Episode_Reward/residual_action_rate: -0.0358
2026-08-16 02:28:30:INFO: Episode_Reward/undesired_self_collision: -0.0018
2026-08-16 02:28:30:INFO:    Metrics/motion/sampling_uniform_mass: 0.2500
2026-08-16 02:28:30:INFO:       Episode_Reward/body_global_linvel: 0.0241
2026-08-16 02:28:30:INFO:         Metrics/motion/error_anchor_pos: 0.5992
2026-08-16 02:28:30:INFO:         Metrics/motion/error_anchor_rot: 1.2814
2026-08-16 02:28:30:INFO: Episode_Termination/torso_ground_contact_too_long: 0.0000
2026-08-16 02:28:30:INFO: Episode_Reward/undesired_ground_contact: -0.0014
2026-08-16 02:28:30:INFO:          Metrics/motion/error_joint_pos: 1.2323
2026-08-16 02:28:30:INFO:  Episode_Reward/torso_world_orientation: 0.0507
2026-08-16 02:28:30:INFO:       Episode_Termination/invalid_state: 0.0000
2026-08-16 02:28:30:INFO: --------------------------------------------------------------------------------
2026-08-16 02:28:30:INFO:                          Iteration time: 8.28s
2026-08-16 02:28:30:INFO:                            Time elapsed: 0:02:07
2026-08-16 02:28:30:INFO:                                     ETA: 11:48:39
2026-08-16 02:28:30:INFO: 
2026-08-16 02:28:38:INFO: ################################################################################
2026-08-16 02:28:38:INFO: [1m                          Learning iteration 30/10000                           [0m
2026-08-16 02:28:38:INFO: 
2026-08-16 02:28:38:INFO:                                Run name: teacher_8gpu_32768env_10000iters
2026-08-16 02:28:38:INFO:                             Total steps: 20316160
2026-08-16 02:28:38:INFO:                        Steps per second: 88369
2026-08-16 02:28:38:INFO:                         Collection time: 4.833s
2026-08-16 02:28:38:INFO:                           Learning time: 2.584s
2026-08-16 02:28:38:INFO:                         Mean value loss: 0.0925
2026-08-16 02:28:38:INFO:                     Mean surrogate loss: -0.0076
2026-08-16 02:28:38:INFO:                       Mean entropy loss: 10.0828
2026-08-16 02:28:38:INFO:                             Mean reward: 2.49
2026-08-16 02:28:38:INFO:                     Mean episode length: 46.45
2026-08-16 02:28:38:INFO:                         Mean action std: 0.46
2026-08-16 02:28:38:INFO:       Episode_Reward/body_global_angvel: 0.0081
2026-08-16 02:28:38:INFO:                Episode_Reward/feet_slip: -0.0111
2026-08-16 02:28:38:INFO:            Episode_Reward/dof_pos_limit: -0.0100
2026-08-16 02:28:38:INFO:           Episode_Reward/body_local_pos: 0.0800
2026-08-16 02:28:38:INFO:        Metrics/motion/sampling_top1_bin: 0.6792
2026-08-16 02:28:38:INFO:       Episode_Reward/torso_world_angvel: 0.0316
2026-08-16 02:28:38:INFO:            Episode_Reward/dof_vel_limit: -0.0292
2026-08-16 02:28:38:INFO:         Episode_Reward/smoothness_joint: -0.0387
2026-08-16 02:28:38:INFO:       Metrics/motion/error_body_ang_vel: 8.3539
2026-08-16 02:28:38:INFO:         Episode_Termination/root_height: 93.3000
2026-08-16 02:28:38:INFO:           Metrics/motion/error_body_rot: 1.1708
2026-08-16 02:28:38:INFO:                 Episode_Reward/root_pos: 0.0131
2026-08-16 02:28:38:INFO:     Metrics/motion/error_anchor_lin_vel: 2.2140
2026-08-16 02:28:38:INFO:       Metrics/motion/error_body_lin_vel: 2.3122
2026-08-16 02:28:38:INFO:           Episode_Reward/penalty_torque: -0.0040
2026-08-16 02:28:38:INFO:       Metrics/motion/sampling_top1_prob: 0.0127
2026-08-16 02:28:38:INFO:         Metrics/motion/sampling_entropy: 0.9945
2026-08-16 02:28:38:INFO:    Episode_Reward/torso_height_tracking: 0.0290
2026-08-16 02:28:38:INFO:            Episode_Termination/time_out: 0.0000
2026-08-16 02:28:38:INFO:       Episode_Reward/joint_vel_tracking: 0.0039
2026-08-16 02:28:38:INFO:     Episode_Reward/feet_height_tracking: 0.0352
2026-08-16 02:28:38:INFO:     Metrics/motion/error_anchor_ang_vel: 4.9112
2026-08-16 02:28:38:INFO:          Metrics/motion/error_joint_vel: 25.4267
2026-08-16 02:28:38:INFO:       Episode_Reward/joint_pos_tracking: 0.0142
2026-08-16 02:28:38:INFO:              Episode_Reward/termination: -0.1000
2026-08-16 02:28:38:INFO:           Metrics/motion/error_body_pos: 0.4256
2026-08-16 02:28:38:INFO:           Episode_Reward/body_local_rot: 0.0278
2026-08-16 02:28:38:INFO:         Episode_Reward/root_orientation: 0.0163
2026-08-16 02:28:38:INFO:     Episode_Reward/residual_action_rate: -0.0352
2026-08-16 02:28:38:INFO: Episode_Reward/undesired_self_collision: -0.0019
2026-08-16 02:28:38:INFO:    Metrics/motion/sampling_uniform_mass: 0.2500
2026-08-16 02:28:38:INFO:       Episode_Reward/body_global_linvel: 0.0240
2026-08-16 02:28:38:INFO:         Metrics/motion/error_anchor_pos: 0.6108
2026-08-16 02:28:38:INFO:         Metrics/motion/error_anchor_rot: 1.2758
2026-08-16 02:28:38:INFO: Episode_Termination/torso_ground_contact_too_long: 0.0000
2026-08-16 02:28:38:INFO: Episode_Reward/undesired_ground_contact: -0.0016
2026-08-16 02:28:38:INFO:          Metrics/motion/error_joint_pos: 1.2312
2026-08-16 02:28:38:INFO:  Episode_Reward/torso_world_orientation: 0.0507
2026-08-16 02:28:38:INFO:       Episode_Termination/invalid_state: 0.0000
2026-08-16 02:28:38:INFO: --------------------------------------------------------------------------------
2026-08-16 02:28:38:INFO:                          Iteration time: 7.42s
2026-08-16 02:28:38:INFO:                            Time elapsed: 0:02:15
2026-08-16 02:28:38:INFO:                                     ETA: 12:05:28
2026-08-16 02:28:38:INFO: 
2026-08-16 02:28:47:INFO: ################################################################################
2026-08-16 02:28:47:INFO: [1m                          Learning iteration 31/10000                           [0m
2026-08-16 02:28:47:INFO: 
2026-08-16 02:28:47:INFO:                                Run name: teacher_8gpu_32768env_10000iters
2026-08-16 02:28:47:INFO:                             Total steps: 20971520
2026-08-16 02:28:47:INFO:                        Steps per second: 80751
2026-08-16 02:28:47:INFO:                         Collection time: 5.734s
2026-08-16 02:28:47:INFO:                           Learning time: 2.382s
2026-08-16 02:28:47:INFO:                         Mean value loss: 0.0862
2026-08-16 02:28:47:INFO:                     Mean surrogate loss: -0.0080
2026-08-16 02:28:47:INFO:                       Mean entropy loss: 9.8863
2026-08-16 02:28:47:INFO:                             Mean reward: 2.45
2026-08-16 02:28:47:INFO:                     Mean episode length: 45.98
2026-08-16 02:28:47:INFO:                         Mean action std: 0.46
2026-08-16 02:28:47:INFO:       Episode_Reward/body_global_angvel: 0.0082
2026-08-16 02:28:47:INFO:                Episode_Reward/feet_slip: -0.0109
2026-08-16 02:28:47:INFO:            Episode_Reward/dof_pos_limit: -0.0097
2026-08-16 02:28:47:INFO:           Episode_Reward/body_local_pos: 0.0800
2026-08-16 02:28:47:INFO:        Metrics/motion/sampling_top1_bin: 0.6792
2026-08-16 02:28:47:INFO:       Episode_Reward/torso_world_angvel: 0.0318
2026-08-16 02:28:47:INFO:            Episode_Reward/dof_vel_limit: -0.0283
2026-08-16 02:28:47:INFO:         Episode_Reward/smoothness_joint: -0.0384
2026-08-16 02:28:47:INFO:       Metrics/motion/error_body_ang_vel: 8.2966
2026-08-16 02:28:47:INFO:         Episode_Termination/root_height: 92.1000
2026-08-16 02:28:47:INFO:           Metrics/motion/error_body_rot: 1.1529
2026-08-16 02:28:47:INFO:                 Episode_Reward/root_pos: 0.0132
2026-08-16 02:28:47:INFO:     Metrics/motion/error_anchor_lin_vel: 2.2213
2026-08-16 02:28:47:INFO:       Metrics/motion/error_body_lin_vel: 2.3064
2026-08-16 02:28:47:INFO:           Episode_Reward/penalty_torque: -0.0039
2026-08-16 02:28:47:INFO:       Metrics/motion/sampling_top1_prob: 0.0129
2026-08-16 02:28:47:INFO:         Metrics/motion/sampling_entropy: 0.9944
2026-08-16 02:28:47:INFO:    Episode_Reward/torso_height_tracking: 0.0293
2026-08-16 02:28:47:INFO:            Episode_Termination/time_out: 0.0000
2026-08-16 02:28:47:INFO:       Episode_Reward/joint_vel_tracking: 0.0039
2026-08-16 02:28:47:INFO:     Episode_Reward/feet_height_tracking: 0.0350
2026-08-16 02:28:47:INFO:     Metrics/motion/error_anchor_ang_vel: 4.8282
2026-08-16 02:28:47:INFO:          Metrics/motion/error_joint_vel: 25.4429
2026-08-16 02:28:47:INFO:       Episode_Reward/joint_pos_tracking: 0.0142
2026-08-16 02:28:47:INFO:              Episode_Reward/termination: -0.1000
2026-08-16 02:28:47:INFO:           Metrics/motion/error_body_pos: 0.4227
2026-08-16 02:28:47:INFO:           Episode_Reward/body_local_rot: 0.0281
2026-08-16 02:28:47:INFO:         Episode_Reward/root_orientation: 0.0166
2026-08-16 02:28:47:INFO:     Episode_Reward/residual_action_rate: -0.0347
2026-08-16 02:28:47:INFO: Episode_Reward/undesired_self_collision: -0.0015
2026-08-16 02:28:47:INFO:    Metrics/motion/sampling_uniform_mass: 0.2500
2026-08-16 02:28:47:INFO:       Episode_Reward/body_global_linvel: 0.0241
2026-08-16 02:28:47:INFO:         Metrics/motion/error_anchor_pos: 0.6039
2026-08-16 02:28:47:INFO:         Metrics/motion/error_anchor_rot: 1.2665
2026-08-16 02:28:47:INFO: Episode_Termination/torso_ground_contact_too_long: 0.0000
2026-08-16 02:28:47:INFO: Episode_Reward/undesired_ground_contact: -0.0008
2026-08-16 02:28:47:INFO:          Metrics/motion/error_joint_pos: 1.2259
2026-08-16 02:28:47:INFO:  Episode_Reward/torso_world_orientation: 0.0513
2026-08-16 02:28:47:INFO:       Episode_Termination/invalid_state: 0.0000
2026-08-16 02:28:47:INFO: --------------------------------------------------------------------------------
2026-08-16 02:28:47:INFO:                          Iteration time: 8.12s
2026-08-16 02:28:47:INFO:                            Time elapsed: 0:02:23
2026-08-16 02:28:47:INFO:                                     ETA: 12:24:52
2026-08-16 02:28:47:INFO: 
2026-08-16 02:28:55:INFO: ################################################################################
2026-08-16 02:28:55:INFO: [1m                          Learning iteration 32/10000                           [0m
2026-08-16 02:28:55:INFO: 
2026-08-16 02:28:55:INFO:                                Run name: teacher_8gpu_32768env_10000iters
2026-08-16 02:28:55:INFO:                             Total steps: 21626880
2026-08-16 02:28:55:INFO:                        Steps per second: 85498
2026-08-16 02:28:55:INFO:                         Collection time: 5.128s
2026-08-16 02:28:55:INFO:                           Learning time: 2.537s
2026-08-16 02:28:55:INFO:                         Mean value loss: 0.0863
2026-08-16 02:28:55:INFO:                     Mean surrogate loss: -0.0076
2026-08-16 02:28:55:INFO:                       Mean entropy loss: 9.6703
2026-08-16 02:28:55:INFO:                             Mean reward: 2.64
2026-08-16 02:28:55:INFO:                     Mean episode length: 47.17
2026-08-16 02:28:55:INFO:                         Mean action std: 0.45
2026-08-16 02:28:55:INFO:       Episode_Reward/body_global_angvel: 0.0086
2026-08-16 02:28:55:INFO:                Episode_Reward/feet_slip: -0.0107
2026-08-16 02:28:55:INFO:            Episode_Reward/dof_pos_limit: -0.0095
2026-08-16 02:28:55:INFO:           Episode_Reward/body_local_pos: 0.0809
2026-08-16 02:28:55:INFO:        Metrics/motion/sampling_top1_bin: 0.6675
2026-08-16 02:28:55:INFO:       Episode_Reward/torso_world_angvel: 0.0322
2026-08-16 02:28:55:INFO:            Episode_Reward/dof_vel_limit: -0.0256
2026-08-16 02:28:55:INFO:         Episode_Reward/smoothness_joint: -0.0377
2026-08-16 02:28:55:INFO:       Metrics/motion/error_body_ang_vel: 8.2249
2026-08-16 02:28:55:INFO:         Episode_Termination/root_height: 91.6500
2026-08-16 02:28:55:INFO:           Metrics/motion/error_body_rot: 1.1545
2026-08-16 02:28:55:INFO:                 Episode_Reward/root_pos: 0.0132
2026-08-16 02:28:55:INFO:     Metrics/motion/error_anchor_lin_vel: 2.2144
2026-08-16 02:28:55:INFO:       Metrics/motion/error_body_lin_vel: 2.3031
2026-08-16 02:28:55:INFO:           Episode_Reward/penalty_torque: -0.0039
2026-08-16 02:28:55:INFO:       Metrics/motion/sampling_top1_prob: 0.0127
2026-08-16 02:28:55:INFO:         Metrics/motion/sampling_entropy: 0.9944
2026-08-16 02:28:55:INFO:    Episode_Reward/torso_height_tracking: 0.0297
2026-08-16 02:28:55:INFO:            Episode_Termination/time_out: 0.0000
2026-08-16 02:28:55:INFO:       Episode_Reward/joint_vel_tracking: 0.0040
2026-08-16 02:28:55:INFO:     Episode_Reward/feet_height_tracking: 0.0354
2026-08-16 02:28:55:INFO:     Metrics/motion/error_anchor_ang_vel: 4.9006
2026-08-16 02:28:55:INFO:          Metrics/motion/error_joint_vel: 25.1893
2026-08-16 02:28:55:INFO:       Episode_Reward/joint_pos_tracking: 0.0144
2026-08-16 02:28:55:INFO:              Episode_Reward/termination: -0.1000
2026-08-16 02:28:55:INFO:           Metrics/motion/error_body_pos: 0.4226
2026-08-16 02:28:55:INFO:           Episode_Reward/body_local_rot: 0.0287
2026-08-16 02:28:55:INFO:         Episode_Reward/root_orientation: 0.0169
2026-08-16 02:28:55:INFO:     Episode_Reward/residual_action_rate: -0.0345
2026-08-16 02:28:55:INFO: Episode_Reward/undesired_self_collision: -0.0013
2026-08-16 02:28:55:INFO:    Metrics/motion/sampling_uniform_mass: 0.2500
2026-08-16 02:28:55:INFO:       Episode_Reward/body_global_linvel: 0.0246
2026-08-16 02:28:55:INFO:         Metrics/motion/error_anchor_pos: 0.6100
2026-08-16 02:28:55:INFO:         Metrics/motion/error_anchor_rot: 1.2530
2026-08-16 02:28:55:INFO: Episode_Termination/torso_ground_contact_too_long: 0.0000
2026-08-16 02:28:55:INFO: Episode_Reward/undesired_ground_contact: -0.0012
2026-08-16 02:28:55:INFO:          Metrics/motion/error_joint_pos: 1.2256
2026-08-16 02:28:55:INFO:  Episode_Reward/torso_world_orientation: 0.0527
2026-08-16 02:28:55:INFO:       Episode_Termination/invalid_state: 0.0000
2026-08-16 02:28:55:INFO: --------------------------------------------------------------------------------
2026-08-16 02:28:55:INFO:                          Iteration time: 7.67s
2026-08-16 02:28:55:INFO:                            Time elapsed: 0:02:31
2026-08-16 02:28:55:INFO:                                     ETA: 12:40:48
2026-08-16 02:28:55:INFO: 
2026-08-16 02:29:04:INFO: ################################################################################
2026-08-16 02:29:04:INFO: [1m                          Learning iteration 33/10000                           [0m
2026-08-16 02:29:04:INFO: 
2026-08-16 02:29:04:INFO:                                Run name: teacher_8gpu_32768env_10000iters
2026-08-16 02:29:04:INFO:                             Total steps: 22282240
2026-08-16 02:29:04:INFO:                        Steps per second: 83133
2026-08-16 02:29:04:INFO:                         Collection time: 5.506s
2026-08-16 02:29:04:INFO:                           Learning time: 2.377s
2026-08-16 02:29:04:INFO:                         Mean value loss: 0.0849
2026-08-16 02:29:04:INFO:                     Mean surrogate loss: -0.0080
2026-08-16 02:29:04:INFO:                       Mean entropy loss: 9.4516
2026-08-16 02:29:04:INFO:                             Mean reward: 2.19
2026-08-16 02:29:04:INFO:                     Mean episode length: 43.62
2026-08-16 02:29:04:INFO:                         Mean action std: 0.45
2026-08-16 02:29:04:INFO:       Episode_Reward/body_global_angvel: 0.0089
2026-08-16 02:29:04:INFO:                Episode_Reward/feet_slip: -0.0109
2026-08-16 02:29:04:INFO:            Episode_Reward/dof_pos_limit: -0.0095
2026-08-16 02:29:04:INFO:           Episode_Reward/body_local_pos: 0.0819
2026-08-16 02:29:04:INFO:        Metrics/motion/sampling_top1_bin: 0.6792
2026-08-16 02:29:04:INFO:       Episode_Reward/torso_world_angvel: 0.0329
2026-08-16 02:29:04:INFO:            Episode_Reward/dof_vel_limit: -0.0241
2026-08-16 02:29:04:INFO:         Episode_Reward/smoothness_joint: -0.0375
2026-08-16 02:29:04:INFO:       Metrics/motion/error_body_ang_vel: 8.1199
2026-08-16 02:29:04:INFO:         Episode_Termination/root_height: 94.8000
2026-08-16 02:29:04:INFO:           Metrics/motion/error_body_rot: 1.1464
2026-08-16 02:29:04:INFO:                 Episode_Reward/root_pos: 0.0133
2026-08-16 02:29:04:INFO:     Metrics/motion/error_anchor_lin_vel: 2.1904
2026-08-16 02:29:04:INFO:       Metrics/motion/error_body_lin_vel: 2.2828
2026-08-16 02:29:04:INFO:           Episode_Reward/penalty_torque: -0.0039
2026-08-16 02:29:04:INFO:       Metrics/motion/sampling_top1_prob: 0.0126
2026-08-16 02:29:04:INFO:         Metrics/motion/sampling_entropy: 0.9945
2026-08-16 02:29:04:INFO:    Episode_Reward/torso_height_tracking: 0.0302
2026-08-16 02:29:04:INFO:            Episode_Termination/time_out: 0.0000
2026-08-16 02:29:04:INFO:       Episode_Reward/joint_vel_tracking: 0.0041
2026-08-16 02:29:04:INFO:     Episode_Reward/feet_height_tracking: 0.0358
2026-08-16 02:29:04:INFO:     Metrics/motion/error_anchor_ang_vel: 4.7832
2026-08-16 02:29:04:INFO:          Metrics/motion/error_joint_vel: 24.8644
2026-08-16 02:29:04:INFO:       Episode_Reward/joint_pos_tracking: 0.0146
2026-08-16 02:29:04:INFO:              Episode_Reward/termination: -0.1000
2026-08-16 02:29:04:INFO:           Metrics/motion/error_body_pos: 0.4214
2026-08-16 02:29:04:INFO:           Episode_Reward/body_local_rot: 0.0293
2026-08-16 02:29:04:INFO:         Episode_Reward/root_orientation: 0.0170
2026-08-16 02:29:04:INFO:     Episode_Reward/residual_action_rate: -0.0344
2026-08-16 02:29:04:INFO: Episode_Reward/undesired_self_collision: -0.0010
2026-08-16 02:29:04:INFO:    Metrics/motion/sampling_uniform_mass: 0.2500
2026-08-16 02:29:04:INFO:       Episode_Reward/body_global_linvel: 0.0250
2026-08-16 02:29:04:INFO:         Metrics/motion/error_anchor_pos: 0.6106
2026-08-16 02:29:04:INFO:         Metrics/motion/error_anchor_rot: 1.2616
2026-08-16 02:29:04:INFO: Episode_Termination/torso_ground_contact_too_long: 0.0000
2026-08-16 02:29:04:INFO: Episode_Reward/undesired_ground_contact: -0.0008
2026-08-16 02:29:04:INFO:          Metrics/motion/error_joint_pos: 1.2230
2026-08-16 02:29:04:INFO:  Episode_Reward/torso_world_orientation: 0.0534
2026-08-16 02:29:04:INFO:       Episode_Termination/invalid_state: 0.0000
2026-08-16 02:29:04:INFO: --------------------------------------------------------------------------------
2026-08-16 02:29:04:INFO:                          Iteration time: 7.88s
2026-08-16 02:29:04:INFO:                            Time elapsed: 0:02:39
2026-08-16 02:29:04:INFO:                                     ETA: 12:56:52
2026-08-16 02:29:04:INFO: 
2026-08-16 02:29:12:INFO: ################################################################################
2026-08-16 02:29:12:INFO: [1m                          Learning iteration 34/10000                           [0m
2026-08-16 02:29:12:INFO: 
2026-08-16 02:29:12:INFO:                                Run name: teacher_8gpu_32768env_10000iters
2026-08-16 02:29:12:INFO:                             Total steps: 22937600
2026-08-16 02:29:12:INFO:                        Steps per second: 82589
2026-08-16 02:29:12:INFO:                         Collection time: 5.479s
2026-08-16 02:29:12:INFO:                           Learning time: 2.457s
2026-08-16 02:29:12:INFO:                         Mean value loss: 0.0863
2026-08-16 02:29:12:INFO:                     Mean surrogate loss: -0.0071
2026-08-16 02:29:12:INFO:                       Mean entropy loss: 9.2329
2026-08-16 02:29:12:INFO:                             Mean reward: 2.53
2026-08-16 02:29:12:INFO:                     Mean episode length: 44.68
2026-08-16 02:29:12:INFO:                         Mean action std: 0.44
2026-08-16 02:29:12:INFO:       Episode_Reward/body_global_angvel: 0.0090
2026-08-16 02:29:12:INFO:                Episode_Reward/feet_slip: -0.0103
2026-08-16 02:29:12:INFO:            Episode_Reward/dof_pos_limit: -0.0091
2026-08-16 02:29:12:INFO:           Episode_Reward/body_local_pos: 0.0813
2026-08-16 02:29:12:INFO:        Metrics/motion/sampling_top1_bin: 0.6792
2026-08-16 02:29:12:INFO:       Episode_Reward/torso_world_angvel: 0.0325
2026-08-16 02:29:12:INFO:            Episode_Reward/dof_vel_limit: -0.0223
2026-08-16 02:29:12:INFO:         Episode_Reward/smoothness_joint: -0.0364
2026-08-16 02:29:12:INFO:       Metrics/motion/error_body_ang_vel: 8.1127
2026-08-16 02:29:12:INFO:         Episode_Termination/root_height: 92.0000
2026-08-16 02:29:12:INFO:           Metrics/motion/error_body_rot: 1.1456
2026-08-16 02:29:12:INFO:                 Episode_Reward/root_pos: 0.0133
2026-08-16 02:29:12:INFO:     Metrics/motion/error_anchor_lin_vel: 2.1999
2026-08-16 02:29:12:INFO:       Metrics/motion/error_body_lin_vel: 2.2966
2026-08-16 02:29:12:INFO:           Episode_Reward/penalty_torque: -0.0038
2026-08-16 02:29:12:INFO:       Metrics/motion/sampling_top1_prob: 0.0126
2026-08-16 02:29:12:INFO:         Metrics/motion/sampling_entropy: 0.9943
2026-08-16 02:29:12:INFO:    Episode_Reward/torso_height_tracking: 0.0301
2026-08-16 02:29:12:INFO:            Episode_Termination/time_out: 0.0000
2026-08-16 02:29:12:INFO:       Episode_Reward/joint_vel_tracking: 0.0042
2026-08-16 02:29:12:INFO:     Episode_Reward/feet_height_tracking: 0.0355
2026-08-16 02:29:12:INFO:     Metrics/motion/error_anchor_ang_vel: 4.8717
2026-08-16 02:29:12:INFO:          Metrics/motion/error_joint_vel: 24.6543
2026-08-16 02:29:12:INFO:       Episode_Reward/joint_pos_tracking: 0.0145
2026-08-16 02:29:12:INFO:              Episode_Reward/termination: -0.1000
2026-08-16 02:29:12:INFO:           Metrics/motion/error_body_pos: 0.4201
2026-08-16 02:29:12:INFO:           Episode_Reward/body_local_rot: 0.0293
2026-08-16 02:29:12:INFO:         Episode_Reward/root_orientation: 0.0172
2026-08-16 02:29:12:INFO:     Episode_Reward/residual_action_rate: -0.0335
2026-08-16 02:29:12:INFO: Episode_Reward/undesired_self_collision: -0.0013
2026-08-16 02:29:12:INFO:    Metrics/motion/sampling_uniform_mass: 0.2500
2026-08-16 02:29:12:INFO:       Episode_Reward/body_global_linvel: 0.0248
2026-08-16 02:29:12:INFO:         Metrics/motion/error_anchor_pos: 0.6078
2026-08-16 02:29:12:INFO:         Metrics/motion/error_anchor_rot: 1.2478
2026-08-16 02:29:12:INFO: Episode_Termination/torso_ground_contact_too_long: 0.0000
2026-08-16 02:29:12:INFO: Episode_Reward/undesired_ground_contact: -0.0014
2026-08-16 02:29:12:INFO:          Metrics/motion/error_joint_pos: 1.2210
2026-08-16 02:29:12:INFO:  Episode_Reward/torso_world_orientation: 0.0537
2026-08-16 02:29:12:INFO:       Episode_Termination/invalid_state: 0.0000
2026-08-16 02:29:12:INFO: --------------------------------------------------------------------------------
2026-08-16 02:29:12:INFO:                          Iteration time: 7.94s
2026-08-16 02:29:12:INFO:                            Time elapsed: 0:02:46
2026-08-16 02:29:12:INFO:                                     ETA: 13:12:15
2026-08-16 02:29:12:INFO: 
2026-08-16 02:29:21:INFO: ################################################################################
2026-08-16 02:29:21:INFO: [1m                          Learning iteration 35/10000                           [0m
2026-08-16 02:29:21:INFO: 
2026-08-16 02:29:21:INFO:                                Run name: teacher_8gpu_32768env_10000iters
2026-08-16 02:29:21:INFO:                             Total steps: 23592960
2026-08-16 02:29:21:INFO:                        Steps per second: 84578
2026-08-16 02:29:21:INFO:                         Collection time: 5.294s
2026-08-16 02:29:21:INFO:                           Learning time: 2.455s
2026-08-16 02:29:21:INFO:                         Mean value loss: 0.0896
2026-08-16 02:29:21:INFO:                     Mean surrogate loss: -0.0069
2026-08-16 02:29:21:INFO:                       Mean entropy loss: 9.0253
2026-08-16 02:29:21:INFO:                             Mean reward: 2.88
2026-08-16 02:29:21:INFO:                     Mean episode length: 44.66
2026-08-16 02:29:21:INFO:                         Mean action std: 0.44
2026-08-16 02:29:21:INFO:       Episode_Reward/body_global_angvel: 0.0092
2026-08-16 02:29:21:INFO:                Episode_Reward/feet_slip: -0.0103
2026-08-16 02:29:21:INFO:            Episode_Reward/dof_pos_limit: -0.0091
2026-08-16 02:29:21:INFO:           Episode_Reward/body_local_pos: 0.0814
2026-08-16 02:29:21:INFO:        Metrics/motion/sampling_top1_bin: 0.6792
2026-08-16 02:29:21:INFO:       Episode_Reward/torso_world_angvel: 0.0327
2026-08-16 02:29:21:INFO:            Episode_Reward/dof_vel_limit: -0.0200
2026-08-16 02:29:21:INFO:         Episode_Reward/smoothness_joint: -0.0359
2026-08-16 02:29:21:INFO:       Metrics/motion/error_body_ang_vel: 8.0198
2026-08-16 02:29:21:INFO:         Episode_Termination/root_height: 87.6500
2026-08-16 02:29:21:INFO:           Metrics/motion/error_body_rot: 1.1424
2026-08-16 02:29:21:INFO:                 Episode_Reward/root_pos: 0.0132
2026-08-16 02:29:21:INFO:     Metrics/motion/error_anchor_lin_vel: 2.1910
2026-08-16 02:29:21:INFO:       Metrics/motion/error_body_lin_vel: 2.2877
2026-08-16 02:29:21:INFO:           Episode_Reward/penalty_torque: -0.0037
2026-08-16 02:29:21:INFO:       Metrics/motion/sampling_top1_prob: 0.0126
2026-08-16 02:29:21:INFO:         Metrics/motion/sampling_entropy: 0.9942
2026-08-16 02:29:21:INFO:    Episode_Reward/torso_height_tracking: 0.0301
2026-08-16 02:29:21:INFO:            Episode_Termination/time_out: 0.0000
2026-08-16 02:29:21:INFO:       Episode_Reward/joint_vel_tracking: 0.0042
2026-08-16 02:29:21:INFO:     Episode_Reward/feet_height_tracking: 0.0355
2026-08-16 02:29:21:INFO:     Metrics/motion/error_anchor_ang_vel: 4.8983
2026-08-16 02:29:21:INFO:          Metrics/motion/error_joint_vel: 24.4578
2026-08-16 02:29:21:INFO:       Episode_Reward/joint_pos_tracking: 0.0145
2026-08-16 02:29:21:INFO:              Episode_Reward/termination: -0.1000
2026-08-16 02:29:21:INFO:           Metrics/motion/error_body_pos: 0.4204
2026-08-16 02:29:21:INFO:           Episode_Reward/body_local_rot: 0.0295
2026-08-16 02:29:21:INFO:         Episode_Reward/root_orientation: 0.0173
2026-08-16 02:29:21:INFO:     Episode_Reward/residual_action_rate: -0.0331
2026-08-16 02:29:21:INFO: Episode_Reward/undesired_self_collision: -0.0011
2026-08-16 02:29:21:INFO:    Metrics/motion/sampling_uniform_mass: 0.2500
2026-08-16 02:29:21:INFO:       Episode_Reward/body_global_linvel: 0.0250
2026-08-16 02:29:21:INFO:         Metrics/motion/error_anchor_pos: 0.6064
2026-08-16 02:29:21:INFO:         Metrics/motion/error_anchor_rot: 1.2404
2026-08-16 02:29:21:INFO: Episode_Termination/torso_ground_contact_too_long: 0.0000
2026-08-16 02:29:21:INFO: Episode_Reward/undesired_ground_contact: -0.0014
2026-08-16 02:29:21:INFO:          Metrics/motion/error_joint_pos: 1.2081
2026-08-16 02:29:21:INFO:  Episode_Reward/torso_world_orientation: 0.0543
2026-08-16 02:29:21:INFO:       Episode_Termination/invalid_state: 0.0000
2026-08-16 02:29:21:INFO: --------------------------------------------------------------------------------
2026-08-16 02:29:21:INFO:                          Iteration time: 7.75s
2026-08-16 02:29:21:INFO:                            Time elapsed: 0:02:54
2026-08-16 02:29:21:INFO:                                     ETA: 13:25:54
2026-08-16 02:29:21:INFO: 
2026-08-16 02:29:30:INFO: ################################################################################
2026-08-16 02:29:30:INFO: [1m                          Learning iteration 36/10000                           [0m
2026-08-16 02:29:30:INFO: 
2026-08-16 02:29:30:INFO:                                Run name: teacher_8gpu_32768env_10000iters
2026-08-16 02:29:30:INFO:                             Total steps: 24248320
2026-08-16 02:29:30:INFO:                        Steps per second: 77256
2026-08-16 02:29:30:INFO:                         Collection time: 6.010s
2026-08-16 02:29:30:INFO:                           Learning time: 2.473s
2026-08-16 02:29:30:INFO:                         Mean value loss: 0.0907
2026-08-16 02:29:30:INFO:                     Mean surrogate loss: -0.0069
2026-08-16 02:29:30:INFO:                       Mean entropy loss: 8.8094
2026-08-16 02:29:30:INFO:                             Mean reward: 2.78
2026-08-16 02:29:30:INFO:                     Mean episode length: 45.50
2026-08-16 02:29:30:INFO:                         Mean action std: 0.43
2026-08-16 02:29:30:INFO:       Episode_Reward/body_global_angvel: 0.0098
2026-08-16 02:29:30:INFO:                Episode_Reward/feet_slip: -0.0103
2026-08-16 02:29:30:INFO:            Episode_Reward/dof_pos_limit: -0.0091
2026-08-16 02:29:30:INFO:           Episode_Reward/body_local_pos: 0.0836
2026-08-16 02:29:30:INFO:        Metrics/motion/sampling_top1_bin: 0.6792
2026-08-16 02:29:30:INFO:       Episode_Reward/torso_world_angvel: 0.0338
2026-08-16 02:29:30:INFO:            Episode_Reward/dof_vel_limit: -0.0199
2026-08-16 02:29:30:INFO:         Episode_Reward/smoothness_joint: -0.0359
2026-08-16 02:29:30:INFO:       Metrics/motion/error_body_ang_vel: 7.9661
2026-08-16 02:29:30:INFO:         Episode_Termination/root_height: 91.6500
2026-08-16 02:29:30:INFO:           Metrics/motion/error_body_rot: 1.1513
2026-08-16 02:29:30:INFO:                 Episode_Reward/root_pos: 0.0137
2026-08-16 02:29:30:INFO:     Metrics/motion/error_anchor_lin_vel: 2.2191
2026-08-16 02:29:30:INFO:       Metrics/motion/error_body_lin_vel: 2.2901
2026-08-16 02:29:30:INFO:           Episode_Reward/penalty_torque: -0.0038
2026-08-16 02:29:30:INFO:       Metrics/motion/sampling_top1_prob: 0.0125
2026-08-16 02:29:30:INFO:         Metrics/motion/sampling_entropy: 0.9942
2026-08-16 02:29:30:INFO:    Episode_Reward/torso_height_tracking: 0.0312
2026-08-16 02:29:30:INFO:            Episode_Termination/time_out: 0.0000
2026-08-16 02:29:30:INFO:       Episode_Reward/joint_vel_tracking: 0.0044
2026-08-16 02:29:30:INFO:     Episode_Reward/feet_height_tracking: 0.0368
2026-08-16 02:29:30:INFO:     Metrics/motion/error_anchor_ang_vel: 4.7658
2026-08-16 02:29:30:INFO:          Metrics/motion/error_joint_vel: 24.2221
2026-08-16 02:29:30:INFO:       Episode_Reward/joint_pos_tracking: 0.0149
2026-08-16 02:29:30:INFO:              Episode_Reward/termination: -0.1000
2026-08-16 02:29:30:INFO:           Metrics/motion/error_body_pos: 0.4220
2026-08-16 02:29:30:INFO:           Episode_Reward/body_local_rot: 0.0308
2026-08-16 02:29:30:INFO:         Episode_Reward/root_orientation: 0.0178
2026-08-16 02:29:30:INFO:     Episode_Reward/residual_action_rate: -0.0333
2026-08-16 02:29:30:INFO: Episode_Reward/undesired_self_collision: -0.0013
2026-08-16 02:29:30:INFO:    Metrics/motion/sampling_uniform_mass: 0.2500
2026-08-16 02:29:30:INFO:       Episode_Reward/body_global_linvel: 0.0258
2026-08-16 02:29:30:INFO:         Metrics/motion/error_anchor_pos: 0.6179
2026-08-16 02:29:30:INFO:         Metrics/motion/error_anchor_rot: 1.2575
2026-08-16 02:29:30:INFO: Episode_Termination/torso_ground_contact_too_long: 0.0000
2026-08-16 02:29:30:INFO: Episode_Reward/undesired_ground_contact: -0.0012
2026-08-16 02:29:30:INFO:          Metrics/motion/error_joint_pos: 1.2039
2026-08-16 02:29:30:INFO:  Episode_Reward/torso_world_orientation: 0.0560
2026-08-16 02:29:30:INFO:       Episode_Termination/invalid_state: 0.0000
2026-08-16 02:29:30:INFO: --------------------------------------------------------------------------------
2026-08-16 02:29:30:INFO:                          Iteration time: 8.48s
2026-08-16 02:29:30:INFO:                            Time elapsed: 0:03:03
2026-08-16 02:29:30:INFO:                                     ETA: 13:42:07
2026-08-16 02:29:30:INFO: 
2026-08-16 02:29:38:INFO: ################################################################################
2026-08-16 02:29:38:INFO: [1m                          Learning iteration 37/10000                           [0m
2026-08-16 02:29:38:INFO: 
2026-08-16 02:29:38:INFO:                                Run name: teacher_8gpu_32768env_10000iters
2026-08-16 02:29:38:INFO:                             Total steps: 24903680
2026-08-16 02:29:38:INFO:                        Steps per second: 86541
2026-08-16 02:29:38:INFO:                         Collection time: 5.049s
2026-08-16 02:29:38:INFO:                           Learning time: 2.523s
2026-08-16 02:29:38:INFO:                         Mean value loss: 0.0879
2026-08-16 02:29:38:INFO:                     Mean surrogate loss: -0.0059
2026-08-16 02:29:38:INFO:                       Mean entropy loss: 8.6213
2026-08-16 02:29:38:INFO:                             Mean reward: 2.82
2026-08-16 02:29:38:INFO:                     Mean episode length: 44.87
2026-08-16 02:29:38:INFO:                         Mean action std: 0.43
2026-08-16 02:29:38:INFO:       Episode_Reward/body_global_angvel: 0.0099
2026-08-16 02:29:38:INFO:                Episode_Reward/feet_slip: -0.0101
2026-08-16 02:29:38:INFO:            Episode_Reward/dof_pos_limit: -0.0088
2026-08-16 02:29:38:INFO:           Episode_Reward/body_local_pos: 0.0833
2026-08-16 02:29:38:INFO:        Metrics/motion/sampling_top1_bin: 0.4552
2026-08-16 02:29:38:INFO:       Episode_Reward/torso_world_angvel: 0.0338
2026-08-16 02:29:38:INFO:            Episode_Reward/dof_vel_limit: -0.0187
2026-08-16 02:29:38:INFO:         Episode_Reward/smoothness_joint: -0.0357
2026-08-16 02:29:38:INFO:       Metrics/motion/error_body_ang_vel: 7.9398
2026-08-16 02:29:38:INFO:         Episode_Termination/root_height: 89.6500
2026-08-16 02:29:38:INFO:           Metrics/motion/error_body_rot: 1.1491
2026-08-16 02:29:38:INFO:                 Episode_Reward/root_pos: 0.0136
2026-08-16 02:29:38:INFO:     Metrics/motion/error_anchor_lin_vel: 2.2323
2026-08-16 02:29:38:INFO:       Metrics/motion/error_body_lin_vel: 2.3026
2026-08-16 02:29:38:INFO:           Episode_Reward/penalty_torque: -0.0037
2026-08-16 02:29:38:INFO:       Metrics/motion/sampling_top1_prob: 0.0125
2026-08-16 02:29:38:INFO:         Metrics/motion/sampling_entropy: 0.9941
2026-08-16 02:29:38:INFO:    Episode_Reward/torso_height_tracking: 0.0313
2026-08-16 02:29:38:INFO:            Episode_Termination/time_out: 0.0000
2026-08-16 02:29:38:INFO:       Episode_Reward/joint_vel_tracking: 0.0044
2026-08-16 02:29:38:INFO:     Episode_Reward/feet_height_tracking: 0.0363
2026-08-16 02:29:38:INFO:     Metrics/motion/error_anchor_ang_vel: 4.7517
2026-08-16 02:29:38:INFO:          Metrics/motion/error_joint_vel: 24.0528
2026-08-16 02:29:38:INFO:       Episode_Reward/joint_pos_tracking: 0.0149
2026-08-16 02:29:38:INFO:              Episode_Reward/termination: -0.1000
2026-08-16 02:29:38:INFO:           Metrics/motion/error_body_pos: 0.4210
2026-08-16 02:29:38:INFO:           Episode_Reward/body_local_rot: 0.0308
2026-08-16 02:29:38:INFO:         Episode_Reward/root_orientation: 0.0177
2026-08-16 02:29:38:INFO:     Episode_Reward/residual_action_rate: -0.0327
2026-08-16 02:29:38:INFO: Episode_Reward/undesired_self_collision: -0.0014
2026-08-16 02:29:38:INFO:    Metrics/motion/sampling_uniform_mass: 0.2500
2026-08-16 02:29:38:INFO:       Episode_Reward/body_global_linvel: 0.0257
2026-08-16 02:29:38:INFO:         Metrics/motion/error_anchor_pos: 0.6178
2026-08-16 02:29:38:INFO:         Metrics/motion/error_anchor_rot: 1.2556
2026-08-16 02:29:38:INFO: Episode_Termination/torso_ground_contact_too_long: 0.0000
2026-08-16 02:29:38:INFO: Episode_Reward/undesired_ground_contact: -0.0014
2026-08-16 02:29:38:INFO:          Metrics/motion/error_joint_pos: 1.1977
2026-08-16 02:29:38:INFO:  Episode_Reward/torso_world_orientation: 0.0558
2026-08-16 02:29:38:INFO:       Episode_Termination/invalid_state: 0.0000
2026-08-16 02:29:38:INFO: --------------------------------------------------------------------------------
2026-08-16 02:29:38:INFO:                          Iteration time: 7.57s
2026-08-16 02:29:38:INFO:                            Time elapsed: 0:03:10
2026-08-16 02:29:38:INFO:                                     ETA: 13:53:29
2026-08-16 02:29:38:INFO: 
2026-08-16 02:29:47:INFO: ################################################################################
2026-08-16 02:29:47:INFO: [1m                          Learning iteration 38/10000                           [0m
2026-08-16 02:29:47:INFO: 
2026-08-16 02:29:47:INFO:                                Run name: teacher_8gpu_32768env_10000iters
2026-08-16 02:29:47:INFO:                             Total steps: 25559040
2026-08-16 02:29:47:INFO:                        Steps per second: 78419
2026-08-16 02:29:47:INFO:                         Collection time: 5.974s
2026-08-16 02:29:47:INFO:                           Learning time: 2.383s
2026-08-16 02:29:47:INFO:                         Mean value loss: 0.0848
2026-08-16 02:29:47:INFO:                     Mean surrogate loss: -0.0061
2026-08-16 02:29:47:INFO:                       Mean entropy loss: 8.4429
2026-08-16 02:29:47:INFO:                             Mean reward: 3.28
2026-08-16 02:29:47:INFO:                     Mean episode length: 46.12
2026-08-16 02:29:47:INFO:                         Mean action std: 0.43
2026-08-16 02:29:47:INFO:       Episode_Reward/body_global_angvel: 0.0103
2026-08-16 02:29:47:INFO:                Episode_Reward/feet_slip: -0.0101
2026-08-16 02:29:47:INFO:            Episode_Reward/dof_pos_limit: -0.0088
2026-08-16 02:29:47:INFO:           Episode_Reward/body_local_pos: 0.0848
2026-08-16 02:29:47:INFO:        Metrics/motion/sampling_top1_bin: 0.6675
2026-08-16 02:29:47:INFO:       Episode_Reward/torso_world_angvel: 0.0344
2026-08-16 02:29:47:INFO:            Episode_Reward/dof_vel_limit: -0.0172
2026-08-16 02:29:47:INFO:         Episode_Reward/smoothness_joint: -0.0357
2026-08-16 02:29:47:INFO:       Metrics/motion/error_body_ang_vel: 7.8869
2026-08-16 02:29:47:INFO:         Episode_Termination/root_height: 83.9000
2026-08-16 02:29:47:INFO:           Metrics/motion/error_body_rot: 1.1553
2026-08-16 02:29:47:INFO:                 Episode_Reward/root_pos: 0.0139
2026-08-16 02:29:47:INFO:     Metrics/motion/error_anchor_lin_vel: 2.2171
2026-08-16 02:29:47:INFO:       Metrics/motion/error_body_lin_vel: 2.2929
2026-08-16 02:29:47:INFO:           Episode_Reward/penalty_torque: -0.0037
2026-08-16 02:29:47:INFO:       Metrics/motion/sampling_top1_prob: 0.0128
2026-08-16 02:29:47:INFO:         Metrics/motion/sampling_entropy: 0.9940
2026-08-16 02:29:47:INFO:    Episode_Reward/torso_height_tracking: 0.0319
2026-08-16 02:29:47:INFO:            Episode_Termination/time_out: 0.0000
2026-08-16 02:29:47:INFO:       Episode_Reward/joint_vel_tracking: 0.0046
2026-08-16 02:29:47:INFO:     Episode_Reward/feet_height_tracking: 0.0370
2026-08-16 02:29:47:INFO:     Metrics/motion/error_anchor_ang_vel: 4.7805
2026-08-16 02:29:47:INFO:          Metrics/motion/error_joint_vel: 23.9591
2026-08-16 02:29:47:INFO:       Episode_Reward/joint_pos_tracking: 0.0152
2026-08-16 02:29:47:INFO:              Episode_Reward/termination: -0.1000
2026-08-16 02:29:47:INFO:           Metrics/motion/error_body_pos: 0.4225
2026-08-16 02:29:47:INFO:           Episode_Reward/body_local_rot: 0.0316
2026-08-16 02:29:47:INFO:         Episode_Reward/root_orientation: 0.0181
2026-08-16 02:29:47:INFO:     Episode_Reward/residual_action_rate: -0.0329
2026-08-16 02:29:47:INFO: Episode_Reward/undesired_self_collision: -0.0008
2026-08-16 02:29:47:INFO:    Metrics/motion/sampling_uniform_mass: 0.2500
2026-08-16 02:29:47:INFO:       Episode_Reward/body_global_linvel: 0.0263
2026-08-16 02:29:47:INFO:         Metrics/motion/error_anchor_pos: 0.6145
2026-08-16 02:29:47:INFO:         Metrics/motion/error_anchor_rot: 1.2797
2026-08-16 02:29:47:INFO: Episode_Termination/torso_ground_contact_too_long: 0.0000
2026-08-16 02:29:47:INFO: Episode_Reward/undesired_ground_contact: -0.0010
2026-08-16 02:29:47:INFO:          Metrics/motion/error_joint_pos: 1.1878
2026-08-16 02:29:47:INFO:  Episode_Reward/torso_world_orientation: 0.0566
2026-08-16 02:29:47:INFO:       Episode_Termination/invalid_state: 0.0000
2026-08-16 02:29:47:INFO: --------------------------------------------------------------------------------
2026-08-16 02:29:47:INFO:                          Iteration time: 8.36s
2026-08-16 02:29:47:INFO:                            Time elapsed: 0:03:19
2026-08-16 02:29:47:INFO:                                     ETA: 14:07:36
2026-08-16 02:29:47:INFO: 
2026-08-16 02:29:55:INFO: ################################################################################
2026-08-16 02:29:55:INFO: [1m                          Learning iteration 39/10000                           [0m
2026-08-16 02:29:55:INFO: 
2026-08-16 02:29:55:INFO:                                Run name: teacher_8gpu_32768env_10000iters
2026-08-16 02:29:55:INFO:                             Total steps: 26214400
2026-08-16 02:29:55:INFO:                        Steps per second: 91405
2026-08-16 02:29:55:INFO:                         Collection time: 4.697s
2026-08-16 02:29:55:INFO:                           Learning time: 2.473s
2026-08-16 02:29:55:INFO:                         Mean value loss: 0.0945
2026-08-16 02:29:55:INFO:                     Mean surrogate loss: -0.0064
2026-08-16 02:29:55:INFO:                       Mean entropy loss: 8.2826
2026-08-16 02:29:55:INFO:                             Mean reward: 3.10
2026-08-16 02:29:55:INFO:                     Mean episode length: 45.12
2026-08-16 02:29:55:INFO:                         Mean action std: 0.42
2026-08-16 02:29:55:INFO:       Episode_Reward/body_global_angvel: 0.0109
2026-08-16 02:29:55:INFO:                Episode_Reward/feet_slip: -0.0103
2026-08-16 02:29:55:INFO:            Episode_Reward/dof_pos_limit: -0.0087
2026-08-16 02:29:55:INFO:           Episode_Reward/body_local_pos: 0.0870
2026-08-16 02:29:55:INFO:        Metrics/motion/sampling_top1_bin: 0.6792
2026-08-16 02:29:55:INFO:       Episode_Reward/torso_world_angvel: 0.0357
2026-08-16 02:29:55:INFO:            Episode_Reward/dof_vel_limit: -0.0166
2026-08-16 02:29:55:INFO:         Episode_Reward/smoothness_joint: -0.0357
2026-08-16 02:29:55:INFO:       Metrics/motion/error_body_ang_vel: 7.8561
2026-08-16 02:29:55:INFO:         Episode_Termination/root_height: 88.9000
2026-08-16 02:29:55:INFO:           Metrics/motion/error_body_rot: 1.1558
2026-08-16 02:29:55:INFO:                 Episode_Reward/root_pos: 0.0141
2026-08-16 02:29:55:INFO:     Metrics/motion/error_anchor_lin_vel: 2.2289
2026-08-16 02:29:55:INFO:       Metrics/motion/error_body_lin_vel: 2.2941
2026-08-16 02:29:55:INFO:           Episode_Reward/penalty_torque: -0.0038
2026-08-16 02:29:55:INFO:       Metrics/motion/sampling_top1_prob: 0.0128
2026-08-16 02:29:55:INFO:         Metrics/motion/sampling_entropy: 0.9940
2026-08-16 02:29:55:INFO:    Episode_Reward/torso_height_tracking: 0.0331
2026-08-16 02:29:55:INFO:            Episode_Termination/time_out: 0.0000
2026-08-16 02:29:55:INFO:       Episode_Reward/joint_vel_tracking: 0.0048
2026-08-16 02:29:55:INFO:     Episode_Reward/feet_height_tracking: 0.0381
2026-08-16 02:29:55:INFO:     Metrics/motion/error_anchor_ang_vel: 4.7094
2026-08-16 02:29:55:INFO:          Metrics/motion/error_joint_vel: 23.9037
2026-08-16 02:29:55:INFO:       Episode_Reward/joint_pos_tracking: 0.0156
2026-08-16 02:29:55:INFO:              Episode_Reward/termination: -0.1000
2026-08-16 02:29:55:INFO:           Metrics/motion/error_body_pos: 0.4227
2026-08-16 02:29:55:INFO:           Episode_Reward/body_local_rot: 0.0329
2026-08-16 02:29:55:INFO:         Episode_Reward/root_orientation: 0.0189
2026-08-16 02:29:55:INFO:     Episode_Reward/residual_action_rate: -0.0333
2026-08-16 02:29:55:INFO: Episode_Reward/undesired_self_collision: -0.0009
2026-08-16 02:29:55:INFO:    Metrics/motion/sampling_uniform_mass: 0.2500
2026-08-16 02:29:55:INFO:       Episode_Reward/body_global_linvel: 0.0274
2026-08-16 02:29:55:INFO:         Metrics/motion/error_anchor_pos: 0.6246
2026-08-16 02:29:55:INFO:         Metrics/motion/error_anchor_rot: 1.2505
2026-08-16 02:29:55:INFO: Episode_Termination/torso_ground_contact_too_long: 0.0000
2026-08-16 02:29:55:INFO: Episode_Reward/undesired_ground_contact: -0.0013
2026-08-16 02:29:55:INFO:          Metrics/motion/error_joint_pos: 1.1818
2026-08-16 02:29:55:INFO:  Episode_Reward/torso_world_orientation: 0.0597
2026-08-16 02:29:55:INFO:       Episode_Termination/invalid_state: 0.0000
2026-08-16 02:29:55:INFO: --------------------------------------------------------------------------------
2026-08-16 02:29:55:INFO:                          Iteration time: 7.17s
2026-08-16 02:29:55:INFO:                            Time elapsed: 0:03:26
2026-08-16 02:29:55:INFO:                                     ETA: 14:16:05
2026-08-16 02:29:55:INFO: 
2026-08-16 02:30:04:INFO: ################################################################################
2026-08-16 02:30:04:INFO: [1m                          Learning iteration 40/10000                           [0m
2026-08-16 02:30:04:INFO: 
2026-08-16 02:30:04:INFO:                                Run name: teacher_8gpu_32768env_10000iters
2026-08-16 02:30:04:INFO:                             Total steps: 26869760
2026-08-16 02:30:04:INFO:                        Steps per second: 81150
2026-08-16 02:30:04:INFO:                         Collection time: 5.710s
2026-08-16 02:30:04:INFO:                           Learning time: 2.365s
2026-08-16 02:30:04:INFO:                         Mean value loss: 0.0953
2026-08-16 02:30:04:INFO:                     Mean surrogate loss: -0.0058
2026-08-16 02:30:04:INFO:                       Mean entropy loss: 8.1201
2026-08-16 02:30:04:INFO:                             Mean reward: 4.07
2026-08-16 02:30:04:INFO:                     Mean episode length: 50.09
2026-08-16 02:30:04:INFO:                         Mean action std: 0.42
2026-08-16 02:30:04:INFO:       Episode_Reward/body_global_angvel: 0.0110
2026-08-16 02:30:04:INFO:                Episode_Reward/feet_slip: -0.0101
2026-08-16 02:30:04:INFO:            Episode_Reward/dof_pos_limit: -0.0087
2026-08-16 02:30:04:INFO:           Episode_Reward/body_local_pos: 0.0871
2026-08-16 02:30:04:INFO:        Metrics/motion/sampling_top1_bin: 0.6792
2026-08-16 02:30:04:INFO:       Episode_Reward/torso_world_angvel: 0.0357
2026-08-16 02:30:04:INFO:            Episode_Reward/dof_vel_limit: -0.0161
2026-08-16 02:30:04:INFO:         Episode_Reward/smoothness_joint: -0.0350
2026-08-16 02:30:04:INFO:       Metrics/motion/error_body_ang_vel: 7.8080
2026-08-16 02:30:04:INFO:         Episode_Termination/root_height: 86.8500
2026-08-16 02:30:04:INFO:           Metrics/motion/error_body_rot: 1.1525
2026-08-16 02:30:04:INFO:                 Episode_Reward/root_pos: 0.0140
2026-08-16 02:30:04:INFO:     Metrics/motion/error_anchor_lin_vel: 2.2336
2026-08-16 02:30:04:INFO:       Metrics/motion/error_body_lin_vel: 2.2948
2026-08-16 02:30:04:INFO:           Episode_Reward/penalty_torque: -0.0038
2026-08-16 02:30:04:INFO:       Metrics/motion/sampling_top1_prob: 0.0129
2026-08-16 02:30:04:INFO:         Metrics/motion/sampling_entropy: 0.9942
2026-08-16 02:30:04:INFO:    Episode_Reward/torso_height_tracking: 0.0331
2026-08-16 02:30:04:INFO:            Episode_Termination/time_out: 0.0000
2026-08-16 02:30:04:INFO:       Episode_Reward/joint_vel_tracking: 0.0048
2026-08-16 02:30:04:INFO:     Episode_Reward/feet_height_tracking: 0.0379
2026-08-16 02:30:04:INFO:     Metrics/motion/error_anchor_ang_vel: 4.7066
2026-08-16 02:30:04:INFO:          Metrics/motion/error_joint_vel: 23.5155
2026-08-16 02:30:04:INFO:       Episode_Reward/joint_pos_tracking: 0.0156
2026-08-16 02:30:04:INFO:              Episode_Reward/termination: -0.1000
2026-08-16 02:30:04:INFO:           Metrics/motion/error_body_pos: 0.4239
2026-08-16 02:30:04:INFO:           Episode_Reward/body_local_rot: 0.0328
2026-08-16 02:30:04:INFO:         Episode_Reward/root_orientation: 0.0191
2026-08-16 02:30:04:INFO:     Episode_Reward/residual_action_rate: -0.0329
2026-08-16 02:30:04:INFO: Episode_Reward/undesired_self_collision: -0.0009
2026-08-16 02:30:04:INFO:    Metrics/motion/sampling_uniform_mass: 0.2500
2026-08-16 02:30:04:INFO:       Episode_Reward/body_global_linvel: 0.0273
2026-08-16 02:30:04:INFO:         Metrics/motion/error_anchor_pos: 0.6359
2026-08-16 02:30:04:INFO:         Metrics/motion/error_anchor_rot: 1.2536
2026-08-16 02:30:04:INFO: Episode_Termination/torso_ground_contact_too_long: 0.0000
2026-08-16 02:30:04:INFO: Episode_Reward/undesired_ground_contact: -0.0015
2026-08-16 02:30:04:INFO:          Metrics/motion/error_joint_pos: 1.1893
2026-08-16 02:30:04:INFO:  Episode_Reward/torso_world_orientation: 0.0602
2026-08-16 02:30:04:INFO:       Episode_Termination/invalid_state: 0.0000
2026-08-16 02:30:04:INFO: --------------------------------------------------------------------------------
2026-08-16 02:30:04:INFO:                          Iteration time: 8.08s
2026-08-16 02:30:04:INFO:                            Time elapsed: 0:03:34
2026-08-16 02:30:04:INFO:                                     ETA: 14:27:49
2026-08-16 02:30:04:INFO: 
2026-08-16 02:30:12:INFO: ################################################################################
2026-08-16 02:30:12:INFO: [1m                          Learning iteration 41/10000                           [0m
2026-08-16 02:30:12:INFO: 
2026-08-16 02:30:12:INFO:                                Run name: teacher_8gpu_32768env_10000iters
2026-08-16 02:30:12:INFO:                             Total steps: 27525120
2026-08-16 02:30:12:INFO:                        Steps per second: 84784
2026-08-16 02:30:12:INFO:                         Collection time: 5.140s
2026-08-16 02:30:12:INFO:                           Learning time: 2.590s
2026-08-16 02:30:12:INFO:                         Mean value loss: 0.1030
2026-08-16 02:30:12:INFO:                     Mean surrogate loss: -0.0066
2026-08-16 02:30:12:INFO:                       Mean entropy loss: 7.8921
2026-08-16 02:30:12:INFO:                             Mean reward: 3.71
2026-08-16 02:30:12:INFO:                     Mean episode length: 49.33
2026-08-16 02:30:12:INFO:                         Mean action std: 0.41
2026-08-16 02:30:12:INFO:       Episode_Reward/body_global_angvel: 0.0111
2026-08-16 02:30:12:INFO:                Episode_Reward/feet_slip: -0.0101
2026-08-16 02:30:12:INFO:            Episode_Reward/dof_pos_limit: -0.0085
2026-08-16 02:30:12:INFO:           Episode_Reward/body_local_pos: 0.0872
2026-08-16 02:30:12:INFO:        Metrics/motion/sampling_top1_bin: 0.6792
2026-08-16 02:30:12:INFO:       Episode_Reward/torso_world_angvel: 0.0356
2026-08-16 02:30:12:INFO:            Episode_Reward/dof_vel_limit: -0.0152
2026-08-16 02:30:12:INFO:         Episode_Reward/smoothness_joint: -0.0352
2026-08-16 02:30:12:INFO:       Metrics/motion/error_body_ang_vel: 7.8990
2026-08-16 02:30:12:INFO:         Episode_Termination/root_height: 86.1500
2026-08-16 02:30:12:INFO:           Metrics/motion/error_body_rot: 1.1622
2026-08-16 02:30:12:INFO:                 Episode_Reward/root_pos: 0.0141
2026-08-16 02:30:12:INFO:     Metrics/motion/error_anchor_lin_vel: 2.2439
2026-08-16 02:30:12:INFO:       Metrics/motion/error_body_lin_vel: 2.3176
2026-08-16 02:30:12:INFO:           Episode_Reward/penalty_torque: -0.0037
2026-08-16 02:30:12:INFO:       Metrics/motion/sampling_top1_prob: 0.0130
2026-08-16 02:30:12:INFO:         Metrics/motion/sampling_entropy: 0.9941
2026-08-16 02:30:12:INFO:    Episode_Reward/torso_height_tracking: 0.0333
2026-08-16 02:30:12:INFO:            Episode_Termination/time_out: 0.0000
2026-08-16 02:30:12:INFO:       Episode_Reward/joint_vel_tracking: 0.0049
2026-08-16 02:30:12:INFO:     Episode_Reward/feet_height_tracking: 0.0381
2026-08-16 02:30:12:INFO:     Metrics/motion/error_anchor_ang_vel: 4.8025
2026-08-16 02:30:12:INFO:          Metrics/motion/error_joint_vel: 23.4914
2026-08-16 02:30:12:INFO:       Episode_Reward/joint_pos_tracking: 0.0157
2026-08-16 02:30:12:INFO:              Episode_Reward/termination: -0.1000
2026-08-16 02:30:12:INFO:           Metrics/motion/error_body_pos: 0.4241
2026-08-16 02:30:12:INFO:           Episode_Reward/body_local_rot: 0.0330
2026-08-16 02:30:12:INFO:         Episode_Reward/root_orientation: 0.0189
2026-08-16 02:30:12:INFO:     Episode_Reward/residual_action_rate: -0.0325
2026-08-16 02:30:12:INFO: Episode_Reward/undesired_self_collision: -0.0006
2026-08-16 02:30:12:INFO:    Metrics/motion/sampling_uniform_mass: 0.2500
2026-08-16 02:30:12:INFO:       Episode_Reward/body_global_linvel: 0.0273
2026-08-16 02:30:12:INFO:         Metrics/motion/error_anchor_pos: 0.6297
2026-08-16 02:30:12:INFO:         Metrics/motion/error_anchor_rot: 1.2728
2026-08-16 02:30:12:INFO: Episode_Termination/torso_ground_contact_too_long: 0.0000
2026-08-16 02:30:12:INFO: Episode_Reward/undesired_ground_contact: -0.0015
2026-08-16 02:30:12:INFO:          Metrics/motion/error_joint_pos: 1.1780
2026-08-16 02:30:12:INFO:  Episode_Reward/torso_world_orientation: 0.0596
2026-08-16 02:30:12:INFO:       Episode_Termination/invalid_state: 0.0000
2026-08-16 02:30:12:INFO: --------------------------------------------------------------------------------
2026-08-16 02:30:12:INFO:                          Iteration time: 7.73s
2026-08-16 02:30:12:INFO:                            Time elapsed: 0:03:42
2026-08-16 02:30:12:INFO:                                     ETA: 14:37:37
2026-08-16 02:30:12:INFO: 
2026-08-16 02:30:20:INFO: ################################################################################
2026-08-16 02:30:20:INFO: [1m                          Learning iteration 42/10000                           [0m
2026-08-16 02:30:20:INFO: 
2026-08-16 02:30:20:INFO:                                Run name: teacher_8gpu_32768env_10000iters
2026-08-16 02:30:20:INFO:                             Total steps: 28180480
2026-08-16 02:30:20:INFO:                        Steps per second: 84658
2026-08-16 02:30:20:INFO:                         Collection time: 5.256s
2026-08-16 02:30:20:INFO:                           Learning time: 2.485s
2026-08-16 02:30:20:INFO:                         Mean value loss: 0.1010
2026-08-16 02:30:20:INFO:                     Mean surrogate loss: -0.0057
2026-08-16 02:30:20:INFO:                       Mean entropy loss: 7.6705
2026-08-16 02:30:20:INFO:                             Mean reward: 3.71
2026-08-16 02:30:20:INFO:                     Mean episode length: 49.37
2026-08-16 02:30:20:INFO:                         Mean action std: 0.41
2026-08-16 02:30:20:INFO:       Episode_Reward/body_global_angvel: 0.0114
2026-08-16 02:30:20:INFO:                Episode_Reward/feet_slip: -0.0100
2026-08-16 02:30:20:INFO:            Episode_Reward/dof_pos_limit: -0.0082
2026-08-16 02:30:20:INFO:           Episode_Reward/body_local_pos: 0.0871
2026-08-16 02:30:20:INFO:        Metrics/motion/sampling_top1_bin: 0.6792
2026-08-16 02:30:20:INFO:       Episode_Reward/torso_world_angvel: 0.0357
2026-08-16 02:30:20:INFO:            Episode_Reward/dof_vel_limit: -0.0147
2026-08-16 02:30:20:INFO:         Episode_Reward/smoothness_joint: -0.0341
2026-08-16 02:30:20:INFO:       Metrics/motion/error_body_ang_vel: 7.7842
2026-08-16 02:30:20:INFO:         Episode_Termination/root_height: 86.9500
2026-08-16 02:30:20:INFO:           Metrics/motion/error_body_rot: 1.1561
2026-08-16 02:30:20:INFO:                 Episode_Reward/root_pos: 0.0142
2026-08-16 02:30:20:INFO:     Metrics/motion/error_anchor_lin_vel: 2.2202
2026-08-16 02:30:20:INFO:       Metrics/motion/error_body_lin_vel: 2.2837
2026-08-16 02:30:20:INFO:           Episode_Reward/penalty_torque: -0.0037
2026-08-16 02:30:20:INFO:       Metrics/motion/sampling_top1_prob: 0.0130
2026-08-16 02:30:20:INFO:         Metrics/motion/sampling_entropy: 0.9941
2026-08-16 02:30:20:INFO:    Episode_Reward/torso_height_tracking: 0.0332
2026-08-16 02:30:20:INFO:            Episode_Termination/time_out: 0.0000
2026-08-16 02:30:20:INFO:       Episode_Reward/joint_vel_tracking: 0.0049
2026-08-16 02:30:20:INFO:     Episode_Reward/feet_height_tracking: 0.0379
2026-08-16 02:30:20:INFO:     Metrics/motion/error_anchor_ang_vel: 4.6897
2026-08-16 02:30:20:INFO:          Metrics/motion/error_joint_vel: 23.3549
2026-08-16 02:30:20:INFO:       Episode_Reward/joint_pos_tracking: 0.0157
2026-08-16 02:30:20:INFO:              Episode_Reward/termination: -0.1000
2026-08-16 02:30:20:INFO:           Metrics/motion/error_body_pos: 0.4232
2026-08-16 02:30:20:INFO:           Episode_Reward/body_local_rot: 0.0334
2026-08-16 02:30:20:INFO:         Episode_Reward/root_orientation: 0.0189
2026-08-16 02:30:20:INFO:     Episode_Reward/residual_action_rate: -0.0319
2026-08-16 02:30:20:INFO: Episode_Reward/undesired_self_collision: -0.0009
2026-08-16 02:30:20:INFO:    Metrics/motion/sampling_uniform_mass: 0.2500
2026-08-16 02:30:20:INFO:       Episode_Reward/body_global_linvel: 0.0273
2026-08-16 02:30:20:INFO:         Metrics/motion/error_anchor_pos: 0.6283
2026-08-16 02:30:20:INFO:         Metrics/motion/error_anchor_rot: 1.2621
2026-08-16 02:30:20:INFO: Episode_Termination/torso_ground_contact_too_long: 0.0000
2026-08-16 02:30:20:INFO: Episode_Reward/undesired_ground_contact: -0.0009
2026-08-16 02:30:20:INFO:          Metrics/motion/error_joint_pos: 1.1828
2026-08-16 02:30:20:INFO:  Episode_Reward/torso_world_orientation: 0.0597
2026-08-16 02:30:21:INFO:       Episode_Termination/invalid_state: 0.0000
2026-08-16 02:30:21:INFO: --------------------------------------------------------------------------------
2026-08-16 02:30:21:INFO:                          Iteration time: 7.74s
2026-08-16 02:30:21:INFO:                            Time elapsed: 0:03:49
2026-08-16 02:30:21:INFO:                                     ETA: 14:47:00
2026-08-16 02:30:21:INFO: 
2026-08-16 02:30:29:INFO: ################################################################################
2026-08-16 02:30:29:INFO: [1m                          Learning iteration 43/10000                           [0m
2026-08-16 02:30:29:INFO: 
2026-08-16 02:30:29:INFO:                                Run name: teacher_8gpu_32768env_10000iters
2026-08-16 02:30:29:INFO:                             Total steps: 28835840
2026-08-16 02:30:29:INFO:                        Steps per second: 80931
2026-08-16 02:30:29:INFO:                         Collection time: 5.603s
2026-08-16 02:30:29:INFO:                           Learning time: 2.494s
2026-08-16 02:30:29:INFO:                         Mean value loss: 0.0938
2026-08-16 02:30:29:INFO:                     Mean surrogate loss: -0.0047
2026-08-16 02:30:29:INFO:                       Mean entropy loss: 7.4352
2026-08-16 02:30:29:INFO:                             Mean reward: 3.60
2026-08-16 02:30:29:INFO:                     Mean episode length: 45.91
2026-08-16 02:30:29:INFO:                         Mean action std: 0.40
2026-08-16 02:30:29:INFO:       Episode_Reward/body_global_angvel: 0.0117
2026-08-16 02:30:29:INFO:                Episode_Reward/feet_slip: -0.0101
2026-08-16 02:30:29:INFO:            Episode_Reward/dof_pos_limit: -0.0082
2026-08-16 02:30:29:INFO:           Episode_Reward/body_local_pos: 0.0881
2026-08-16 02:30:29:INFO:        Metrics/motion/sampling_top1_bin: 0.6792
2026-08-16 02:30:29:INFO:       Episode_Reward/torso_world_angvel: 0.0362
2026-08-16 02:30:29:INFO:            Episode_Reward/dof_vel_limit: -0.0132
2026-08-16 02:30:29:INFO:         Episode_Reward/smoothness_joint: -0.0337
2026-08-16 02:30:29:INFO:       Metrics/motion/error_body_ang_vel: 7.7144
2026-08-16 02:30:29:INFO:         Episode_Termination/root_height: 81.9500
2026-08-16 02:30:29:INFO:           Metrics/motion/error_body_rot: 1.1537
2026-08-16 02:30:29:INFO:                 Episode_Reward/root_pos: 0.0143
2026-08-16 02:30:29:INFO:     Metrics/motion/error_anchor_lin_vel: 2.2173
2026-08-16 02:30:29:INFO:       Metrics/motion/error_body_lin_vel: 2.2823
2026-08-16 02:30:29:INFO:           Episode_Reward/penalty_torque: -0.0037
2026-08-16 02:30:29:INFO:       Metrics/motion/sampling_top1_prob: 0.0130
2026-08-16 02:30:29:INFO:         Metrics/motion/sampling_entropy: 0.9941
2026-08-16 02:30:29:INFO:    Episode_Reward/torso_height_tracking: 0.0336
2026-08-16 02:30:29:INFO:            Episode_Termination/time_out: 0.0000
2026-08-16 02:30:29:INFO:       Episode_Reward/joint_vel_tracking: 0.0050
2026-08-16 02:30:29:INFO:     Episode_Reward/feet_height_tracking: 0.0383
2026-08-16 02:30:29:INFO:     Metrics/motion/error_anchor_ang_vel: 4.7710
2026-08-16 02:30:29:INFO:          Metrics/motion/error_joint_vel: 22.8289
2026-08-16 02:30:29:INFO:       Episode_Reward/joint_pos_tracking: 0.0159
2026-08-16 02:30:29:INFO:              Episode_Reward/termination: -0.1000
2026-08-16 02:30:29:INFO:           Metrics/motion/error_body_pos: 0.4232
2026-08-16 02:30:29:INFO:           Episode_Reward/body_local_rot: 0.0338
2026-08-16 02:30:29:INFO:         Episode_Reward/root_orientation: 0.0191
2026-08-16 02:30:29:INFO:     Episode_Reward/residual_action_rate: -0.0318
2026-08-16 02:30:29:INFO: Episode_Reward/undesired_self_collision: -0.0009
2026-08-16 02:30:29:INFO:    Metrics/motion/sampling_uniform_mass: 0.2500
2026-08-16 02:30:29:INFO:       Episode_Reward/body_global_linvel: 0.0277
2026-08-16 02:30:29:INFO:         Metrics/motion/error_anchor_pos: 0.6265
2026-08-16 02:30:29:INFO:         Metrics/motion/error_anchor_rot: 1.2638
2026-08-16 02:30:29:INFO: Episode_Termination/torso_ground_contact_too_long: 0.0000
2026-08-16 02:30:29:INFO: Episode_Reward/undesired_ground_contact: -0.0012
2026-08-16 02:30:29:INFO:          Metrics/motion/error_joint_pos: 1.1830
2026-08-16 02:30:29:INFO:  Episode_Reward/torso_world_orientation: 0.0609
2026-08-16 02:30:29:INFO:       Episode_Termination/invalid_state: 0.0000
2026-08-16 02:30:29:INFO: --------------------------------------------------------------------------------
2026-08-16 02:30:29:INFO:                          Iteration time: 8.10s
2026-08-16 02:30:29:INFO:                            Time elapsed: 0:03:57
2026-08-16 02:30:29:INFO:                                     ETA: 14:57:17
2026-08-16 02:30:29:INFO: 
2026-08-16 02:30:37:INFO: ################################################################################
2026-08-16 02:30:37:INFO: [1m                          Learning iteration 44/10000                           [0m
2026-08-16 02:30:37:INFO: 
2026-08-16 02:30:37:INFO:                                Run name: teacher_8gpu_32768env_10000iters
2026-08-16 02:30:37:INFO:                             Total steps: 29491200
2026-08-16 02:30:37:INFO:                        Steps per second: 87299
2026-08-16 02:30:37:INFO:                         Collection time: 5.014s
2026-08-16 02:30:37:INFO:                           Learning time: 2.493s
2026-08-16 02:30:37:INFO:                         Mean value loss: 0.0999
2026-08-16 02:30:37:INFO:                     Mean surrogate loss: -0.0045
2026-08-16 02:30:37:INFO:                       Mean entropy loss: 7.2656
2026-08-16 02:30:37:INFO:                             Mean reward: 3.97
2026-08-16 02:30:37:INFO:                     Mean episode length: 49.09
2026-08-16 02:30:37:INFO:                         Mean action std: 0.40
2026-08-16 02:30:37:INFO:       Episode_Reward/body_global_angvel: 0.0124
2026-08-16 02:30:37:INFO:                Episode_Reward/feet_slip: -0.0100
2026-08-16 02:30:37:INFO:            Episode_Reward/dof_pos_limit: -0.0080
2026-08-16 02:30:37:INFO:           Episode_Reward/body_local_pos: 0.0902
2026-08-16 02:30:37:INFO:        Metrics/motion/sampling_top1_bin: 0.6792
2026-08-16 02:30:37:INFO:       Episode_Reward/torso_world_angvel: 0.0372
2026-08-16 02:30:37:INFO:            Episode_Reward/dof_vel_limit: -0.0125
2026-08-16 02:30:37:INFO:         Episode_Reward/smoothness_joint: -0.0336
2026-08-16 02:30:37:INFO:       Metrics/motion/error_body_ang_vel: 7.6822
2026-08-16 02:30:37:INFO:         Episode_Termination/root_height: 83.0000
2026-08-16 02:30:37:INFO:           Metrics/motion/error_body_rot: 1.1545
2026-08-16 02:30:37:INFO:                 Episode_Reward/root_pos: 0.0145
2026-08-16 02:30:37:INFO:     Metrics/motion/error_anchor_lin_vel: 2.2472
2026-08-16 02:30:37:INFO:       Metrics/motion/error_body_lin_vel: 2.3094
2026-08-16 02:30:37:INFO:           Episode_Reward/penalty_torque: -0.0037
2026-08-16 02:30:37:INFO:       Metrics/motion/sampling_top1_prob: 0.0129
2026-08-16 02:30:37:INFO:         Metrics/motion/sampling_entropy: 0.9941
2026-08-16 02:30:37:INFO:    Episode_Reward/torso_height_tracking: 0.0350
2026-08-16 02:30:37:INFO:            Episode_Termination/time_out: 0.0000
2026-08-16 02:30:37:INFO:       Episode_Reward/joint_vel_tracking: 0.0053
2026-08-16 02:30:37:INFO:     Episode_Reward/feet_height_tracking: 0.0394
2026-08-16 02:30:37:INFO:     Metrics/motion/error_anchor_ang_vel: 4.7499
2026-08-16 02:30:37:INFO:          Metrics/motion/error_joint_vel: 22.6715
2026-08-16 02:30:37:INFO:       Episode_Reward/joint_pos_tracking: 0.0163
2026-08-16 02:30:37:INFO:              Episode_Reward/termination: -0.1000
2026-08-16 02:30:37:INFO:           Metrics/motion/error_body_pos: 0.4236
2026-08-16 02:30:37:INFO:           Episode_Reward/body_local_rot: 0.0348
2026-08-16 02:30:37:INFO:         Episode_Reward/root_orientation: 0.0197
2026-08-16 02:30:37:INFO:     Episode_Reward/residual_action_rate: -0.0320
2026-08-16 02:30:37:INFO: Episode_Reward/undesired_self_collision: -0.0008
2026-08-16 02:30:37:INFO:    Metrics/motion/sampling_uniform_mass: 0.2500
2026-08-16 02:30:37:INFO:       Episode_Reward/body_global_linvel: 0.0286
2026-08-16 02:30:37:INFO:         Metrics/motion/error_anchor_pos: 0.6378
2026-08-16 02:30:37:INFO:         Metrics/motion/error_anchor_rot: 1.2821
2026-08-16 02:30:37:INFO: Episode_Termination/torso_ground_contact_too_long: 0.0000
2026-08-16 02:30:37:INFO: Episode_Reward/undesired_ground_contact: -0.0011
2026-08-16 02:30:37:INFO:          Metrics/motion/error_joint_pos: 1.1822
2026-08-16 02:30:37:INFO:  Episode_Reward/torso_world_orientation: 0.0627
2026-08-16 02:30:37:INFO:       Episode_Termination/invalid_state: 0.0000
2026-08-16 02:30:37:INFO: --------------------------------------------------------------------------------
2026-08-16 02:30:37:INFO:                          Iteration time: 7.51s
2026-08-16 02:30:37:INFO:                            Time elapsed: 0:04:05
2026-08-16 02:30:37:INFO:                                     ETA: 15:04:56
2026-08-16 02:30:37:INFO: 
2026-08-16 02:30:47:INFO: ################################################################################
2026-08-16 02:30:47:INFO: [1m                          Learning iteration 45/10000                           [0m
2026-08-16 02:30:47:INFO: 
2026-08-16 02:30:47:INFO:                                Run name: teacher_8gpu_32768env_10000iters
2026-08-16 02:30:47:INFO:                             Total steps: 30146560
2026-08-16 02:30:47:INFO:                        Steps per second: 76404
2026-08-16 02:30:47:INFO:                         Collection time: 6.149s
2026-08-16 02:30:47:INFO:                           Learning time: 2.429s
2026-08-16 02:30:47:INFO:                         Mean value loss: 0.1064
2026-08-16 02:30:47:INFO:                     Mean surrogate loss: -0.0053
2026-08-16 02:30:47:INFO:                       Mean entropy loss: 7.0656
2026-08-16 02:30:47:INFO:                             Mean reward: 3.83
2026-08-16 02:30:47:INFO:                     Mean episode length: 48.33
2026-08-16 02:30:47:INFO:                         Mean action std: 0.40
2026-08-16 02:30:47:INFO:       Episode_Reward/body_global_angvel: 0.0128
2026-08-16 02:30:47:INFO:                Episode_Reward/feet_slip: -0.0102
2026-08-16 02:30:47:INFO:            Episode_Reward/dof_pos_limit: -0.0080
2026-08-16 02:30:47:INFO:           Episode_Reward/body_local_pos: 0.0918
2026-08-16 02:30:47:INFO:        Metrics/motion/sampling_top1_bin: 0.6792
2026-08-16 02:30:47:INFO:       Episode_Reward/torso_world_angvel: 0.0381
2026-08-16 02:30:47:INFO:            Episode_Reward/dof_vel_limit: -0.0116
2026-08-16 02:30:47:INFO:         Episode_Reward/smoothness_joint: -0.0343
2026-08-16 02:30:47:INFO:       Metrics/motion/error_body_ang_vel: 7.5224
2026-08-16 02:30:47:INFO:         Episode_Termination/root_height: 82.8500
2026-08-16 02:30:47:INFO:           Metrics/motion/error_body_rot: 1.1558
2026-08-16 02:30:47:INFO:                 Episode_Reward/root_pos: 0.0145
2026-08-16 02:30:47:INFO:     Metrics/motion/error_anchor_lin_vel: 2.2297
2026-08-16 02:30:47:INFO:       Metrics/motion/error_body_lin_vel: 2.2813
2026-08-16 02:30:47:INFO:           Episode_Reward/penalty_torque: -0.0038
2026-08-16 02:30:47:INFO:       Metrics/motion/sampling_top1_prob: 0.0129
2026-08-16 02:30:47:INFO:         Metrics/motion/sampling_entropy: 0.9940
2026-08-16 02:30:47:INFO:    Episode_Reward/torso_height_tracking: 0.0355
2026-08-16 02:30:47:INFO:            Episode_Termination/time_out: 0.0000
2026-08-16 02:30:47:INFO:       Episode_Reward/joint_vel_tracking: 0.0054
2026-08-16 02:30:47:INFO:     Episode_Reward/feet_height_tracking: 0.0401
2026-08-16 02:30:47:INFO:     Metrics/motion/error_anchor_ang_vel: 4.5909
2026-08-16 02:30:47:INFO:          Metrics/motion/error_joint_vel: 22.4899
2026-08-16 02:30:47:INFO:       Episode_Reward/joint_pos_tracking: 0.0166
2026-08-16 02:30:47:INFO:              Episode_Reward/termination: -0.1000
2026-08-16 02:30:47:INFO:           Metrics/motion/error_body_pos: 0.4241
2026-08-16 02:30:47:INFO:           Episode_Reward/body_local_rot: 0.0357
2026-08-16 02:30:47:INFO:         Episode_Reward/root_orientation: 0.0203
2026-08-16 02:30:47:INFO:     Episode_Reward/residual_action_rate: -0.0321
2026-08-16 02:30:47:INFO: Episode_Reward/undesired_self_collision: -0.0009
2026-08-16 02:30:47:INFO:    Metrics/motion/sampling_uniform_mass: 0.2500
2026-08-16 02:30:47:INFO:       Episode_Reward/body_global_linvel: 0.0293
2026-08-16 02:30:47:INFO:         Metrics/motion/error_anchor_pos: 0.6443
2026-08-16 02:30:47:INFO:         Metrics/motion/error_anchor_rot: 1.2546
2026-08-16 02:30:47:INFO: Episode_Termination/torso_ground_contact_too_long: 0.0000
2026-08-16 02:30:47:INFO: Episode_Reward/undesired_ground_contact: -0.0012
2026-08-16 02:30:47:INFO:          Metrics/motion/error_joint_pos: 1.1735
2026-08-16 02:30:47:INFO:  Episode_Reward/torso_world_orientation: 0.0647
2026-08-16 02:30:47:INFO:       Episode_Termination/invalid_state: 0.0000
2026-08-16 02:30:47:INFO: --------------------------------------------------------------------------------
2026-08-16 02:30:47:INFO:                          Iteration time: 8.58s
2026-08-16 02:30:47:INFO:                            Time elapsed: 0:04:14
2026-08-16 02:30:47:INFO:                                     ETA: 15:16:07
2026-08-16 02:30:47:INFO: 
2026-08-16 02:30:55:INFO: ################################################################################
2026-08-16 02:30:55:INFO: [1m                          Learning iteration 46/10000                           [0m
2026-08-16 02:30:55:INFO: 
2026-08-16 02:30:55:INFO:                                Run name: teacher_8gpu_32768env_10000iters
2026-08-16 02:30:55:INFO:                             Total steps: 30801920
2026-08-16 02:30:55:INFO:                        Steps per second: 85398
2026-08-16 02:30:55:INFO:                         Collection time: 5.111s
2026-08-16 02:30:55:INFO:                           Learning time: 2.564s
2026-08-16 02:30:55:INFO:                         Mean value loss: 0.1193
2026-08-16 02:30:55:INFO:                     Mean surrogate loss: -0.0050
2026-08-16 02:30:55:INFO:                       Mean entropy loss: 6.9163
2026-08-16 02:30:55:INFO:                             Mean reward: 3.23
2026-08-16 02:30:55:INFO:                     Mean episode length: 44.59
2026-08-16 02:30:55:INFO:                         Mean action std: 0.39
2026-08-16 02:30:55:INFO:       Episode_Reward/body_global_angvel: 0.0129
2026-08-16 02:30:55:INFO:                Episode_Reward/feet_slip: -0.0098
2026-08-16 02:30:55:INFO:            Episode_Reward/dof_pos_limit: -0.0077
2026-08-16 02:30:55:INFO:           Episode_Reward/body_local_pos: 0.0909
2026-08-16 02:30:55:INFO:        Metrics/motion/sampling_top1_bin: 0.6792
2026-08-16 02:30:55:INFO:       Episode_Reward/torso_world_angvel: 0.0376
2026-08-16 02:30:55:INFO:            Episode_Reward/dof_vel_limit: -0.0109
2026-08-16 02:30:55:INFO:         Episode_Reward/smoothness_joint: -0.0328
2026-08-16 02:30:55:INFO:       Metrics/motion/error_body_ang_vel: 7.6418
2026-08-16 02:30:55:INFO:         Episode_Termination/root_height: 82.5000
2026-08-16 02:30:55:INFO:           Metrics/motion/error_body_rot: 1.1548
2026-08-16 02:30:55:INFO:                 Episode_Reward/root_pos: 0.0147
2026-08-16 02:30:55:INFO:     Metrics/motion/error_anchor_lin_vel: 2.2446
2026-08-16 02:30:55:INFO:       Metrics/motion/error_body_lin_vel: 2.3121
2026-08-16 02:30:55:INFO:           Episode_Reward/penalty_torque: -0.0037
2026-08-16 02:30:55:INFO:       Metrics/motion/sampling_top1_prob: 0.0127
2026-08-16 02:30:55:INFO:         Metrics/motion/sampling_entropy: 0.9940
2026-08-16 02:30:55:INFO:    Episode_Reward/torso_height_tracking: 0.0354
2026-08-16 02:30:55:INFO:            Episode_Termination/time_out: 0.0000
2026-08-16 02:30:55:INFO:       Episode_Reward/joint_vel_tracking: 0.0054
2026-08-16 02:30:55:INFO:     Episode_Reward/feet_height_tracking: 0.0396
2026-08-16 02:30:55:INFO:     Metrics/motion/error_anchor_ang_vel: 4.7505
2026-08-16 02:30:55:INFO:          Metrics/motion/error_joint_vel: 22.4928
2026-08-16 02:30:55:INFO:       Episode_Reward/joint_pos_tracking: 0.0164
2026-08-16 02:30:55:INFO:              Episode_Reward/termination: -0.1000
2026-08-16 02:30:55:INFO:           Metrics/motion/error_body_pos: 0.4233
2026-08-16 02:30:55:INFO:           Episode_Reward/body_local_rot: 0.0358
2026-08-16 02:30:55:INFO:         Episode_Reward/root_orientation: 0.0201
2026-08-16 02:30:55:INFO:     Episode_Reward/residual_action_rate: -0.0313
2026-08-16 02:30:55:INFO: Episode_Reward/undesired_self_collision: -0.0007
2026-08-16 02:30:55:INFO:    Metrics/motion/sampling_uniform_mass: 0.2500
2026-08-16 02:30:55:INFO:       Episode_Reward/body_global_linvel: 0.0291
2026-08-16 02:30:55:INFO:         Metrics/motion/error_anchor_pos: 0.6349
2026-08-16 02:30:55:INFO:         Metrics/motion/error_anchor_rot: 1.2627
2026-08-16 02:30:55:INFO: Episode_Termination/torso_ground_contact_too_long: 0.0000
2026-08-16 02:30:55:INFO: Episode_Reward/undesired_ground_contact: -0.0007
2026-08-16 02:30:55:INFO:          Metrics/motion/error_joint_pos: 1.1704
2026-08-16 02:30:55:INFO:  Episode_Reward/torso_world_orientation: 0.0644
2026-08-16 02:30:55:INFO:       Episode_Termination/invalid_state: 0.0000
2026-08-16 02:30:55:INFO: --------------------------------------------------------------------------------
2026-08-16 02:30:55:INFO:                          Iteration time: 7.67s
2026-08-16 02:30:55:INFO:                            Time elapsed: 0:04:21
2026-08-16 02:30:55:INFO:                                     ETA: 15:23:37
2026-08-16 02:30:55:INFO: 
2026-08-16 02:31:04:INFO: ################################################################################
2026-08-16 02:31:04:INFO: [1m                          Learning iteration 47/10000                           [0m
2026-08-16 02:31:04:INFO: 
2026-08-16 02:31:04:INFO:                                Run name: teacher_8gpu_32768env_10000iters
2026-08-16 02:31:04:INFO:                             Total steps: 31457280
2026-08-16 02:31:04:INFO:                        Steps per second: 78217
2026-08-16 02:31:04:INFO:                         Collection time: 5.965s
2026-08-16 02:31:04:INFO:                           Learning time: 2.414s
2026-08-16 02:31:04:INFO:                         Mean value loss: 0.1142
2026-08-16 02:31:04:INFO:                     Mean surrogate loss: -0.0043
2026-08-16 02:31:04:INFO:                       Mean entropy loss: 6.7816
2026-08-16 02:31:04:INFO:                             Mean reward: 4.04
2026-08-16 02:31:04:INFO:                     Mean episode length: 49.07
2026-08-16 02:31:04:INFO:                         Mean action std: 0.39
2026-08-16 02:31:04:INFO:       Episode_Reward/body_global_angvel: 0.0129
2026-08-16 02:31:04:INFO:                Episode_Reward/feet_slip: -0.0097
2026-08-16 02:31:04:INFO:            Episode_Reward/dof_pos_limit: -0.0079
2026-08-16 02:31:04:INFO:           Episode_Reward/body_local_pos: 0.0908
2026-08-16 02:31:04:INFO:        Metrics/motion/sampling_top1_bin: 0.6792
2026-08-16 02:31:04:INFO:       Episode_Reward/torso_world_angvel: 0.0375
2026-08-16 02:31:04:INFO:            Episode_Reward/dof_vel_limit: -0.0114
2026-08-16 02:31:04:INFO:         Episode_Reward/smoothness_joint: -0.0329
2026-08-16 02:31:04:INFO:       Metrics/motion/error_body_ang_vel: 7.6380
2026-08-16 02:31:04:INFO:         Episode_Termination/root_height: 82.0000
2026-08-16 02:31:04:INFO:           Metrics/motion/error_body_rot: 1.1655
2026-08-16 02:31:04:INFO:                 Episode_Reward/root_pos: 0.0146
2026-08-16 02:31:04:INFO:     Metrics/motion/error_anchor_lin_vel: 2.2450
2026-08-16 02:31:04:INFO:       Metrics/motion/error_body_lin_vel: 2.3112
2026-08-16 02:31:04:INFO:           Episode_Reward/penalty_torque: -0.0037
2026-08-16 02:31:04:INFO:       Metrics/motion/sampling_top1_prob: 0.0127
2026-08-16 02:31:04:INFO:         Metrics/motion/sampling_entropy: 0.9939
2026-08-16 02:31:04:INFO:    Episode_Reward/torso_height_tracking: 0.0352
2026-08-16 02:31:04:INFO:            Episode_Termination/time_out: 0.0000
2026-08-16 02:31:04:INFO:       Episode_Reward/joint_vel_tracking: 0.0054
2026-08-16 02:31:04:INFO:     Episode_Reward/feet_height_tracking: 0.0395
2026-08-16 02:31:04:INFO:     Metrics/motion/error_anchor_ang_vel: 4.8126
2026-08-16 02:31:04:INFO:          Metrics/motion/error_joint_vel: 22.5759
2026-08-16 02:31:04:INFO:       Episode_Reward/joint_pos_tracking: 0.0164
2026-08-16 02:31:04:INFO:              Episode_Reward/termination: -0.1000
2026-08-16 02:31:04:INFO:           Metrics/motion/error_body_pos: 0.4263
2026-08-16 02:31:04:INFO:           Episode_Reward/body_local_rot: 0.0355
2026-08-16 02:31:04:INFO:         Episode_Reward/root_orientation: 0.0201
2026-08-16 02:31:04:INFO:     Episode_Reward/residual_action_rate: -0.0309
2026-08-16 02:31:04:INFO: Episode_Reward/undesired_self_collision: -0.0006
2026-08-16 02:31:04:INFO:    Metrics/motion/sampling_uniform_mass: 0.2500
2026-08-16 02:31:04:INFO:       Episode_Reward/body_global_linvel: 0.0288
2026-08-16 02:31:04:INFO:         Metrics/motion/error_anchor_pos: 0.6411
2026-08-16 02:31:04:INFO:         Metrics/motion/error_anchor_rot: 1.2619
2026-08-16 02:31:04:INFO: Episode_Termination/torso_ground_contact_too_long: 0.0000
2026-08-16 02:31:04:INFO: Episode_Reward/undesired_ground_contact: -0.0010
2026-08-16 02:31:04:INFO:          Metrics/motion/error_joint_pos: 1.1727
2026-08-16 02:31:04:INFO:  Episode_Reward/torso_world_orientation: 0.0641
2026-08-16 02:31:04:INFO:       Episode_Termination/invalid_state: 0.0000
2026-08-16 02:31:04:INFO: --------------------------------------------------------------------------------
2026-08-16 02:31:04:INFO:                          Iteration time: 8.38s
2026-08-16 02:31:04:INFO:                            Time elapsed: 0:04:30
2026-08-16 02:31:04:INFO:                                     ETA: 15:33:14
2026-08-16 02:31:04:INFO: 
2026-08-16 02:31:12:INFO: ################################################################################
2026-08-16 02:31:12:INFO: [1m                          Learning iteration 48/10000                           [0m
2026-08-16 02:31:12:INFO: 
2026-08-16 02:31:12:INFO:                                Run name: teacher_8gpu_32768env_10000iters
2026-08-16 02:31:12:INFO:                             Total steps: 32112640
2026-08-16 02:31:12:INFO:                        Steps per second: 86269
2026-08-16 02:31:12:INFO:                         Collection time: 5.036s
2026-08-16 02:31:12:INFO:                           Learning time: 2.561s
2026-08-16 02:31:12:INFO:                         Mean value loss: 0.1101
2026-08-16 02:31:12:INFO:                     Mean surrogate loss: -0.0045
2026-08-16 02:31:12:INFO:                       Mean entropy loss: 6.5955
2026-08-16 02:31:12:INFO:                             Mean reward: 3.80
2026-08-16 02:31:12:INFO:                     Mean episode length: 46.67
2026-08-16 02:31:12:INFO:                         Mean action std: 0.39
2026-08-16 02:31:12:INFO:       Episode_Reward/body_global_angvel: 0.0134
2026-08-16 02:31:12:INFO:                Episode_Reward/feet_slip: -0.0096
2026-08-16 02:31:12:INFO:            Episode_Reward/dof_pos_limit: -0.0077
2026-08-16 02:31:12:INFO:           Episode_Reward/body_local_pos: 0.0922
2026-08-16 02:31:12:INFO:        Metrics/motion/sampling_top1_bin: 0.6792
2026-08-16 02:31:12:INFO:       Episode_Reward/torso_world_angvel: 0.0383
2026-08-16 02:31:12:INFO:            Episode_Reward/dof_vel_limit: -0.0103
2026-08-16 02:31:12:INFO:         Episode_Reward/smoothness_joint: -0.0321
2026-08-16 02:31:12:INFO:       Metrics/motion/error_body_ang_vel: 7.6178
2026-08-16 02:31:12:INFO:         Episode_Termination/root_height: 84.2500
2026-08-16 02:31:12:INFO:           Metrics/motion/error_body_rot: 1.1617
2026-08-16 02:31:12:INFO:                 Episode_Reward/root_pos: 0.0148
2026-08-16 02:31:12:INFO:     Metrics/motion/error_anchor_lin_vel: 2.2389
2026-08-16 02:31:12:INFO:       Metrics/motion/error_body_lin_vel: 2.2974
2026-08-16 02:31:12:INFO:           Episode_Reward/penalty_torque: -0.0037
2026-08-16 02:31:12:INFO:       Metrics/motion/sampling_top1_prob: 0.0128
2026-08-16 02:31:12:INFO:         Metrics/motion/sampling_entropy: 0.9938
2026-08-16 02:31:12:INFO:    Episode_Reward/torso_height_tracking: 0.0359
2026-08-16 02:31:12:INFO:            Episode_Termination/time_out: 0.0000
2026-08-16 02:31:12:INFO:       Episode_Reward/joint_vel_tracking: 0.0056
2026-08-16 02:31:12:INFO:     Episode_Reward/feet_height_tracking: 0.0400
2026-08-16 02:31:12:INFO:     Metrics/motion/error_anchor_ang_vel: 4.7407
2026-08-16 02:31:12:INFO:          Metrics/motion/error_joint_vel: 22.2470
2026-08-16 02:31:12:INFO:       Episode_Reward/joint_pos_tracking: 0.0167
2026-08-16 02:31:12:INFO:              Episode_Reward/termination: -0.1000
2026-08-16 02:31:12:INFO:           Metrics/motion/error_body_pos: 0.4243
2026-08-16 02:31:12:INFO:           Episode_Reward/body_local_rot: 0.0364
2026-08-16 02:31:12:INFO:         Episode_Reward/root_orientation: 0.0205
2026-08-16 02:31:12:INFO:     Episode_Reward/residual_action_rate: -0.0310
2026-08-16 02:31:12:INFO: Episode_Reward/undesired_self_collision: -0.0009
2026-08-16 02:31:12:INFO:    Metrics/motion/sampling_uniform_mass: 0.2500
2026-08-16 02:31:12:INFO:       Episode_Reward/body_global_linvel: 0.0295
2026-08-16 02:31:12:INFO:         Metrics/motion/error_anchor_pos: 0.6457
2026-08-16 02:31:12:INFO:         Metrics/motion/error_anchor_rot: 1.2741
2026-08-16 02:31:12:INFO: Episode_Termination/torso_ground_contact_too_long: 0.0000
2026-08-16 02:31:12:INFO: Episode_Reward/undesired_ground_contact: -0.0014
2026-08-16 02:31:12:INFO:          Metrics/motion/error_joint_pos: 1.1739
2026-08-16 02:31:12:INFO:  Episode_Reward/torso_world_orientation: 0.0658
2026-08-16 02:31:12:INFO:       Episode_Termination/invalid_state: 0.0000
2026-08-16 02:31:12:INFO: --------------------------------------------------------------------------------
2026-08-16 02:31:12:INFO:                          Iteration time: 7.60s
2026-08-16 02:31:12:INFO:                            Time elapsed: 0:04:37
2026-08-16 02:31:12:INFO:                                     ETA: 15:39:49
2026-08-16 02:31:12:INFO: 
